Age,Gender,Educational Qualification,Location,Tenure,Monthly Salary,Incentive Earnings,Attendance %,Leave Utilization,Distance from Workplace,Number of Transfers,Performance Rating,Training Hours,Promotion History,Manager Effectiveness Score,Employee Engagement Score,Overtime Hours,Previous Attrition Label
50,Female,Bachelors,Rajshahi,6,96271,13699.26,95.47,23,26,1,1,72,3,1,6,39,Yes
36,Male,Bachelors,Khulna,3,34158,6806.47,84.08,5,13,3,2,21,2,5,8,40,No
29,Male,Bachelors,Barisal,13,46087,3533.17,79.86,12,22,0,2,79,0,2,2,33,Yes
42,Female,Bachelors,Rajshahi,7,103114,13607.25,84.13,18,22,4,3,93,1,6,6,19,No
40,Female,Bachelors,Khulna,14,34874,2370.01,80.36,20,14,3,5,28,3,4,6,1,No
44,Female,Masters,Rajshahi,4,98443,18717.51,87.99,8,23,0,1,89,0,9,1,7,No
32,Female,Bachelors,Chittagong,3,55821,5233.96,91.71,22,12,1,5,13,3,7,9,17,No
32,Female,High School,Rajshahi,14,130675,23750.31,94.99,18,11,4,5,91,2,2,8,6,Yes
45,Male,Masters,Dhaka,7,75582,6988.42,80.69,13,1,3,4,14,0,7,4,42,Yes
57,Male,Bachelors,Rajshahi,11,137603,23517.44,79.17,19,27,1,4,63,3,10,7,30,No
45,Female,Bachelors,Khulna,11,84381,6869.22,75.49,7,3,3,1,79,0,8,4,21,No
24,Male,Bachelors,Barisal,7,126800,11908.85,80.7,8,12,1,1,66,0,3,8,27,No
43,Female,Bachelors,Barisal,4,145805,11499.83,75.6,22,9,3,2,87,2,3,10,24,No
23,Male,Bachelors,Sylhet,12,97018,8696.59,83.64,18,2,0,1,61,2,2,2,0,Yes
45,Male,Masters,Rajshahi,7,115592,20255.17,78.64,19,14,2,2,27,2,1,2,31,Yes
51,Male,High School,Barisal,11,106626,15551.92,89.5,12,5,0,2,73,1,3,3,24,No
59,Female,Bachelors,Rajshahi,14,101217,11223.14,84.59,14,3,4,1,19,3,10,4,47,Yes
23,Female,Masters,Barisal,2,87799,17184.74,77.34,16,12,3,2,32,2,7,6,15,No
42,Female,PhD,Rajshahi,1,77185,9241.3,85.0,13,12,2,5,91,1,9,5,28,No
54,Male,Bachelors,Khulna,12,56538,11051.14,80.23,12,29,2,2,77,1,9,10,41,Yes
33,Male,Bachelors,Rajshahi,2,35343,2809.35,92.0,21,21,4,5,61,3,6,10,23,No
43,Female,Bachelors,Khulna,4,135026,25073.76,84.11,13,7,4,5,56,3,6,7,16,No
46,Female,Masters,Khulna,8,68106,3546.51,78.68,17,1,2,5,79,2,5,6,41,Yes
48,Male,Masters,Sylhet,3,129322,17044.06,83.74,18,3,4,3,35,1,2,4,5,Yes
49,Female,High School,Barisal,10,96227,10917.71,80.61,9,11,4,3,79,3,7,10,13,No
37,Male,Bachelors,Dhaka,6,57135,7356.88,94.89,13,13,3,2,52,3,1,9,25,Yes
36,Male,Bachelors,Khulna,6,134599,17903.92,99.58,20,22,0,1,78,3,6,7,27,No
24,Male,Masters,Barisal,13,98470,10669.69,75.64,23,23,1,2,72,3,4,1,46,Yes
58,Female,Bachelors,Chittagong,9,35910,7172.29,92.25,11,10,2,3,87,1,3,8,35,No
28,Female,Bachelors,Rajshahi,9,60950,11975.22,81.6,16,19,1,4,75,0,1,4,30,No
42,Male,PhD,Chittagong,4,31225,6065.82,76.66,6,4,2,4,72,3,6,7,26,No
30,Female,High School,Rajshahi,9,47959,9441.34,75.36,22,22,2,2,22,1,7,2,1,No
39,Male,Bachelors,Sylhet,13,64192,10845.36,97.03,22,5,0,3,60,3,1,3,18,No
25,Male,Bachelors,Khulna,6,94711,18780.11,83.84,20,11,2,5,14,1,1,1,27,No
46,Male,Bachelors,Dhaka,2,18449,3391.92,99.86,15,9,2,3,56,2,7,2,44,Yes
35,Male,High School,Khulna,10,119213,13398.34,86.06,6,13,0,2,45,0,6,5,43,Yes
30,Male,High School,Rajshahi,14,115245,19328.5,79.69,18,28,4,3,45,1,7,2,20,No
47,Female,Bachelors,Dhaka,11,112069,20935.63,94.43,8,17,1,4,59,1,8,6,44,Yes
23,Female,Masters,Khulna,6,38908,6104.31,98.16,11,15,2,5,65,1,8,6,14,No
41,Male,Bachelors,Dhaka,2,119847,13592.73,95.39,6,13,0,2,28,3,9,6,33,No
49,Male,Bachelors,Rajshahi,8,135910,8136.73,93.63,18,21,2,2,29,2,9,3,39,No
28,Male,Bachelors,Sylhet,4,29012,4974.24,83.37,11,11,0,1,31,3,7,3,2,No
29,Male,Masters,Sylhet,5,32412,6252.65,76.61,13,1,1,5,40,2,9,10,0,No
56,Male,Masters,Khulna,8,125030,13049.32,80.03,12,8,3,2,71,0,6,7,23,No
35,Female,Bachelors,Chittagong,14,39657,2886.47,86.17,13,23,4,3,53,3,9,4,42,Yes
38,Male,Bachelors,Rajshahi,11,20656,2044.44,98.9,11,5,3,3,77,1,2,6,26,Yes
57,Female,High School,Khulna,8,30873,4241.75,93.07,23,22,0,3,76,0,2,8,8,No
25,Female,High School,Khulna,12,109485,10679.1,95.71,21,16,2,3,98,3,6,3,23,No
23,Male,Bachelors,Sylhet,14,124383,17611.74,81.93,17,4,4,2,58,2,3,9,16,No
27,Female,Masters,Dhaka,12,16607,3238.83,92.1,15,25,1,4,68,3,2,9,27,Yes
25,Female,Masters,Rajshahi,6,63447,9555.76,96.56,22,19,4,5,13,3,8,3,38,No
50,Female,Bachelors,Dhaka,4,64757,6760.56,86.99,21,18,2,3,48,1,7,6,3,No
39,Male,Masters,Barisal,1,84201,16028.75,85.75,20,23,3,2,16,1,8,5,28,No
47,Male,Masters,Barisal,12,143765,19386.03,92.99,14,29,0,2,80,0,6,4,44,Yes
55,Male,Bachelors,Rajshahi,7,20462,1417.11,89.0,8,2,3,3,58,1,9,8,27,No
31,Male,Bachelors,Chittagong,8,131832,16458.85,99.83,8,13,4,1,98,3,9,10,36,No
57,Male,Masters,Barisal,9,63465,9395.71,85.63,15,16,2,2,24,3,2,9,28,Yes
35,Female,Bachelors,Sylhet,2,105027,18457.25,79.4,12,22,0,5,16,2,10,9,43,Yes
52,Male,Masters,Chittagong,1,65528,12481.22,86.8,13,27,2,5,56,3,5,5,28,No
36,Female,PhD,Khulna,4,51230,5000.68,80.88,20,8,2,1,77,0,9,5,4,No
29,Female,Bachelors,Barisal,13,63242,4637.34,89.03,14,19,4,2,54,0,3,3,10,No
35,Male,Masters,Sylhet,5,129688,7920.6,78.14,13,3,3,1,28,1,5,9,1,No
44,Male,Masters,Khulna,10,16783,2697.92,98.75,7,19,2,2,56,2,8,1,3,Yes
42,Female,Bachelors,Chittagong,12,43390,7344.79,96.5,6,17,2,2,62,3,2,3,9,Yes
37,Female,Bachelors,Rajshahi,1,87102,9703.68,78.89,13,9,2,1,36,1,6,7,38,No
39,Female,High School,Khulna,5,32426,3547.04,79.31,17,21,0,4,14,3,4,7,43,Yes
45,Male,Bachelors,Dhaka,6,45750,8835.95,87.81,10,25,2,3,69,0,6,5,7,No
47,Male,Bachelors,Rajshahi,3,73188,13722.91,94.32,8,21,2,3,86,0,3,6,22,No
46,Male,High School,Rajshahi,12,25872,2198.86,80.48,18,23,4,3,71,2,6,4,26,No
50,Male,High School,Chittagong,7,109231,18254.81,76.52,15,17,2,1,68,3,7,8,22,No
36,Female,High School,Chittagong,14,144860,20773.66,88.64,6,25,2,2,70,3,10,4,47,Yes
22,Female,Masters,Sylhet,6,81770,5980.12,92.29,7,1,4,2,65,0,3,10,33,No
46,Female,PhD,Sylhet,4,139158,14405.03,81.11,9,4,0,5,87,2,5,6,34,No
28,Female,PhD,Dhaka,3,98514,7548.24,93.49,11,23,3,2,56,1,8,5,16,No
30,Female,Bachelors,Rajshahi,5,107663,10149.76,98.77,15,27,4,4,57,2,2,10,46,Yes
45,Male,Masters,Dhaka,3,149363,21253.63,78.43,16,15,0,3,19,1,7,6,49,Yes
22,Male,Masters,Dhaka,10,127808,13584.69,87.78,15,12,3,4,41,1,1,3,9,No
29,Female,Bachelors,Chittagong,9,125091,13648.54,76.42,23,25,2,3,74,0,7,3,1,No
45,Male,Bachelors,Dhaka,9,114272,14963.59,80.17,17,17,4,1,33,1,1,10,16,Yes
32,Female,High School,Dhaka,6,64393,4062.14,77.25,8,12,2,4,38,3,4,7,30,No
38,Female,Masters,Khulna,13,108558,17458.25,85.1,18,16,4,2,16,0,4,1,15,No
29,Male,Bachelors,Sylhet,11,84770,9346.44,95.52,16,13,3,3,26,2,5,1,23,No
56,Female,Bachelors,Sylhet,6,41720,5092.32,89.43,6,11,0,5,34,2,2,1,6,No
56,Female,Bachelors,Rajshahi,12,28368,5564.24,80.56,12,15,4,4,45,1,6,6,18,No
54,Female,Bachelors,Sylhet,14,62969,6401.12,76.0,23,29,0,1,70,3,6,4,15,Yes
26,Female,Bachelors,Barisal,4,63838,9399.05,88.83,17,16,2,5,80,2,8,6,32,No
49,Female,Bachelors,Rajshahi,4,23734,2584.05,78.32,5,6,2,1,44,1,10,1,35,No
28,Male,High School,Khulna,2,122187,22499.81,83.57,9,27,3,3,93,2,1,4,44,Yes
30,Male,Masters,Sylhet,10,114329,20237.77,87.75,15,26,3,4,87,3,4,4,9,No
29,Female,Bachelors,Khulna,4,83895,7235.41,97.59,15,11,1,1,59,1,2,2,42,Yes
33,Female,Bachelors,Sylhet,8,135424,20823.05,77.05,17,15,1,5,65,3,8,1,14,No
55,Male,Bachelors,Sylhet,13,116255,6949.24,91.72,6,5,3,5,74,1,4,8,42,Yes
54,Male,Bachelors,Khulna,10,73073,14211.08,75.35,23,3,2,2,50,3,8,6,2,No
44,Female,Bachelors,Dhaka,2,30624,3134.32,90.75,20,26,0,1,34,2,2,4,1,Yes
45,Female,Bachelors,Dhaka,9,39315,6871.33,88.79,9,2,3,4,43,2,4,2,42,Yes
58,Female,Masters,Dhaka,14,32422,3169.73,95.3,18,1,0,4,17,3,9,5,41,Yes
56,Female,Masters,Barisal,1,87663,12703.74,88.29,23,15,1,2,65,2,5,9,34,No
43,Male,Masters,Dhaka,13,116216,22957.15,83.82,9,2,0,5,93,2,6,7,26,No
48,Male,High School,Sylhet,2,47743,8665.95,81.07,13,28,3,1,39,1,10,4,4,Yes
56,Female,Bachelors,Chittagong,2,25108,1859.37,77.13,16,29,2,5,77,3,9,5,14,No
22,Male,Masters,Khulna,11,51180,6762.07,88.37,20,20,3,1,30,1,9,8,35,No
56,Male,Bachelors,Chittagong,13,33883,3465.55,97.21,23,6,4,1,19,2,7,5,48,Yes
58,Male,High School,Barisal,14,59400,6839.96,87.87,19,12,4,1,96,2,2,6,32,Yes
35,Female,Bachelors,Chittagong,6,62951,6312.57,93.48,21,21,4,5,42,0,7,10,0,No
24,Female,High School,Rajshahi,14,70262,7053.88,82.46,19,16,2,5,84,3,9,6,11,No
22,Male,Bachelors,Dhaka,7,98133,12893.01,86.2,7,14,3,5,92,3,2,8,41,Yes
26,Male,PhD,Barisal,13,130106,10251.65,83.12,21,4,4,3,84,1,7,5,40,No
47,Female,Bachelors,Sylhet,3,85496,11166.57,77.73,17,8,3,5,13,3,7,1,8,No
35,Other,Bachelors,Dhaka,11,76934,7065.99,85.42,13,12,1,2,32,1,3,4,19,No
48,Male,PhD,Dhaka,9,93886,8764.02,94.11,17,23,4,3,78,2,6,3,29,No
30,Male,PhD,Chittagong,5,45881,7378.22,84.87,20,14,4,1,62,0,8,2,13,No
36,Male,Bachelors,Rajshahi,5,33409,1818.75,91.25,23,20,2,4,14,2,10,7,22,No
36,Female,Bachelors,Dhaka,11,113171,12125.35,93.97,18,26,3,3,27,1,8,7,28,No
47,Male,Masters,Khulna,12,63951,7106.88,83.07,12,13,2,3,26,1,3,8,41,Yes
34,Male,Masters,Khulna,4,23752,2915.95,94.94,23,29,2,1,67,0,6,10,34,Yes
53,Female,Bachelors,Dhaka,9,132339,19897.39,83.47,7,5,3,5,76,2,2,5,26,No
53,Female,Masters,Chittagong,8,59864,6312.84,81.4,22,12,1,5,81,3,2,1,48,Yes
25,Male,Bachelors,Chittagong,12,87035,7134.31,80.56,20,10,3,3,65,0,8,6,26,No
51,Female,Bachelors,Sylhet,4,101675,18579.17,80.0,18,21,1,5,49,3,10,6,29,No
58,Male,Bachelors,Barisal,4,37343,7362.39,93.43,20,19,2,3,96,2,5,8,2,No
44,Female,Bachelors,Barisal,2,34673,1837.75,97.19,21,13,1,4,96,0,5,10,11,No
36,Male,Masters,Barisal,9,110024,14519.87,80.77,24,9,1,4,11,2,4,2,46,Yes
50,Female,Bachelors,Rajshahi,3,41520,4204.12,77.13,15,11,1,1,30,2,10,9,30,No
57,Male,High School,Chittagong,4,30784,2818.23,82.84,17,5,4,2,61,3,4,6,36,No
34,Female,Bachelors,Sylhet,14,132446,13291.75,91.45,15,28,4,2,33,3,8,1,26,Yes
53,Female,Bachelors,Khulna,7,53079,7740.6,84.21,8,13,2,5,62,3,3,9,46,Yes
28,Female,Bachelors,Barisal,10,59220,4655.13,88.73,18,10,3,2,47,2,3,8,23,No
43,Female,Bachelors,Khulna,8,127878,23904.12,93.61,9,18,1,4,29,1,8,10,47,Yes
49,Female,Bachelors,Khulna,8,131583,15779.06,85.21,8,29,4,1,59,2,3,1,40,Yes
23,Male,Masters,Dhaka,4,63720,6297.86,99.99,5,15,3,4,48,1,2,8,39,No
27,Male,High School,Rajshahi,7,29718,4898.41,82.45,18,20,1,3,69,0,5,7,10,No
49,Female,Bachelors,Sylhet,10,76217,3997.73,99.46,11,12,3,5,48,3,3,5,26,No
49,Male,Masters,Rajshahi,1,115668,13276.13,80.08,14,4,0,5,80,3,6,6,8,No
41,Female,Bachelors,Dhaka,6,103378,10678.49,77.77,6,5,1,2,42,2,7,4,15,No
51,Other,Bachelors,Sylhet,6,23177,2334.65,93.77,14,8,3,3,38,1,3,9,13,No
32,Male,PhD,Sylhet,6,137318,13808.79,92.56,7,5,1,2,83,0,9,9,46,Yes
49,Female,Bachelors,Chittagong,12,126145,6898.96,95.28,12,1,1,2,19,2,10,10,29,No
46,Male,High School,Rajshahi,2,28418,2069.33,83.59,14,18,0,2,85,0,1,1,45,Yes
54,Female,Bachelors,Rajshahi,8,103075,7347.47,98.27,12,19,3,3,76,1,7,9,23,No
22,Male,High School,Chittagong,14,80227,15908.34,77.99,18,19,2,2,12,3,4,3,41,Yes
48,Male,PhD,Khulna,5,32533,1734.82,75.76,22,10,4,5,86,3,7,2,12,No
34,Female,Bachelors,Dhaka,5,116457,8741.38,82.51,13,22,1,2,40,1,9,4,32,No
24,Female,Masters,Rajshahi,2,122504,24026.24,94.93,13,9,1,3,36,3,9,4,8,No
27,Female,Masters,Chittagong,4,139202,20078.29,91.82,8,26,1,3,79,2,1,9,48,Yes
29,Male,Bachelors,Sylhet,12,25273,2972.11,85.91,7,1,1,4,36,1,10,4,25,No
48,Male,Bachelors,Barisal,9,48519,2999.16,81.41,18,22,4,2,18,3,4,5,48,Yes
30,Female,High School,Chittagong,9,142024,21367.39,76.48,18,25,2,3,15,1,7,6,41,Yes
58,Male,Bachelors,Barisal,6,139540,9861.35,83.44,20,20,0,2,15,0,10,4,44,Yes
54,Female,High School,Khulna,11,98460,14835.75,86.5,9,26,2,1,35,2,6,1,49,Yes
45,Female,Masters,Dhaka,9,119471,23521.03,92.18,24,3,4,5,52,2,9,2,12,No
36,Female,PhD,Barisal,4,119668,15532.42,91.15,19,13,3,5,28,2,7,3,20,No
53,Female,Bachelors,Khulna,11,82519,6775.86,98.68,13,6,0,2,25,3,3,4,28,No
53,Male,Bachelors,Barisal,1,105426,15159.47,77.51,11,6,0,5,32,0,7,5,27,No
45,Female,Masters,Sylhet,2,29629,3761.09,83.41,17,29,3,5,84,3,10,10,23,No
33,Male,Bachelors,Sylhet,13,64056,8325.42,87.04,12,18,1,1,89,3,5,10,12,No
23,Female,Masters,Sylhet,1,26273,3197.85,91.77,16,5,4,5,38,1,2,3,41,Yes
24,Male,Bachelors,Sylhet,8,135484,20466.36,87.39,8,17,3,5,47,2,10,1,19,No
58,Female,Bachelors,Chittagong,9,112275,15246.02,97.82,20,29,2,3,68,3,3,8,38,No
38,Female,Masters,Sylhet,10,61073,12095.46,90.22,10,25,2,5,57,2,6,8,6,No
23,Male,Bachelors,Sylhet,12,60693,10553.27,75.99,9,25,3,2,29,0,6,4,40,No
23,Male,Masters,Chittagong,6,39343,3529.25,77.84,5,3,4,5,30,0,7,7,47,Yes
49,Female,Masters,Sylhet,2,58095,9229.17,93.84,18,5,0,2,37,2,6,4,14,No
44,Male,High School,Khulna,6,137388,11285.74,92.89,13,3,0,5,59,2,9,3,24,No
58,Male,High School,Khulna,9,129441,21662.21,78.84,22,23,1,2,42,0,5,7,34,No
53,Male,PhD,Rajshahi,12,115782,8351.78,76.47,10,13,4,5,49,0,5,6,12,No
54,Male,Masters,Khulna,3,87590,10601.29,89.47,19,15,2,2,99,3,8,1,42,Yes
22,Female,High School,Dhaka,9,123263,20781.02,90.89,20,17,2,5,63,0,8,9,7,No
40,Female,Masters,Dhaka,2,44373,4083.07,78.38,12,15,1,1,19,3,1,2,20,Yes
23,Male,Bachelors,Dhaka,11,42525,7466.02,86.84,23,5,2,3,43,0,3,3,5,No
47,Male,Bachelors,Chittagong,5,142716,20925.39,82.65,9,22,1,3,82,3,6,5,9,No
53,Male,Masters,Khulna,11,119513,13102.01,98.28,18,14,1,3,45,1,6,3,48,Yes
27,Male,High School,Dhaka,2,144401,16391.32,80.48,11,11,3,3,84,1,1,3,40,No
53,Male,Masters,Rajshahi,7,111643,21089.22,93.33,8,28,0,1,83,3,2,8,20,Yes
25,Male,Bachelors,Chittagong,11,112694,9316.26,87.95,5,14,4,1,16,2,10,4,13,No
32,Male,Bachelors,Rajshahi,10,51136,7875.17,75.29,8,7,4,5,25,1,7,10,44,Yes
38,Female,Bachelors,Khulna,9,71539,11166.82,87.92,18,3,0,1,60,0,1,2,32,Yes
59,Male,Bachelors,Sylhet,7,83363,15702.88,77.49,20,23,4,3,99,2,10,5,24,No
45,Female,Bachelors,Rajshahi,12,96526,15152.13,91.48,11,20,2,4,70,0,5,2,18,No
26,Female,High School,Sylhet,5,50255,6918.61,89.14,14,10,2,5,40,1,1,10,8,No
55,Female,Bachelors,Chittagong,4,133209,24694.07,75.26,14,11,4,2,41,0,6,8,48,Yes
27,Female,Bachelors,Rajshahi,12,101437,17687.55,80.12,8,6,3,3,54,3,7,3,46,Yes
43,Male,High School,Rajshahi,4,147715,23267.55,94.41,16,5,4,3,85,2,8,2,36,No
32,Female,Masters,Barisal,10,130900,7184.68,81.89,10,20,1,3,36,1,3,3,35,No
37,Female,Bachelors,Chittagong,8,38729,4106.36,87.48,17,22,1,1,31,2,3,3,35,No
54,Male,Bachelors,Chittagong,10,36818,5330.64,82.8,5,13,0,2,24,3,1,1,14,Yes
30,Female,Bachelors,Dhaka,13,80555,10338.23,98.04,12,12,2,5,17,1,3,3,4,No
27,Female,Bachelors,Khulna,10,113979,11158.29,88.41,20,19,3,3,77,0,5,3,16,No
37,Male,High School,Rajshahi,14,68629,4918.2,92.4,9,19,4,2,17,2,6,4,29,No
50,Male,Bachelors,Rajshahi,10,130296,17322.79,77.09,11,21,1,4,96,1,3,8,6,No
24,Male,Bachelors,Chittagong,10,70438,6542.82,76.01,7,27,2,1,25,1,4,9,5,Yes
41,Female,Masters,Chittagong,10,24457,2077.62,81.48,6,5,2,3,57,3,5,1,14,No
57,Female,Masters,Khulna,1,48922,5373.78,82.73,6,25,3,2,43,1,5,1,45,Yes
40,Female,Bachelors,Chittagong,5,123122,20662.79,92.19,24,20,3,2,95,1,9,6,9,No
47,Female,High School,Sylhet,14,117020,14414.29,89.23,14,21,3,3,96,3,8,1,5,No
24,Male,Bachelors,Sylhet,2,103405,8528.21,84.36,24,28,3,2,66,0,1,5,41,Yes
40,Male,High School,Barisal,13,131130,8855.93,91.35,13,9,1,2,14,0,2,1,40,Yes
41,Female,High School,Sylhet,11,83038,10367.14,79.09,22,4,3,5,53,1,5,8,12,No
53,Female,Bachelors,Sylhet,9,77325,13079.91,76.59,10,29,2,1,80,0,3,5,13,Yes
28,Other,Bachelors,Khulna,7,40600,6005.66,96.36,24,15,2,5,46,3,7,6,0,No
54,Male,Bachelors,Rajshahi,10,76526,6491.11,89.1,10,3,4,1,99,0,6,4,32,No
39,Male,High School,Sylhet,8,28149,3251.38,91.23,14,23,2,1,37,1,2,8,18,Yes
22,Female,High School,Barisal,6,127168,22672.09,82.68,13,7,2,5,77,3,8,9,8,No
32,Female,High School,Chittagong,9,124813,9566.72,84.3,13,24,1,3,47,0,5,9,36,No
49,Female,High School,Sylhet,6,106779,13861.2,77.06,7,20,2,2,55,2,6,1,48,Yes
46,Female,Bachelors,Barisal,7,149266,15439.29,96.42,16,20,0,4,82,2,8,7,47,Yes
44,Male,Bachelors,Khulna,7,47398,3252.78,89.81,15,14,2,5,35,3,6,4,11,No
52,Female,High School,Chittagong,9,19789,1137.58,77.09,18,14,4,5,84,0,10,10,4,No
51,Female,Bachelors,Barisal,11,79967,10666.06,95.11,23,9,4,3,93,1,3,8,5,No
56,Female,Bachelors,Sylhet,8,113837,6046.15,86.1,14,26,3,2,62,2,7,7,10,Yes
28,Female,High School,Rajshahi,13,116967,7663.32,94.13,23,23,1,5,72,0,4,1,37,No
37,Male,High School,Chittagong,1,146201,14932.19,75.32,9,3,4,4,72,0,6,1,9,No
47,Male,Bachelors,Chittagong,4,74683,4221.68,75.72,13,29,0,2,47,1,6,1,14,Yes
23,Other,Bachelors,Rajshahi,7,60331,6640.44,79.27,5,9,0,5,24,1,5,2,49,Yes
22,Male,Bachelors,Chittagong,11,49626,3451.72,80.27,19,29,3,5,18,0,1,10,38,Yes
33,Female,High School,Sylhet,8,27342,2802.03,94.1,8,21,1,1,84,1,8,2,27,No
26,Male,Masters,Chittagong,7,51417,8672.71,92.67,11,4,1,1,31,3,10,9,2,No
58,Female,Bachelors,Sylhet,12,67664,9740.55,90.4,10,17,2,5,79,2,2,5,15,No
53,Female,Bachelors,Rajshahi,3,23833,2783.94,97.12,19,25,0,3,65,2,4,1,44,Yes
30,Female,Masters,Dhaka,4,75658,4825.09,81.18,10,6,0,1,46,0,3,7,16,No
56,Male,Masters,Rajshahi,12,146809,20974.96,97.61,11,16,0,5,66,0,6,10,35,No
40,Female,Bachelors,Sylhet,7,109965,8198.6,97.74,24,27,0,2,69,1,1,2,18,Yes
37,Male,Bachelors,Khulna,8,79054,4860.87,85.86,7,18,4,4,94,2,9,3,3,No
24,Male,Bachelors,Rajshahi,7,16299,2438.32,77.36,17,13,1,1,21,1,5,4,24,Yes
41,Female,High School,Khulna,6,80875,15108.18,93.16,6,7,2,5,16,0,5,3,26,No
45,Female,Bachelors,Khulna,9,129286,15396.54,83.42,7,3,4,1,75,0,4,3,11,No
54,Female,High School,Sylhet,9,113730,6385.87,94.87,17,6,1,2,50,0,4,9,26,No
45,Male,Bachelors,Sylhet,11,71298,12979.42,79.09,13,24,3,3,33,0,1,4,3,No
32,Male,Masters,Dhaka,13,136035,8168.37,88.49,23,3,0,5,99,0,9,8,23,No
29,Male,PhD,Barisal,7,124825,22484.35,87.7,22,29,2,2,34,0,9,1,16,Yes
57,Male,Bachelors,Chittagong,8,130637,14209.77,77.51,9,28,1,4,71,3,4,6,25,No
59,Male,Bachelors,Rajshahi,6,87618,9183.17,84.08,14,12,3,5,93,3,10,1,17,No
41,Female,Bachelors,Sylhet,1,40532,5326.7,77.12,18,5,0,4,53,1,10,5,21,No
56,Male,Masters,Rajshahi,1,123197,23846.35,86.62,21,22,3,3,11,3,4,7,5,No
46,Female,Bachelors,Barisal,6,145860,26956.54,96.07,7,17,3,5,51,1,7,1,18,No
56,Other,High School,Barisal,2,75285,9075.57,81.76,11,10,4,5,42,1,4,9,36,No
46,Female,High School,Khulna,14,33866,5228.01,94.12,13,7,3,2,26,3,1,9,33,Yes
50,Female,Bachelors,Chittagong,8,24495,3357.39,79.59,9,4,4,1,72,2,9,6,10,No
39,Female,Bachelors,Dhaka,1,22837,3517.34,91.84,8,10,4,5,31,1,2,2,23,No
39,Male,Masters,Rajshahi,13,45346,7908.3,97.89,7,27,3,3,10,0,5,2,44,Yes
23,Male,Bachelors,Chittagong,2,123621,6820.67,83.1,17,7,1,5,79,1,4,9,36,No
56,Male,Bachelors,Dhaka,8,38412,3797.56,97.51,13,23,3,5,63,1,8,4,22,No
37,Female,Bachelors,Rajshahi,12,133833,25950.13,87.64,11,11,3,5,23,2,6,6,39,No
57,Female,High School,Chittagong,6,80206,15431.67,82.92,12,21,1,5,62,0,7,10,42,Yes
54,Male,Masters,Sylhet,12,25934,1340.35,97.41,14,8,0,3,15,2,2,2,3,No
25,Female,Masters,Rajshahi,10,45723,3667.72,75.8,5,8,2,2,99,2,4,4,17,No
54,Female,PhD,Chittagong,2,142968,28460.0,75.7,24,5,0,1,73,2,4,2,29,No
35,Male,Masters,Barisal,2,136988,16976.07,90.0,5,5,3,3,97,1,2,3,14,No
42,Other,High School,Dhaka,11,51523,7003.52,94.92,23,7,0,3,42,0,10,2,36,No
41,Male,High School,Chittagong,14,116150,8706.96,93.79,6,22,2,4,81,0,4,8,22,No
29,Male,Bachelors,Sylhet,7,135950,25035.24,76.99,16,4,0,1,53,2,9,5,11,No
28,Female,Masters,Rajshahi,5,56646,4797.33,98.76,17,2,2,2,43,3,8,5,3,No
24,Male,High School,Rajshahi,5,67776,5316.83,92.58,18,24,0,2,43,0,1,8,3,Yes
38,Female,High School,Rajshahi,8,34116,2873.19,98.73,9,19,4,4,33,0,8,8,40,No
54,Male,Masters,Sylhet,12,127858,24030.05,83.23,7,2,3,4,11,2,9,7,40,No
33,Male,High School,Dhaka,12,91620,14240.22,92.35,21,16,2,3,17,1,8,5,13,No
43,Other,Bachelors,Rajshahi,7,97604,16132.91,96.5,5,12,3,2,34,2,10,7,7,No
43,Male,Bachelors,Dhaka,12,109452,11662.71,84.51,18,15,4,2,41,3,1,1,22,Yes
51,Male,Bachelors,Chittagong,14,148991,27768.43,99.12,10,10,0,2,65,3,8,3,0,No
59,Male,High School,Barisal,9,38550,6492.25,81.62,21,23,3,3,16,2,5,3,10,No
59,Female,Masters,Barisal,4,85227,13857.02,82.89,8,26,0,2,57,3,9,2,26,Yes
29,Male,Bachelors,Dhaka,10,38212,7475.84,98.01,10,6,0,5,97,1,9,6,3,No
48,Male,PhD,Dhaka,4,55118,5783.51,99.24,5,24,3,4,63,1,6,3,28,No
48,Male,Bachelors,Barisal,2,43602,6176.05,82.13,13,13,2,4,72,1,3,4,16,No
55,Male,High School,Rajshahi,3,32540,6068.37,78.41,8,6,2,4,82,3,7,3,48,Yes
42,Female,Masters,Khulna,1,86455,14579.2,93.98,13,23,3,4,89,1,3,7,18,No
51,Female,Bachelors,Khulna,1,37277,5014.01,98.24,13,2,2,5,11,2,7,4,44,Yes
54,Male,Bachelors,Sylhet,7,134133,8240.07,90.02,17,26,1,1,44,1,8,5,48,Yes
49,Female,Masters,Barisal,14,24752,3661.03,90.86,21,14,0,2,31,3,5,7,23,No
54,Male,Bachelors,Barisal,14,140332,18100.49,94.07,7,18,3,4,92,0,5,4,43,Yes
26,Other,Bachelors,Sylhet,5,33302,2585.14,78.83,10,6,4,2,73,3,4,6,45,Yes
40,Other,High School,Khulna,3,81236,14812.41,99.34,24,25,3,2,68,2,3,9,40,No
25,Male,Bachelors,Chittagong,7,79467,8064.89,84.11,19,19,3,5,58,2,8,6,43,Yes
56,Female,Bachelors,Rajshahi,14,117350,12688.11,90.71,18,27,0,2,61,3,6,5,31,Yes
38,Female,Bachelors,Rajshahi,2,18048,2722.73,86.72,17,26,4,4,30,1,6,1,30,Yes
49,Male,Masters,Chittagong,3,73906,9114.07,86.7,13,14,0,2,21,1,2,8,48,Yes
51,Male,Masters,Chittagong,1,91637,5809.07,92.57,19,13,2,5,20,0,4,5,15,No
50,Male,High School,Khulna,8,44778,4841.23,99.87,18,8,3,4,63,1,5,5,31,No
27,Female,High School,Sylhet,2,135918,8721.85,91.48,8,5,0,5,92,2,10,3,43,Yes
56,Other,High School,Chittagong,7,105036,8257.15,94.85,15,13,1,3,79,1,5,10,41,Yes
58,Female,High School,Sylhet,11,26957,1376.86,75.69,6,6,3,1,23,3,3,2,33,No
45,Female,Bachelors,Dhaka,9,87644,6765.85,95.26,20,22,2,2,42,3,10,1,34,No
50,Female,Masters,Rajshahi,6,128294,12773.86,82.5,23,27,0,2,86,0,5,9,36,Yes
52,Female,Masters,Khulna,2,32829,4291.83,78.17,20,28,0,2,35,2,5,5,15,Yes
56,Female,Bachelors,Rajshahi,2,20837,3915.1,77.83,11,26,1,3,23,3,2,10,20,Yes
54,Male,Bachelors,Khulna,9,114770,15040.5,92.0,15,27,2,1,97,2,5,4,12,Yes
42,Female,Bachelors,Dhaka,10,41352,6444.32,99.94,16,29,1,5,57,1,3,7,17,No
53,Female,High School,Rajshahi,8,45215,4686.61,91.65,8,19,3,3,74,0,3,4,1,No
44,Male,Bachelors,Dhaka,14,56247,9153.9,81.56,20,11,4,3,55,0,5,2,32,No
54,Female,PhD,Khulna,14,144692,20701.13,80.08,20,27,0,4,64,1,9,9,40,No
24,Male,Bachelors,Chittagong,14,81714,9721.44,88.15,11,16,1,3,83,3,2,8,17,No
39,Male,Masters,Rajshahi,9,50319,3978.49,76.63,17,5,0,3,83,2,9,4,27,No
46,Female,Bachelors,Dhaka,4,134058,12806.71,84.98,9,12,0,2,77,2,3,8,36,No
52,Male,High School,Barisal,4,31025,4440.98,91.66,5,17,1,4,87,2,7,9,34,No
24,Male,Bachelors,Rajshahi,2,24780,2822.65,99.19,9,2,0,5,21,3,1,2,36,No
45,Male,Bachelors,Rajshahi,14,37706,6915.58,85.64,18,10,2,1,63,1,1,4,11,Yes
53,Female,High School,Rajshahi,10,90503,7713.21,80.01,15,15,2,5,73,2,8,6,39,No
43,Male,Bachelors,Sylhet,1,118166,7203.51,95.43,6,19,4,4,56,3,9,7,7,No
44,Female,Masters,Dhaka,10,24179,3346.43,93.6,22,20,2,2,46,2,3,5,24,No
23,Male,Bachelors,Dhaka,13,114423,20928.84,96.49,19,29,1,1,83,3,6,10,6,Yes
48,Other,Bachelors,Rajshahi,4,138076,14458.06,80.37,18,25,2,5,50,1,3,10,1,No
23,Other,Masters,Chittagong,10,90138,13264.41,85.12,17,17,4,1,36,2,6,7,32,No
47,Male,Masters,Rajshahi,10,101706,8615.71,99.54,6,19,3,1,51,1,7,4,32,No
38,Male,Masters,Sylhet,11,131905,17645.04,78.95,23,19,3,1,85,0,5,8,39,No
54,Male,Bachelors,Khulna,8,43830,7364.26,91.79,12,13,1,3,95,3,3,3,48,Yes
30,Female,Masters,Sylhet,2,125076,22520.53,80.93,21,13,4,4,77,0,8,3,22,No
50,Male,High School,Chittagong,13,45609,2999.61,87.5,19,16,2,4,38,1,5,5,4,No
47,Male,Bachelors,Rajshahi,12,32401,3352.08,95.01,24,22,4,2,45,1,1,6,13,Yes
56,Male,High School,Dhaka,11,118480,17291.76,87.21,18,21,0,5,66,1,9,3,7,No
46,Male,Bachelors,Barisal,8,133278,7358.07,95.14,7,3,4,2,87,2,3,10,19,No
45,Male,Bachelors,Rajshahi,1,72391,11118.7,85.66,21,4,2,5,21,2,2,2,17,Yes
34,Female,Bachelors,Chittagong,1,141543,18288.07,99.98,7,27,1,1,54,1,3,5,22,Yes
28,Other,Bachelors,Dhaka,4,143886,13422.4,85.9,17,7,0,5,29,1,7,10,28,No
57,Male,High School,Sylhet,7,109583,18869.99,78.73,22,3,4,5,54,2,10,6,6,No
41,Female,Bachelors,Khulna,9,21015,1965.06,85.05,5,9,3,1,32,2,8,3,23,Yes
22,Male,Masters,Khulna,5,36506,7254.19,93.56,11,8,2,2,71,3,2,7,45,Yes
29,Female,PhD,Rajshahi,2,39067,6737.32,96.2,9,29,1,5,95,1,7,3,24,No
37,Female,High School,Sylhet,12,145819,22776.5,86.5,6,18,2,2,43,2,5,2,13,No
35,Female,Masters,Barisal,7,17056,1009.75,89.86,21,21,4,2,30,2,9,10,37,Yes
33,Other,Bachelors,Barisal,11,44328,8229.34,96.12,14,14,1,4,60,0,7,4,2,No
44,Male,Bachelors,Chittagong,2,92712,15622.74,95.34,8,20,3,1,18,1,1,3,45,Yes
36,Female,High School,Khulna,9,67832,5721.88,91.44,13,28,0,1,83,1,1,7,13,Yes
49,Female,Bachelors,Sylhet,9,57771,6287.64,95.38,15,29,4,3,19,2,6,8,2,No
55,Male,Masters,Rajshahi,3,112421,10151.02,89.4,16,5,1,2,61,0,9,3,41,Yes
23,Other,Bachelors,Dhaka,13,79538,15721.67,75.12,16,3,0,3,54,3,1,6,8,Yes
53,Male,Bachelors,Rajshahi,8,55151,9824.02,76.03,22,10,1,1,61,1,3,1,6,No
44,Female,Bachelors,Rajshahi,11,147701,27994.33,99.5,8,11,4,1,39,3,5,5,25,No
43,Male,High School,Sylhet,4,98463,16572.91,78.62,13,17,1,3,73,1,4,2,6,No
46,Male,Masters,Khulna,3,111853,13249.24,85.11,12,8,3,1,11,2,1,1,6,Yes
43,Female,Masters,Sylhet,1,104432,8439.69,98.35,23,9,1,1,58,3,10,7,43,Yes
43,Female,High School,Dhaka,5,43155,3504.7,79.88,17,8,4,4,54,1,4,10,35,No
27,Male,Masters,Sylhet,13,65588,4771.69,96.09,6,20,1,5,26,3,4,4,12,No
36,Male,Bachelors,Chittagong,14,26251,3465.06,95.46,23,28,0,4,37,2,10,5,2,No
58,Female,PhD,Rajshahi,11,117420,22074.37,99.66,18,2,0,5,54,0,4,2,19,No
54,Male,Bachelors,Khulna,4,24623,4894.31,82.04,9,4,2,4,26,0,3,8,8,No
29,Male,High School,Barisal,1,69715,6490.12,82.88,14,16,2,4,68,3,7,10,21,No
26,Female,Bachelors,Dhaka,10,21123,3265.56,97.57,21,9,3,2,23,3,1,3,44,Yes
25,Female,Bachelors,Barisal,8,18061,2520.68,80.85,24,26,0,3,19,3,2,7,32,Yes
27,Male,High School,Rajshahi,8,121393,14972.66,88.7,20,9,2,4,87,1,1,1,22,No
53,Female,Bachelors,Sylhet,13,117035,17539.48,92.68,21,21,1,2,90,2,4,10,22,No
51,Female,Bachelors,Barisal,8,54095,5718.08,81.8,5,5,3,4,95,3,5,1,37,No
56,Female,Masters,Chittagong,3,96897,18572.51,98.46,19,26,4,3,27,0,10,7,25,No
37,Male,High School,Sylhet,6,96443,15027.49,91.64,21,3,2,2,44,1,5,1,31,No
34,Male,Bachelors,Rajshahi,12,133005,21697.13,76.18,15,14,2,5,57,3,2,9,27,No
51,Male,High School,Barisal,12,49814,4302.1,78.39,9,15,0,3,67,1,3,9,29,No
40,Male,Masters,Dhaka,7,100141,7539.35,79.77,8,6,3,1,27,3,4,8,39,No
38,Female,High School,Barisal,9,44767,4886.37,81.12,13,16,0,2,61,3,10,8,16,No
40,Male,Masters,Barisal,5,61057,10074.46,93.27,20,23,0,1,39,1,6,4,17,No
49,Female,Masters,Khulna,9,101755,19416.83,77.22,16,28,3,2,46,2,6,4,24,Yes
47,Male,Bachelors,Barisal,6,42946,4900.12,83.76,22,10,1,5,49,2,2,5,3,No
58,Male,Bachelors,Rajshahi,10,18364,3050.69,97.78,7,14,2,2,15,0,2,9,25,Yes
47,Female,High School,Dhaka,10,92015,11093.43,88.92,19,12,0,4,88,2,9,3,30,No
44,Male,Bachelors,Rajshahi,10,148524,14003.47,81.64,22,9,2,1,44,2,2,4,11,Yes
30,Male,Masters,Chittagong,4,102208,16444.22,98.93,16,23,3,1,35,1,2,10,47,Yes
33,Female,Masters,Sylhet,13,138208,23458.09,81.11,17,19,1,2,39,1,3,5,17,No
22,Male,High School,Barisal,1,40345,3244.79,97.63,5,12,4,4,84,0,9,7,9,No
22,Female,Bachelors,Khulna,1,100895,9663.26,93.14,8,13,1,4,33,3,6,5,35,No
55,Female,Masters,Dhaka,14,144022,17889.91,93.51,12,23,3,2,64,1,6,9,1,No
53,Male,Bachelors,Khulna,10,66116,5155.61,94.12,23,13,1,3,87,1,10,6,24,No
46,Female,High School,Khulna,5,112599,21317.82,87.66,9,17,4,5,96,1,5,3,46,Yes
22,Male,Bachelors,Khulna,13,41521,5758.97,95.36,15,2,0,2,18,2,7,6,8,No
37,Male,Bachelors,Barisal,14,69431,4733.84,95.9,21,20,1,4,71,1,4,6,46,Yes
26,Male,Masters,Dhaka,3,25731,1996.84,84.01,21,23,3,5,27,0,10,10,31,No
43,Male,Bachelors,Dhaka,5,78094,15084.11,85.01,6,9,1,2,60,0,10,1,4,No
50,Female,Bachelors,Khulna,5,33423,5371.92,97.22,5,21,4,5,28,1,3,7,2,No
24,Male,Masters,Sylhet,1,129612,20758.76,88.12,8,8,3,3,78,3,7,3,16,No
33,Male,Bachelors,Barisal,14,18934,1152.6,96.67,13,7,1,4,91,1,10,1,12,No
47,Male,Masters,Barisal,8,91945,16944.99,90.67,6,5,3,3,42,0,1,1,2,No
37,Female,Bachelors,Rajshahi,5,145443,16952.88,89.84,7,29,4,3,47,3,6,5,27,No
58,Male,High School,Barisal,5,111946,16675.21,75.77,10,19,0,4,22,2,2,10,3,No
43,Male,Masters,Khulna,9,111344,21595.55,81.95,17,3,4,3,58,1,2,10,17,No
50,Female,Bachelors,Chittagong,8,42358,2753.35,87.55,19,13,0,2,82,0,8,2,34,No
35,Male,High School,Khulna,13,144774,17711.86,89.68,15,6,2,2,99,2,3,2,13,No
49,Male,Bachelors,Dhaka,1,34763,1996.85,90.76,14,26,4,5,62,0,9,4,15,No
26,Male,High School,Barisal,3,100997,12617.74,92.91,7,11,0,2,10,2,4,10,11,No
51,Male,Bachelors,Barisal,12,82975,7288.43,91.41,24,4,2,2,21,0,6,7,10,No
26,Female,Masters,Rajshahi,7,102189,19074.58,96.21,13,3,2,5,33,0,1,8,1,No
33,Male,Masters,Chittagong,1,102507,11252.59,82.39,14,4,2,1,10,2,10,10,32,No
37,Male,Masters,Barisal,1,82525,11972.8,91.04,16,3,3,4,77,1,10,7,12,No
47,Male,High School,Rajshahi,5,114248,20455.31,76.28,12,13,4,2,16,0,3,9,29,No
47,Female,Bachelors,Rajshahi,9,39604,7823.92,87.0,21,15,4,5,78,3,4,7,25,No
42,Female,High School,Chittagong,6,131585,16523.51,81.7,9,12,4,3,48,1,5,4,49,Yes
57,Male,Masters,Khulna,10,144716,17129.11,84.52,12,15,4,3,41,3,1,9,17,No
54,Female,Bachelors,Khulna,2,25680,1575.75,83.87,22,26,3,2,58,0,4,9,12,Yes
51,Female,Bachelors,Khulna,11,128508,6670.96,76.51,15,11,4,4,40,2,5,3,3,No
58,Female,Masters,Sylhet,9,110619,15632.71,86.67,14,11,0,5,88,1,4,10,32,No
44,Female,Bachelors,Khulna,6,70037,4189.59,99.87,19,13,2,5,12,2,10,8,14,No
31,Male,Bachelors,Chittagong,5,114969,12308.22,82.47,10,12,3,5,56,2,10,1,16,No
26,Male,PhD,Sylhet,5,126115,6373.97,93.4,23,6,3,5,24,3,7,2,5,No
57,Male,PhD,Khulna,12,73914,10516.79,88.69,21,29,4,5,60,3,8,8,4,No
55,Male,Bachelors,Sylhet,3,122255,13914.12,83.13,14,23,2,4,91,1,8,8,32,No
52,Other,Bachelors,Chittagong,14,25349,1750.43,77.24,9,20,0,5,94,1,3,6,15,No
31,Male,PhD,Khulna,6,43525,4111.16,80.4,20,19,2,4,83,1,5,8,45,Yes
40,Male,High School,Dhaka,13,20948,2837.39,94.55,16,19,1,4,30,3,10,8,23,No
53,Female,Bachelors,Barisal,4,29498,4380.66,81.98,9,27,2,4,99,3,8,2,4,No
22,Male,High School,Chittagong,13,74790,8926.22,78.61,5,3,0,3,50,2,7,3,2,No
26,Male,Bachelors,Rajshahi,12,41245,7036.14,83.28,6,16,0,1,12,2,9,7,34,No
25,Male,High School,Rajshahi,10,146310,9783.17,89.6,9,9,0,2,10,2,10,3,26,No
37,Male,Bachelors,Chittagong,14,61659,3864.9,92.59,23,27,3,3,30,1,7,2,11,No
45,Female,Bachelors,Rajshahi,2,140983,7984.8,84.68,19,27,3,1,84,0,2,6,49,Yes
37,Male,Bachelors,Chittagong,13,89874,11717.25,87.45,5,14,1,3,89,3,4,2,40,No
23,Male,PhD,Dhaka,3,57517,8968.9,86.37,15,28,2,4,30,1,8,2,24,No
49,Male,Masters,Chittagong,9,141618,9853.53,75.23,22,3,4,4,84,3,9,2,16,No
53,Male,Masters,Khulna,11,90885,13254.84,84.89,7,3,1,5,58,0,7,4,48,Yes
48,Female,Bachelors,Khulna,11,61350,7456.61,89.68,13,24,4,4,74,3,5,7,19,No
41,Male,High School,Sylhet,9,92179,18260.81,89.25,8,20,4,3,50,3,1,6,27,No
45,Male,Bachelors,Rajshahi,6,60013,9459.31,93.74,17,7,1,2,76,3,9,5,49,Yes
33,Female,Masters,Barisal,10,54913,8161.22,91.76,13,19,2,4,51,2,6,4,34,No
56,Female,Bachelors,Rajshahi,10,60819,8245.08,81.92,7,24,4,1,78,0,2,2,49,Yes
54,Male,High School,Chittagong,14,97168,19395.21,81.39,20,3,3,3,66,1,10,8,14,No
54,Female,Masters,Barisal,9,107680,21220.38,86.6,12,21,3,1,52,1,10,2,32,No
58,Female,Bachelors,Barisal,4,109792,14351.71,93.32,11,1,1,5,21,1,2,8,2,No
33,Female,Bachelors,Rajshahi,11,148932,17615.3,77.35,21,12,4,5,87,0,10,10,6,No
24,Male,PhD,Barisal,5,64875,7740.71,98.71,20,21,1,2,73,3,1,4,9,Yes
22,Other,Masters,Barisal,10,88947,10162.32,88.58,22,6,3,3,60,1,4,5,40,No
54,Male,Bachelors,Khulna,6,24586,3189.04,82.66,20,7,1,2,82,0,10,1,25,No
31,Male,PhD,Dhaka,13,66986,6098.25,92.33,19,2,4,1,69,2,2,2,40,Yes
50,Male,Bachelors,Chittagong,9,104848,19818.19,76.12,6,18,4,2,80,0,10,8,39,No
34,Male,Masters,Rajshahi,13,38055,4701.11,87.11,24,25,3,1,89,2,9,1,5,No
33,Female,High School,Khulna,5,43807,7723.23,87.15,8,15,0,2,37,0,2,3,32,Yes
52,Male,High School,Sylhet,8,62177,7541.79,79.05,9,15,0,5,80,2,9,2,15,No
23,Male,Bachelors,Barisal,11,83625,13191.3,95.93,11,10,2,3,23,1,1,10,23,No
56,Female,Masters,Barisal,1,71317,7169.66,94.92,19,17,3,2,41,0,7,5,29,No
44,Male,Bachelors,Rajshahi,5,31433,4517.58,78.82,21,18,2,1,17,2,6,4,9,No
38,Male,High School,Dhaka,10,48282,6023.46,84.1,14,18,3,3,36,3,6,4,10,No
47,Male,High School,Dhaka,1,91519,9615.64,77.51,24,29,4,5,59,1,2,4,43,Yes
29,Male,Masters,Rajshahi,10,58578,10674.87,96.22,13,15,3,5,68,1,1,4,21,No
50,Male,High School,Rajshahi,14,145843,9757.88,83.08,20,26,1,4,66,2,10,4,2,No
47,Female,Bachelors,Khulna,6,123333,15174.7,85.98,7,23,2,3,12,2,8,6,37,No
31,Male,High School,Rajshahi,7,65317,5170.19,83.1,13,6,3,2,36,0,8,2,39,No
47,Male,High School,Sylhet,12,142878,25597.77,82.75,12,9,2,5,43,2,2,4,22,No
55,Female,Bachelors,Khulna,14,123745,10892.08,93.68,11,11,3,2,35,2,4,7,44,Yes
28,Female,Bachelors,Barisal,5,144230,20915.45,93.69,21,15,0,2,49,3,4,7,18,No
25,Male,Bachelors,Barisal,1,80950,6057.85,87.94,9,23,2,1,95,1,2,1,39,Yes
32,Male,Bachelors,Barisal,6,74612,8262.31,91.44,11,3,4,2,41,2,9,10,12,No
50,Male,Masters,Barisal,10,79873,14768.8,87.79,17,19,4,4,50,2,4,9,35,No
57,Male,Bachelors,Chittagong,5,130792,9797.59,75.71,22,1,3,3,11,3,4,7,2,No
46,Male,Bachelors,Sylhet,6,139814,20899.31,76.65,18,24,4,3,81,2,4,6,21,No
42,Male,PhD,Khulna,11,30231,2438.93,84.59,22,17,4,1,16,3,5,2,24,No
57,Female,High School,Khulna,10,102385,11504.22,93.74,7,11,2,4,28,1,10,6,19,No
31,Male,Masters,Barisal,7,56163,7362.55,97.83,21,18,3,4,42,1,8,5,27,No
58,Female,High School,Dhaka,7,136880,18697.26,75.74,23,11,2,3,11,3,4,9,2,No
30,Male,Bachelors,Khulna,2,102592,14401.53,84.2,11,28,3,4,76,3,3,1,21,No
45,Female,Bachelors,Sylhet,12,121564,17750.74,80.59,8,7,4,5,87,1,1,5,43,Yes
56,Female,PhD,Rajshahi,3,70535,6402.13,95.38,19,1,3,2,24,1,2,3,36,Yes
56,Female,Bachelors,Sylhet,12,125952,13880.56,96.15,12,12,3,2,30,3,4,9,37,No
57,Male,Bachelors,Barisal,6,39507,2196.5,80.16,20,4,1,3,87,0,9,1,17,No
39,Female,PhD,Barisal,3,139225,23015.78,92.77,5,25,3,3,68,1,1,6,19,No
53,Male,Bachelors,Chittagong,2,125282,21995.12,93.29,20,8,1,4,91,1,6,3,45,Yes
45,Female,Bachelors,Khulna,4,85559,6834.92,79.43,6,15,2,1,48,3,6,1,4,No
44,Male,Bachelors,Khulna,5,15982,1282.02,85.84,6,11,1,3,29,3,10,3,42,Yes
53,Male,Masters,Khulna,11,144128,8115.19,90.51,12,29,2,3,10,3,3,2,8,No
58,Male,High School,Barisal,10,91737,17939.87,75.65,16,8,3,3,82,0,10,10,28,No
33,Male,High School,Khulna,9,97446,16670.87,85.11,15,12,2,4,18,3,9,8,16,No
34,Male,Bachelors,Dhaka,3,103567,10781.89,78.87,10,3,4,5,60,0,10,3,11,No
44,Male,Bachelors,Dhaka,3,38636,4724.65,88.55,23,21,3,3,47,3,3,7,25,No
46,Other,PhD,Rajshahi,6,97850,9177.85,96.07,22,4,1,5,24,3,1,10,32,No
56,Female,Masters,Khulna,5,98866,13800.37,88.12,9,27,0,4,93,0,2,6,32,Yes
51,Other,Masters,Chittagong,6,77726,12249.33,75.9,19,12,3,1,50,2,4,7,35,No
38,Male,Masters,Rajshahi,7,95901,11230.51,75.74,12,8,4,2,56,1,4,7,28,No
41,Female,Bachelors,Barisal,11,83896,15188.46,90.14,10,27,2,2,35,3,2,10,21,Yes
46,Female,High School,Khulna,3,55880,7127.71,83.2,16,23,1,2,63,2,10,1,17,No
43,Female,Masters,Dhaka,13,67077,4805.26,89.32,23,23,1,2,79,0,6,4,16,No
34,Female,Bachelors,Chittagong,5,18625,2669.78,79.09,16,10,4,4,48,3,6,4,43,Yes
40,Male,Bachelors,Rajshahi,8,53237,6353.02,94.42,16,26,4,2,26,0,3,5,23,Yes
57,Female,Masters,Chittagong,4,16223,3088.06,96.52,13,23,3,4,79,0,1,10,21,Yes
33,Male,Bachelors,Khulna,10,80197,8724.16,97.23,14,1,0,1,18,0,10,5,43,Yes
40,Male,Masters,Sylhet,2,89693,9904.79,82.6,21,13,0,3,55,2,9,8,4,No
33,Male,Bachelors,Chittagong,4,126555,18681.54,91.52,22,7,2,3,15,0,4,4,0,No
30,Female,Bachelors,Chittagong,2,52760,6808.57,81.98,20,20,1,3,77,1,9,1,18,No
28,Female,High School,Barisal,3,125174,13289.41,94.07,8,28,3,4,25,3,5,5,29,No
49,Other,Bachelors,Dhaka,4,142192,28220.3,78.01,22,3,1,4,96,3,7,1,38,No
35,Female,Masters,Khulna,4,44024,4196.71,94.07,7,29,3,4,96,1,3,3,14,No
52,Male,Bachelors,Chittagong,10,38202,3500.42,85.99,20,16,4,1,38,3,3,8,45,Yes
40,Male,Bachelors,Khulna,9,134414,24149.38,96.39,18,12,2,5,50,1,8,10,34,No
37,Male,High School,Dhaka,10,66524,3359.86,93.47,13,29,4,4,77,2,1,5,4,Yes
26,Male,High School,Barisal,6,113228,9079.52,84.41,10,5,1,4,71,0,8,7,5,No
56,Male,Bachelors,Khulna,9,119755,16594.09,97.59,8,18,2,3,49,2,8,1,24,No
33,Male,Masters,Dhaka,4,30993,2304.87,82.08,6,8,3,2,71,1,3,6,10,No
46,Male,Bachelors,Dhaka,9,29620,5860.93,99.17,14,12,3,2,33,0,1,8,21,Yes
42,Female,Masters,Rajshahi,11,138271,16541.27,94.18,15,28,2,1,15,2,9,6,33,Yes
57,Male,Masters,Barisal,13,35193,4913.11,99.77,11,25,4,2,49,0,4,4,43,Yes
44,Female,Bachelors,Barisal,9,66559,4929.09,76.35,9,21,2,5,79,0,7,8,13,No
37,Female,Bachelors,Khulna,6,36248,3385.81,81.85,8,3,4,3,67,2,9,8,8,No
35,Male,Masters,Sylhet,5,78410,11149.41,93.53,10,16,2,1,23,3,3,6,19,No
52,Male,Bachelors,Rajshahi,3,19260,2550.66,98.06,6,10,4,2,87,1,5,8,15,Yes
26,Male,Bachelors,Barisal,14,52596,8817.96,75.72,6,23,0,2,54,2,10,6,16,No
56,Male,High School,Dhaka,5,24012,2170.32,75.0,20,17,2,3,15,2,3,4,16,No
44,Female,PhD,Barisal,3,40823,6043.08,81.41,17,10,4,1,32,3,5,6,33,No
50,Male,Masters,Sylhet,5,88851,8320.57,96.32,11,3,1,3,71,1,2,9,41,Yes
32,Male,Masters,Chittagong,5,62027,8560.53,94.18,9,25,1,1,93,2,4,8,10,No
39,Male,High School,Chittagong,2,98794,13905.71,83.51,21,2,2,2,26,0,2,7,34,Yes
33,Other,Bachelors,Barisal,14,40099,2737.79,75.05,17,27,2,3,93,1,3,5,33,No
30,Female,High School,Barisal,14,116427,15402.71,88.87,19,14,3,3,79,3,5,7,35,No
31,Female,High School,Rajshahi,9,51992,2692.7,80.95,7,9,4,5,37,2,9,1,7,No
38,Male,Bachelors,Barisal,7,134942,16892.26,93.64,8,27,2,3,22,0,3,8,18,No
59,Female,PhD,Sylhet,14,132886,20547.93,86.16,19,17,1,1,38,1,10,5,49,Yes
28,Female,Masters,Barisal,6,24218,1475.48,91.97,22,4,1,5,54,2,6,7,32,No
34,Female,Bachelors,Khulna,5,36788,7019.39,96.31,7,28,1,3,29,1,4,7,22,No
30,Other,High School,Sylhet,4,35501,4217.99,88.39,11,26,4,3,67,0,4,8,1,No
48,Male,Bachelors,Rajshahi,8,118733,22649.8,83.4,12,29,0,5,90,0,10,7,7,No
23,Female,Bachelors,Khulna,2,30210,1997.18,94.24,15,22,2,2,63,1,10,6,28,No
26,Female,Masters,Khulna,8,143476,27617.03,81.63,13,15,0,3,73,0,5,6,41,Yes
50,Male,Masters,Chittagong,1,89225,5922.72,97.29,24,13,4,4,61,0,7,5,6,No
58,Male,Bachelors,Sylhet,10,78721,9385.46,76.79,16,23,2,2,52,1,4,5,48,Yes
59,Other,Bachelors,Khulna,1,46449,8857.77,95.89,9,19,3,3,96,1,8,4,28,No
40,Male,High School,Rajshahi,3,104333,8858.52,77.29,5,9,2,2,27,3,9,7,30,No
29,Male,Bachelors,Chittagong,5,35782,1975.8,76.4,18,4,2,1,93,2,9,3,29,No
22,Other,Bachelors,Khulna,14,35243,5954.89,84.08,7,21,2,2,63,3,9,5,34,No
43,Female,High School,Sylhet,6,44379,6185.66,98.91,19,8,2,5,69,3,2,3,24,Yes
38,Male,Bachelors,Chittagong,4,52780,6707.71,99.59,14,28,2,3,80,3,3,8,46,Yes
28,Female,Masters,Sylhet,7,129944,7166.61,80.05,14,15,4,2,10,3,5,5,3,No
46,Male,Bachelors,Sylhet,7,34984,5177.1,78.72,7,14,2,4,46,2,1,10,48,Yes
25,Male,High School,Sylhet,2,15050,1139.94,83.82,10,3,4,1,58,1,4,6,42,Yes
57,Male,High School,Chittagong,2,55205,10471.26,83.43,9,24,2,1,44,0,5,1,37,No
27,Female,Bachelors,Khulna,2,30162,4610.53,93.99,23,27,2,2,76,0,9,4,16,Yes
52,Male,Bachelors,Barisal,14,64746,10103.94,86.1,18,17,4,5,44,1,8,9,9,No
40,Female,Bachelors,Dhaka,2,26628,2260.37,94.5,21,8,2,1,18,1,1,5,0,Yes
48,Female,Bachelors,Khulna,13,53516,9745.96,93.72,16,14,1,2,46,1,3,1,17,No
31,Male,Bachelors,Chittagong,9,102157,13347.82,89.46,13,13,2,2,69,0,3,4,45,Yes
47,Female,Masters,Dhaka,14,147548,26346.56,95.84,7,15,3,1,65,3,6,6,18,No
40,Male,Bachelors,Dhaka,5,134558,12196.62,79.89,22,11,4,2,98,3,4,7,49,Yes
24,Female,Masters,Dhaka,11,55800,9113.21,79.05,8,27,2,2,21,3,4,7,31,Yes
34,Male,Bachelors,Barisal,8,50788,6916.57,93.77,18,15,2,4,80,2,1,8,30,Yes
49,Female,High School,Rajshahi,5,135754,7773.67,81.12,10,12,4,2,80,3,10,5,32,No
41,Male,Bachelors,Chittagong,13,41240,4569.45,75.07,19,26,0,2,13,2,4,6,21,Yes
49,Male,Bachelors,Barisal,11,79198,6144.7,97.8,21,24,1,5,70,0,1,2,0,Yes
29,Female,Masters,Barisal,5,73739,7659.72,90.57,9,22,1,1,54,2,5,10,40,No
22,Male,Masters,Rajshahi,1,27089,2912.14,86.12,10,21,2,5,59,1,3,2,45,Yes
24,Male,Masters,Dhaka,6,47600,5770.99,93.14,9,9,4,3,59,1,10,3,34,No
34,Female,Masters,Rajshahi,4,23167,3244.39,83.33,23,22,3,5,83,0,5,4,43,Yes
49,Female,Bachelors,Rajshahi,3,93352,12662.89,98.84,18,15,2,3,57,3,3,6,48,Yes
46,Female,Bachelors,Barisal,6,100965,5638.77,76.72,8,1,1,3,32,0,5,6,16,No
54,Male,Bachelors,Chittagong,2,140540,22852.28,91.02,9,12,2,5,99,1,4,3,33,No
59,Female,PhD,Sylhet,8,46415,8929.21,94.43,15,6,4,4,96,3,9,1,28,No
27,Male,Masters,Rajshahi,1,86895,8889.55,86.73,6,1,3,5,17,1,6,3,5,No
53,Female,High School,Rajshahi,12,94900,7303.7,93.87,6,22,0,1,92,0,10,4,0,No
42,Female,Masters,Dhaka,9,109330,14322.26,98.17,24,19,3,5,38,3,2,9,26,No
37,Male,High School,Dhaka,8,73650,11470.03,93.6,16,22,2,4,52,0,1,10,11,No
42,Male,Bachelors,Barisal,1,15615,2370.91,82.73,20,13,1,5,62,1,1,8,3,Yes
32,Male,Bachelors,Dhaka,10,92937,13179.99,89.05,21,6,4,4,15,3,1,4,15,No
58,Male,Bachelors,Khulna,12,56936,4095.68,97.79,8,17,2,1,33,1,9,7,10,No
57,Male,Masters,Rajshahi,9,122812,21556.42,86.23,18,13,0,2,83,3,5,9,19,No
56,Male,Bachelors,Dhaka,2,82875,9434.76,92.04,11,9,4,4,23,2,4,2,25,No
40,Female,High School,Chittagong,3,96782,8054.23,86.64,19,8,4,4,61,2,10,3,27,No
41,Male,Bachelors,Khulna,2,76700,4827.49,78.03,20,15,4,4,79,1,5,1,41,Yes
39,Female,Bachelors,Barisal,13,23109,2599.94,76.46,12,18,2,1,13,0,9,8,7,No
35,Male,Bachelors,Sylhet,14,38758,5530.61,98.81,6,2,0,3,67,2,3,2,1,No
36,Female,Bachelors,Rajshahi,8,123592,18514.9,90.31,23,21,2,4,88,2,3,7,39,No
52,Female,High School,Rajshahi,2,28317,5505.12,77.6,5,26,4,1,46,3,2,7,25,Yes
22,Male,Bachelors,Chittagong,10,40622,2964.28,96.44,8,2,4,2,57,3,8,3,26,No
24,Male,Bachelors,Sylhet,2,21800,4313.48,88.07,15,11,1,4,48,3,7,2,32,No
37,Female,Masters,Sylhet,1,50539,7489.95,94.3,14,1,3,3,75,1,2,3,6,No
44,Male,High School,Barisal,7,148672,17563.27,78.17,22,18,2,1,22,0,4,8,45,Yes
32,Female,Bachelors,Barisal,12,100163,18352.78,97.67,5,21,0,2,75,0,7,9,35,No
33,Male,Bachelors,Khulna,2,31689,4885.56,89.76,21,27,4,3,69,3,1,8,20,Yes
31,Female,Bachelors,Rajshahi,10,96459,9868.49,93.46,20,26,2,2,50,1,1,2,48,Yes
53,Male,Bachelors,Dhaka,5,53469,9764.13,75.78,16,7,3,3,41,3,8,9,33,No
37,Female,Masters,Barisal,5,147030,22053.37,82.88,20,21,2,5,61,0,6,6,22,No
29,Female,Masters,Chittagong,3,75012,11613.78,81.69,13,17,3,5,14,1,2,2,33,No
59,Female,Masters,Chittagong,3,75021,13838.26,98.74,21,16,2,5,76,3,10,9,39,No
33,Male,Bachelors,Chittagong,13,39642,4648.52,79.63,7,7,1,2,75,3,10,5,6,No
45,Female,Bachelors,Barisal,12,94003,13962.79,92.68,22,22,2,5,87,0,1,6,25,No
49,Male,Masters,Barisal,3,138714,22430.52,76.07,19,7,1,1,61,1,3,1,39,No
29,Female,Bachelors,Chittagong,6,15205,1795.57,79.94,19,2,3,1,58,0,4,2,48,Yes
49,Male,High School,Barisal,14,107945,6748.49,83.46,20,5,4,5,38,1,5,1,16,No
57,Female,Masters,Dhaka,4,27442,4547.58,94.86,24,14,4,3,47,1,10,4,30,No
47,Male,Bachelors,Dhaka,13,106826,6107.5,94.75,5,8,2,3,79,3,3,2,38,No
29,Female,High School,Khulna,3,53909,8500.76,98.82,5,29,0,2,17,0,5,1,24,Yes
49,Female,Bachelors,Rajshahi,2,34504,6439.53,97.92,8,12,2,3,68,1,7,3,36,No
49,Female,Bachelors,Dhaka,13,110698,11296.22,77.04,17,7,1,4,64,2,9,4,14,No
58,Male,Bachelors,Khulna,3,102087,6667.23,95.75,8,6,1,3,11,3,5,4,1,No
57,Male,Bachelors,Sylhet,4,56716,4816.87,86.28,12,13,3,1,35,0,4,3,10,No
48,Other,High School,Rajshahi,6,49571,6659.48,96.65,17,22,2,3,72,1,10,2,31,No
38,Male,High School,Dhaka,4,108280,20724.68,77.23,12,12,3,2,26,3,9,8,29,No
30,Male,Bachelors,Sylhet,8,60038,7615.36,95.57,18,17,0,3,68,0,8,10,16,No
54,Female,Masters,Khulna,3,87795,5874.42,78.99,5,16,4,2,97,0,5,2,23,No
41,Female,Bachelors,Dhaka,12,60168,8674.27,83.35,13,1,4,4,25,3,9,5,44,Yes
34,Male,High School,Dhaka,3,82690,13224.34,75.72,5,7,2,5,67,1,9,7,3,No
49,Female,High School,Barisal,3,129053,14065.82,78.09,11,3,3,4,73,3,1,9,49,Yes
50,Female,Masters,Sylhet,8,26230,4150.3,86.14,24,6,3,1,59,2,6,3,45,Yes
34,Male,Bachelors,Dhaka,4,98301,9704.61,95.46,17,28,0,4,94,3,5,1,31,No
56,Female,Bachelors,Chittagong,1,81758,13765.06,94.34,19,21,3,4,35,0,6,9,18,No
27,Male,High School,Barisal,2,42050,4253.81,80.88,13,3,1,1,26,2,10,1,2,No
39,Male,Masters,Barisal,13,114805,10150.61,78.79,20,22,1,1,55,2,3,8,3,No
26,Male,Bachelors,Dhaka,14,84110,15297.69,84.73,21,3,1,5,77,1,3,2,24,No
46,Male,Bachelors,Barisal,10,117033,15480.07,97.08,13,8,2,5,59,3,10,7,8,No
23,Female,High School,Rajshahi,13,91693,8506.68,77.29,10,14,1,3,52,1,5,3,20,No
31,Male,Bachelors,Sylhet,13,137428,26147.47,88.57,24,23,1,2,57,3,7,6,22,No
51,Male,Masters,Rajshahi,14,34575,5311.68,77.22,16,9,4,1,77,0,4,6,45,Yes
26,Male,Masters,Khulna,2,55244,4591.06,86.76,20,5,2,4,28,1,6,4,28,No
54,Female,Bachelors,Rajshahi,14,29962,4260.49,78.17,19,28,1,4,34,0,5,8,29,No
22,Female,Masters,Chittagong,3,115695,20889.17,77.01,11,15,0,5,81,0,2,5,24,No
39,Male,High School,Barisal,6,105388,16274.33,79.77,14,17,1,2,27,2,1,7,48,Yes
53,Male,Bachelors,Barisal,8,92332,8006.47,81.38,8,27,2,1,60,1,6,5,28,Yes
32,Female,Bachelors,Chittagong,12,142386,20977.34,81.91,7,10,3,5,27,3,5,4,33,No
42,Male,Bachelors,Barisal,1,60037,8577.72,91.13,22,27,4,2,67,1,9,6,13,Yes
47,Male,Masters,Rajshahi,9,127666,22102.37,76.37,5,8,4,1,73,0,7,3,21,No
46,Male,High School,Khulna,1,142048,10897.91,77.02,17,18,2,4,80,2,1,6,47,Yes
43,Female,Bachelors,Dhaka,10,98040,15190.83,79.72,22,6,1,4,66,1,10,6,15,No
48,Male,Bachelors,Chittagong,2,126264,6831.59,96.8,12,17,0,5,26,2,6,6,10,No
34,Male,Bachelors,Rajshahi,3,25715,3971.07,90.72,15,22,1,2,68,2,7,3,13,No
54,Male,Bachelors,Rajshahi,7,76726,14889.88,93.26,14,4,1,4,76,0,3,8,6,No
55,Other,High School,Rajshahi,9,147980,11269.9,84.26,8,21,0,2,95,1,9,4,4,No
56,Male,Masters,Dhaka,3,133208,12880.54,80.33,8,15,4,5,24,1,2,2,39,No
22,Female,Bachelors,Sylhet,8,68648,9434.35,75.95,8,10,1,3,35,1,1,7,28,No
42,Male,Bachelors,Barisal,9,36134,5776.35,87.21,16,23,3,2,57,2,10,8,16,No
27,Male,PhD,Barisal,10,71143,7232.09,89.36,12,13,3,2,23,3,10,4,29,No
49,Female,Masters,Khulna,7,84123,12588.07,97.43,17,22,2,5,90,1,9,6,24,No
38,Male,High School,Sylhet,4,148485,27453.66,97.05,12,1,2,3,18,0,7,8,13,No
26,Female,Masters,Barisal,4,136657,21726.25,85.62,7,25,0,4,16,2,10,5,41,Yes
52,Female,High School,Khulna,4,81686,12796.39,85.59,16,22,0,1,64,3,1,9,21,Yes
26,Female,High School,Khulna,6,127841,13716.78,79.03,22,22,2,5,21,1,4,6,43,Yes
59,Male,Bachelors,Rajshahi,4,47264,8824.87,81.44,19,9,1,1,26,3,10,6,4,No
24,Female,PhD,Chittagong,5,124885,11439.27,98.14,18,28,4,3,82,2,3,2,39,No
44,Male,High School,Rajshahi,9,67330,5439.73,78.53,13,26,3,3,17,3,7,7,27,No
58,Female,Bachelors,Dhaka,12,129672,13568.05,99.22,9,5,0,2,51,2,5,9,11,No
58,Female,High School,Barisal,7,53345,7869.64,87.62,19,11,2,1,85,3,9,5,35,No
31,Female,Masters,Khulna,8,54222,9719.39,86.42,12,22,3,1,46,3,3,5,12,No
31,Male,Bachelors,Chittagong,5,72755,5079.16,79.37,7,22,0,3,29,2,6,5,20,No
40,Male,Bachelors,Barisal,5,23933,4118.16,91.54,16,23,0,1,10,3,10,1,31,No
38,Male,Bachelors,Khulna,13,83207,14305.24,86.5,9,25,1,4,18,0,2,5,48,Yes
42,Female,Masters,Khulna,11,119691,16521.89,84.27,13,21,0,3,33,1,3,10,20,No
35,Male,PhD,Rajshahi,7,120137,19714.14,81.61,24,21,4,2,43,3,4,8,36,No
30,Male,Bachelors,Chittagong,11,113818,8796.09,76.66,7,4,0,2,45,3,6,3,37,No
22,Female,Bachelors,Chittagong,13,113510,8562.96,87.98,12,26,4,2,13,3,1,9,8,Yes
34,Female,Masters,Barisal,14,114251,20498.92,82.82,17,20,1,1,38,1,6,9,36,No
25,Male,High School,Khulna,12,33212,4142.28,92.7,12,16,4,3,96,2,4,6,1,No
22,Female,Masters,Chittagong,8,43174,3751.41,93.09,9,28,3,2,25,1,8,4,2,Yes
53,Male,Masters,Chittagong,9,119649,18343.33,83.3,11,24,0,3,17,3,9,4,42,Yes
55,Male,High School,Barisal,14,66319,12188.19,91.73,9,29,2,1,48,2,8,1,9,Yes
49,Male,Bachelors,Rajshahi,2,102846,14897.08,81.47,13,18,2,4,67,3,8,10,34,No
52,Male,Bachelors,Sylhet,3,69808,7127.52,93.18,9,26,4,4,21,2,2,5,8,Yes
29,Male,Bachelors,Dhaka,12,57616,7057.13,75.4,12,8,1,4,53,3,10,5,39,No
47,Female,Bachelors,Sylhet,12,89329,14546.37,78.79,16,2,4,1,13,3,2,5,47,Yes
55,Male,Bachelors,Chittagong,2,142957,8595.32,81.13,8,17,4,2,34,2,6,1,31,No
24,Male,Bachelors,Khulna,10,71152,5875.35,94.32,13,10,4,1,79,0,5,1,20,No
33,Female,Bachelors,Dhaka,7,57351,6846.99,76.66,18,13,3,3,76,1,6,10,33,No
22,Male,Bachelors,Dhaka,12,137377,19320.17,79.7,23,15,3,4,48,2,9,2,24,No
26,Male,High School,Khulna,2,75616,7627.75,83.97,17,9,4,3,33,1,10,1,41,Yes
51,Female,Masters,Dhaka,12,38010,3601.78,75.23,7,27,1,1,94,0,7,8,31,Yes
51,Female,High School,Khulna,14,136822,7690.44,94.05,8,8,0,5,15,0,5,4,45,Yes
38,Female,Masters,Dhaka,2,34050,1869.01,89.0,5,6,2,5,81,2,10,6,36,No
44,Female,Bachelors,Barisal,14,36125,3316.43,97.52,5,4,3,1,42,0,7,8,21,No
36,Female,Bachelors,Barisal,14,107661,13950.27,75.78,15,18,0,2,57,0,8,5,24,No
58,Male,Masters,Sylhet,2,103116,13761.42,81.78,20,24,3,3,76,3,1,6,0,No
42,Female,Bachelors,Dhaka,12,134233,16658.87,93.28,8,3,3,1,11,3,10,4,44,Yes
35,Male,Bachelors,Rajshahi,13,105155,11722.9,91.88,11,26,3,1,47,0,7,6,35,Yes
23,Female,High School,Khulna,4,144843,12723.55,81.08,16,4,4,5,49,3,4,6,20,No
32,Male,Bachelors,Dhaka,1,28869,3178.6,89.89,10,21,4,4,65,0,5,3,40,No
59,Female,Bachelors,Barisal,2,77167,5464.5,94.84,24,13,3,4,97,3,2,4,15,No
55,Male,High School,Barisal,3,78576,5287.29,75.83,13,20,3,2,30,0,10,6,31,No
59,Female,Bachelors,Khulna,7,36677,3484.0,92.94,12,11,2,2,91,0,5,8,20,No
55,Male,High School,Rajshahi,10,140662,28034.26,81.3,18,8,0,2,44,1,9,7,27,No
39,Female,Bachelors,Dhaka,1,91794,9085.27,98.7,19,25,0,5,84,0,1,4,18,No
51,Female,High School,Dhaka,6,90675,17270.73,88.46,9,14,1,1,84,1,3,3,13,No
36,Male,High School,Rajshahi,3,57325,6239.21,75.83,19,14,1,2,76,2,4,8,22,No
48,Female,High School,Rajshahi,3,55503,6430.11,85.09,10,16,1,5,69,0,9,6,23,No
55,Female,PhD,Rajshahi,4,34514,5852.17,99.16,5,14,4,3,32,0,2,8,19,No
59,Female,High School,Barisal,13,71196,4559.8,93.26,24,1,4,1,74,1,7,9,31,No
54,Male,Bachelors,Khulna,4,109633,8479.78,82.51,13,2,2,3,72,0,9,9,39,No
45,Male,High School,Rajshahi,7,98324,19278.98,89.38,8,28,4,4,32,3,10,10,9,No
36,Male,Masters,Khulna,3,100550,12658.0,89.98,6,20,1,4,95,1,4,9,0,No
51,Male,High School,Sylhet,8,95331,5400.16,75.58,10,1,3,1,51,1,5,10,30,No
38,Female,PhD,Dhaka,8,38653,2207.36,79.47,6,11,1,2,73,3,10,1,36,No
26,Male,Bachelors,Dhaka,11,112294,20896.35,88.79,7,6,2,1,75,0,4,3,14,No
50,Female,High School,Chittagong,13,58755,10634.93,85.07,11,15,3,2,90,2,7,9,39,No
25,Male,Masters,Sylhet,7,119296,14167.58,79.75,24,12,4,4,50,2,8,4,30,No
31,Male,Bachelors,Rajshahi,2,113354,8442.98,94.32,21,5,3,1,29,2,8,10,27,No
38,Female,Bachelors,Rajshahi,5,86988,15183.12,87.22,13,29,2,1,18,1,3,2,9,Yes
31,Female,Masters,Barisal,6,52921,5222.77,82.75,13,23,4,2,66,1,2,1,5,Yes
38,Male,Masters,Sylhet,12,61668,6959.77,79.04,23,12,0,4,84,3,6,5,14,No
41,Male,Bachelors,Rajshahi,10,70175,10692.67,90.28,9,22,1,4,26,0,1,4,46,Yes
45,Male,Bachelors,Chittagong,4,68452,7051.22,91.66,10,14,1,2,87,3,9,5,26,No
26,Male,Masters,Khulna,13,61149,8823.83,91.74,22,14,2,2,91,1,7,5,9,No
55,Male,Bachelors,Dhaka,10,30839,5637.14,80.51,5,19,2,2,27,2,8,8,20,No
27,Male,Masters,Sylhet,5,17155,2909.59,89.88,21,5,1,4,72,0,7,6,18,No
23,Male,Bachelors,Dhaka,14,69512,7454.58,97.64,18,3,3,4,81,2,5,3,3,No
34,Female,Bachelors,Khulna,9,101150,9426.22,83.83,19,25,0,1,81,0,5,9,21,No
32,Male,Masters,Sylhet,11,141041,13092.35,80.27,9,18,0,4,35,2,7,8,37,No
44,Male,High School,Khulna,7,41190,4213.27,94.3,21,6,2,3,81,0,7,9,14,No
37,Male,Bachelors,Rajshahi,2,25928,3215.79,79.42,15,9,2,3,93,2,2,4,5,Yes
52,Female,Bachelors,Rajshahi,11,63425,7134.65,81.34,14,26,3,2,81,3,2,8,49,Yes
32,Female,Bachelors,Rajshahi,1,89134,6234.98,77.52,21,7,2,2,87,1,7,3,10,No
37,Male,High School,Khulna,2,124875,9305.48,81.7,5,21,0,2,22,3,5,5,43,Yes
29,Female,Masters,Khulna,3,139264,14126.86,85.26,9,18,1,1,26,2,2,7,29,Yes
25,Male,Bachelors,Khulna,11,125191,16814.36,76.6,20,2,0,3,35,0,1,1,39,Yes
25,Male,Bachelors,Dhaka,2,118716,16489.6,96.79,11,20,3,3,15,3,9,1,23,No
46,Male,Masters,Khulna,11,71321,8767.57,87.84,16,10,1,4,90,2,8,3,21,No
24,Male,Bachelors,Rajshahi,3,128782,20710.26,89.7,12,12,1,3,13,1,2,4,29,Yes
53,Female,High School,Chittagong,10,124398,19976.74,84.28,22,2,0,4,98,0,2,1,45,Yes
24,Female,High School,Khulna,11,73973,8443.58,91.75,5,28,1,1,16,3,3,8,3,Yes
48,Male,PhD,Chittagong,11,67414,4629.06,85.79,24,13,1,2,26,1,4,2,49,Yes
50,Female,High School,Rajshahi,12,44692,5788.79,94.03,16,29,2,2,95,2,9,5,5,Yes
53,Female,Bachelors,Khulna,14,120958,12969.16,95.54,8,8,1,4,59,0,6,6,37,No
40,Male,Bachelors,Dhaka,12,63750,4506.39,91.8,16,26,3,5,15,2,3,6,25,No
42,Male,Bachelors,Dhaka,9,83456,16463.58,87.28,5,23,1,4,39,0,8,6,18,No
26,Male,High School,Chittagong,4,39085,4122.03,94.56,5,7,2,1,83,1,6,1,1,No
39,Male,Bachelors,Barisal,12,37925,5456.26,87.36,7,3,4,3,65,1,8,3,3,No
49,Male,Bachelors,Dhaka,9,20615,2546.35,77.79,16,23,4,4,48,1,10,3,4,No
43,Male,PhD,Dhaka,11,52083,3719.99,77.91,17,8,3,1,23,3,2,8,46,Yes
42,Male,High School,Dhaka,3,125764,7336.01,98.71,17,21,3,2,63,3,8,6,34,No
27,Female,Bachelors,Rajshahi,12,24605,3539.81,80.34,13,1,1,5,31,3,5,2,28,No
22,Female,Bachelors,Dhaka,1,126093,10976.81,95.4,22,15,1,5,66,2,10,1,15,No
26,Other,Bachelors,Sylhet,11,59608,5158.96,81.17,5,1,4,4,50,3,4,4,44,Yes
33,Male,Bachelors,Khulna,5,143788,27829.65,85.77,10,12,4,3,99,0,3,1,11,No
47,Female,Bachelors,Dhaka,10,34192,4077.94,91.37,9,11,0,4,19,1,9,5,20,No
55,Female,Bachelors,Barisal,10,149403,8129.6,78.97,8,16,4,5,11,2,10,8,8,No
35,Female,Masters,Barisal,14,66330,6697.77,93.43,10,4,4,5,76,2,7,10,10,No
47,Male,Bachelors,Dhaka,2,64949,8941.77,92.25,7,2,3,2,57,3,7,2,7,No
48,Female,Bachelors,Dhaka,4,83382,8278.59,88.58,21,23,0,3,51,0,6,8,25,No
30,Male,High School,Sylhet,2,114233,6171.76,89.15,15,29,0,3,20,1,9,8,31,No
47,Male,High School,Dhaka,2,67243,7843.67,77.64,8,3,1,5,83,2,3,6,38,No
43,Male,High School,Dhaka,13,115566,7614.18,85.9,24,28,1,5,21,1,1,8,3,Yes
51,Female,High School,Khulna,3,73618,10518.1,77.16,5,4,0,4,23,0,7,2,33,No
38,Male,Bachelors,Barisal,5,133168,19034.78,82.7,8,25,0,4,39,1,9,7,27,No
47,Female,Masters,Sylhet,4,67494,3756.98,97.51,7,18,1,2,69,3,6,8,24,No
57,Female,Bachelors,Barisal,2,38958,3646.47,89.36,14,12,3,5,86,1,10,4,43,Yes
22,Male,Bachelors,Sylhet,11,122960,13778.03,93.57,5,24,3,4,39,2,2,9,34,No
29,Female,High School,Barisal,14,117478,15570.49,89.35,8,1,3,2,47,3,8,6,18,No
56,Male,Bachelors,Dhaka,14,20833,1966.83,79.86,23,3,3,3,84,3,9,3,34,No
36,Other,High School,Barisal,10,114341,10652.23,89.87,5,4,1,5,74,3,10,4,38,No
43,Male,Masters,Barisal,2,109240,21569.69,93.88,20,6,2,1,56,3,8,4,28,No
35,Male,Bachelors,Sylhet,14,122955,6919.84,78.46,23,17,4,5,48,2,9,1,13,No
47,Female,PhD,Chittagong,6,19073,3783.26,95.42,24,8,4,4,58,0,1,10,20,Yes
49,Female,Masters,Sylhet,7,32667,1867.34,88.88,22,18,4,5,82,0,3,1,35,No
44,Female,Bachelors,Sylhet,12,21732,2026.54,75.11,6,16,4,1,67,3,3,1,37,Yes
35,Other,Bachelors,Sylhet,10,70097,8695.79,87.99,10,21,1,5,99,0,9,4,13,No
45,Female,High School,Rajshahi,6,18487,1321.72,84.89,5,6,2,4,98,2,3,1,39,No
23,Female,Bachelors,Rajshahi,7,72702,5105.64,82.41,23,24,1,3,26,0,10,6,49,Yes
47,Female,Masters,Rajshahi,1,109961,9725.71,94.28,9,19,2,4,15,0,1,2,14,No
35,Female,High School,Sylhet,6,100107,19623.58,97.49,6,28,1,2,24,2,3,1,49,Yes
28,Male,Masters,Chittagong,11,122721,13133.3,94.07,5,25,0,4,76,0,2,7,29,No
24,Female,Bachelors,Sylhet,3,86031,11605.52,96.17,20,28,2,2,37,3,9,6,46,Yes
44,Male,Masters,Dhaka,1,99217,15442.5,97.72,6,21,4,5,82,3,1,1,11,No
39,Female,Masters,Chittagong,8,29781,4804.67,97.82,8,8,2,2,53,2,2,10,49,Yes
59,Female,Bachelors,Rajshahi,4,54865,8405.66,77.87,7,4,3,5,27,3,1,9,4,No
56,Female,Bachelors,Barisal,10,23469,2359.56,86.41,21,28,2,2,41,3,9,6,26,Yes
36,Female,Bachelors,Barisal,8,60167,4016.7,75.01,19,9,3,4,92,3,7,2,14,No
46,Female,Masters,Khulna,10,34928,3222.37,87.66,14,8,3,1,78,3,1,7,25,Yes
58,Male,PhD,Chittagong,14,54599,4452.24,98.11,16,21,0,5,53,3,10,3,8,No
49,Female,Masters,Rajshahi,11,81504,5741.27,79.98,16,19,2,2,79,0,6,7,39,No
31,Male,Bachelors,Chittagong,4,85687,4599.21,90.99,24,1,0,1,72,2,5,9,39,No
38,Male,Bachelors,Chittagong,4,124122,23627.72,91.11,11,21,4,2,85,1,10,5,34,No
43,Male,Masters,Barisal,12,101284,19057.11,79.01,14,21,2,2,67,2,5,1,12,No
47,Male,Bachelors,Sylhet,14,100227,5769.32,80.96,9,4,1,2,56,2,4,5,44,Yes
46,Male,Masters,Dhaka,10,112556,8550.06,86.55,24,10,1,4,26,2,3,8,43,Yes
38,Female,Bachelors,Khulna,4,58560,4153.37,79.71,24,26,1,2,48,0,8,8,46,Yes
34,Male,High School,Rajshahi,6,42256,3895.3,89.62,15,8,3,1,68,2,7,3,45,Yes
41,Male,Bachelors,Chittagong,14,21125,1702.89,87.11,6,3,1,2,16,2,5,4,32,Yes
46,Male,Bachelors,Khulna,9,19370,3716.68,87.98,20,12,4,3,72,0,9,8,33,No
25,Male,High School,Chittagong,5,19838,1242.37,78.36,16,26,2,5,66,3,7,8,3,Yes
31,Female,High School,Barisal,12,129479,10584.99,87.93,20,9,2,4,84,1,10,7,12,No
24,Male,Bachelors,Dhaka,13,72429,4498.46,76.24,8,3,3,3,43,3,2,6,9,No
39,Male,High School,Barisal,10,149206,29402.21,97.04,6,4,3,3,62,2,7,4,44,Yes
57,Male,Bachelors,Khulna,14,58199,10927.56,83.58,14,6,3,1,75,3,7,10,0,No
43,Male,Masters,Rajshahi,8,92092,14504.01,96.41,17,9,4,1,87,0,4,9,10,No
55,Male,PhD,Chittagong,8,139925,15936.89,92.54,23,26,2,4,91,1,8,2,49,Yes
29,Male,Masters,Dhaka,4,35113,2757.31,94.15,19,2,0,4,57,3,4,2,8,No
40,Female,PhD,Barisal,11,111102,9246.29,82.86,5,2,3,5,69,2,7,1,37,No
58,Female,Bachelors,Khulna,10,17669,2057.66,80.69,21,18,1,2,52,1,4,3,22,Yes
27,Male,Bachelors,Barisal,9,92818,15336.63,85.17,24,21,0,4,82,2,8,3,12,No
47,Other,Bachelors,Chittagong,9,94737,8498.8,75.61,8,22,0,4,13,3,3,4,4,No
55,Male,Masters,Chittagong,5,39406,3807.36,97.97,24,3,3,2,87,3,2,3,24,Yes
27,Male,Bachelors,Rajshahi,6,27873,3901.99,84.68,13,3,1,5,84,2,10,10,9,No
58,Other,High School,Dhaka,5,140812,12061.87,99.71,10,18,3,1,61,1,6,6,4,No
54,Male,Masters,Sylhet,3,97048,13356.99,94.04,7,27,3,5,41,1,7,9,21,No
43,Female,High School,Barisal,11,38461,4156.47,77.01,6,6,1,2,99,1,7,8,41,Yes
42,Male,Bachelors,Chittagong,8,28448,1569.06,91.5,22,1,0,1,60,3,6,6,24,No
27,Male,High School,Khulna,9,30198,3334.02,81.77,23,25,0,1,19,3,8,8,36,No
27,Male,Bachelors,Barisal,4,88158,16567.43,81.09,11,15,1,1,21,2,6,8,19,No
25,Female,Bachelors,Rajshahi,9,80470,7561.51,81.41,7,11,0,5,91,2,6,10,27,No
51,Female,High School,Rajshahi,9,35739,3517.61,97.9,22,10,4,2,48,0,3,6,20,No
32,Female,Bachelors,Chittagong,7,99054,5932.46,87.5,24,4,3,5,89,0,2,2,10,No
51,Male,Bachelors,Chittagong,8,73186,10411.23,91.74,24,14,4,5,77,0,7,5,28,No
52,Male,Masters,Chittagong,3,41547,7369.87,82.02,23,2,4,3,19,2,6,4,4,No
45,Male,Masters,Sylhet,5,109472,11268.88,88.07,13,13,4,4,91,1,1,6,36,No
30,Male,Bachelors,Chittagong,3,100823,8674.49,83.75,20,16,2,5,82,0,2,2,48,Yes
24,Female,Masters,Barisal,7,121887,23584.13,83.03,10,12,2,3,95,2,2,4,4,No
52,Male,Bachelors,Barisal,6,25686,4154.99,81.17,16,22,4,2,19,3,1,8,32,Yes
58,Female,Bachelors,Dhaka,11,49062,6627.03,85.23,10,5,3,3,32,1,3,1,44,Yes
57,Female,High School,Khulna,3,63216,6057.97,91.5,17,19,4,5,86,0,5,3,35,No
45,Male,Bachelors,Chittagong,9,46653,3877.78,80.55,9,29,4,2,97,3,4,4,7,Yes
52,Female,Bachelors,Barisal,12,36673,5770.92,99.14,17,3,2,3,22,1,2,2,5,No
27,Male,High School,Barisal,1,34629,4441.8,78.12,24,21,4,5,57,1,8,2,14,No
23,Male,Bachelors,Barisal,10,135756,17388.98,87.01,11,20,3,2,98,3,9,6,14,No
41,Male,Masters,Sylhet,3,126641,7732.25,77.13,16,21,3,2,53,0,8,6,47,Yes
49,Female,Bachelors,Khulna,11,40063,5081.16,75.57,8,2,4,4,89,0,7,3,8,No
32,Male,High School,Rajshahi,10,34322,5951.83,98.07,9,27,3,5,73,3,10,8,4,No
25,Male,Bachelors,Barisal,11,27693,5317.61,95.26,20,17,4,4,49,3,2,3,25,No
36,Male,Bachelors,Chittagong,7,117379,7747.29,92.35,8,21,2,2,15,3,6,2,22,No
27,Male,Bachelors,Barisal,3,27651,4000.4,96.63,12,11,4,2,81,2,4,5,15,No
51,Female,Bachelors,Khulna,14,24275,3283.24,95.07,20,1,0,3,91,1,5,7,38,No
59,Female,Bachelors,Rajshahi,3,60606,11124.04,91.18,12,19,2,4,52,0,9,1,34,No
23,Male,Masters,Sylhet,2,16658,2710.03,96.18,21,8,3,1,41,0,9,2,9,Yes
36,Male,Bachelors,Dhaka,9,87468,17037.83,84.77,18,11,3,5,58,3,4,2,26,No
32,Female,PhD,Chittagong,11,56150,10893.37,88.82,16,8,2,4,83,1,8,8,15,No
29,Male,Bachelors,Dhaka,4,29999,2515.5,94.41,7,25,0,2,96,3,5,10,20,No
47,Female,Bachelors,Sylhet,10,21376,3394.57,77.12,24,17,2,3,28,1,9,6,11,No
26,Male,Bachelors,Khulna,13,66673,8639.38,96.47,6,20,1,5,93,3,2,4,8,No
27,Male,High School,Khulna,6,18476,1518.55,78.92,17,6,0,5,61,3,4,4,15,No
47,Male,High School,Sylhet,2,84902,6726.82,96.61,15,7,2,3,61,1,3,5,8,No
25,Male,Bachelors,Barisal,9,106269,6605.96,82.78,16,21,1,2,43,0,7,3,28,No
40,Female,Masters,Sylhet,7,113331,19190.54,83.17,22,13,4,1,68,0,2,4,22,Yes
41,Male,Masters,Chittagong,10,26164,2581.75,76.85,13,7,0,3,90,2,3,4,38,No
54,Female,Bachelors,Rajshahi,5,54316,9697.87,97.15,11,11,4,1,14,1,9,7,42,Yes
41,Female,High School,Dhaka,7,77968,11012.77,79.36,10,10,1,4,75,0,8,7,48,Yes
33,Male,Bachelors,Dhaka,14,149942,22647.99,90.75,18,8,3,5,50,0,2,1,23,No
22,Female,Bachelors,Khulna,4,49094,4602.61,91.1,22,10,3,2,43,1,6,3,21,No
47,Male,Masters,Barisal,13,70329,8340.61,82.03,18,22,3,1,63,0,3,9,30,No
35,Male,Masters,Khulna,10,98138,10976.5,99.64,9,11,4,2,29,1,6,6,9,No
59,Female,Masters,Chittagong,13,81141,6925.65,76.6,24,20,0,4,63,0,5,6,46,Yes
58,Male,Bachelors,Sylhet,7,143307,25061.07,90.2,17,17,4,1,75,3,10,4,41,Yes
32,Female,Bachelors,Dhaka,2,98197,14072.87,86.99,5,11,4,2,27,1,4,10,26,No
57,Male,Bachelors,Chittagong,7,97318,5412.32,81.14,16,16,3,2,53,1,7,9,33,No
34,Female,PhD,Khulna,4,94023,16264.81,79.09,23,5,4,4,57,0,10,3,47,Yes
24,Female,High School,Khulna,4,66962,4413.18,93.43,14,10,1,3,44,1,7,8,38,No
54,Female,High School,Dhaka,1,128037,14155.06,97.91,9,26,2,4,88,2,4,6,23,No
27,Female,High School,Khulna,12,102601,13921.78,77.69,24,26,2,1,48,2,3,2,20,Yes
31,Female,Masters,Barisal,3,99859,5107.56,79.85,10,20,2,1,12,1,4,3,14,No
26,Female,Bachelors,Khulna,5,105933,15671.33,99.66,16,5,3,5,28,2,2,1,16,No
44,Female,Bachelors,Rajshahi,5,60957,9079.88,75.38,7,20,3,2,96,0,4,3,44,Yes
31,Male,PhD,Sylhet,2,97864,14472.03,87.71,18,9,2,1,92,0,4,4,18,No
23,Male,Masters,Khulna,4,141358,10534.03,87.9,8,3,0,3,27,1,5,6,24,No
34,Male,Bachelors,Rajshahi,1,58739,5190.17,81.58,21,3,2,3,92,0,1,10,39,No
23,Other,Bachelors,Chittagong,9,53733,4680.49,91.58,21,10,4,4,14,0,2,7,21,No
41,Male,Masters,Khulna,1,60389,11716.07,98.62,18,7,2,1,64,2,8,3,40,No
22,Male,Masters,Barisal,6,71922,4324.61,86.26,19,2,2,1,22,0,8,7,48,Yes
58,Male,Bachelors,Chittagong,7,32580,3724.36,93.74,11,25,0,5,43,0,8,4,41,Yes
30,Female,Bachelors,Khulna,3,130900,23652.07,91.15,8,8,3,5,97,2,5,1,13,No
38,Female,Bachelors,Dhaka,12,146895,24299.36,86.82,21,12,3,5,27,3,8,1,27,No
30,Male,Masters,Rajshahi,1,22084,3828.62,76.25,10,22,4,1,77,1,9,8,11,No
32,Male,Bachelors,Rajshahi,7,92991,18211.73,93.54,15,29,2,4,81,1,4,10,26,No
36,Female,Bachelors,Dhaka,3,97455,10533.84,84.08,16,9,1,4,52,3,4,7,23,No
45,Male,High School,Sylhet,13,127540,12301.02,80.61,19,11,4,4,74,2,7,4,21,No
59,Male,Masters,Barisal,10,129540,7072.74,98.71,16,19,3,4,50,2,5,1,38,No
56,Female,Bachelors,Rajshahi,12,32333,2344.24,94.34,15,20,0,3,47,0,10,6,40,No
51,Female,High School,Chittagong,12,142182,19095.36,99.06,21,23,3,1,47,0,1,10,49,Yes
52,Male,Bachelors,Barisal,6,51668,3805.3,81.41,12,17,3,2,22,1,8,7,38,No
26,Female,Bachelors,Rajshahi,13,26945,4323.21,95.89,16,13,0,1,31,1,4,6,35,No
35,Female,Bachelors,Sylhet,12,117528,6532.78,90.19,13,1,2,4,38,2,8,6,22,No
32,Male,Masters,Chittagong,14,61526,5471.09,99.54,15,1,2,3,18,0,2,8,7,No
30,Other,Bachelors,Barisal,6,62717,9678.36,98.66,7,28,3,3,77,2,4,6,27,No
55,Female,Masters,Chittagong,14,105480,9316.57,99.32,11,8,4,1,26,3,2,2,49,Yes
33,Female,High School,Dhaka,12,27930,4449.64,98.79,7,13,1,2,46,1,5,7,28,No
56,Female,High School,Khulna,4,19333,3854.61,75.19,20,6,4,4,73,1,10,10,14,No
56,Male,High School,Dhaka,12,135384,22956.06,93.53,14,3,4,3,76,2,10,4,38,No
22,Male,Bachelors,Barisal,11,32839,3325.78,81.8,11,16,3,4,13,0,8,3,7,No
43,Male,Bachelors,Khulna,6,66337,12278.23,92.63,24,10,3,4,49,0,7,8,27,No
50,Male,Masters,Dhaka,11,35195,2029.94,99.52,19,7,1,4,25,3,5,10,32,No
29,Male,Masters,Khulna,10,104229,16546.46,75.98,14,22,1,5,20,3,7,5,10,No
32,Female,Bachelors,Rajshahi,4,128251,6861.22,89.17,16,21,1,4,35,3,5,4,41,Yes
58,Female,PhD,Chittagong,13,127265,9695.47,93.37,22,3,3,4,81,2,7,4,36,No
35,Female,Bachelors,Khulna,8,116986,23179.36,81.33,13,14,3,2,74,1,4,5,24,No
51,Female,Masters,Rajshahi,9,65998,6872.55,80.63,13,16,4,2,11,2,4,4,33,No
56,Female,Bachelors,Sylhet,2,46558,8058.02,76.51,8,4,3,5,54,2,10,3,21,No
42,Male,Bachelors,Dhaka,7,17985,1913.84,77.35,9,29,2,5,52,0,4,4,1,Yes
58,Male,Masters,Sylhet,9,76794,13516.07,91.42,11,13,2,4,12,3,8,10,15,No
26,Male,Bachelors,Barisal,9,58585,11413.29,87.63,11,27,1,3,43,1,1,5,10,Yes
40,Female,High School,Rajshahi,12,55264,6373.62,75.75,15,27,3,3,89,3,10,2,13,No
35,Male,Bachelors,Sylhet,5,99816,13365.6,99.24,14,1,2,1,74,3,5,7,31,No
47,Female,Bachelors,Sylhet,1,49022,7073.67,91.4,15,25,4,3,73,3,10,5,21,No
25,Male,Masters,Rajshahi,6,33065,6289.8,87.89,22,5,0,3,16,1,2,9,4,No
46,Female,Bachelors,Chittagong,8,129382,11451.81,81.82,16,18,4,2,44,0,10,6,35,No
46,Female,Masters,Khulna,1,143145,20281.84,91.45,20,12,0,1,31,1,4,1,22,No
39,Female,Bachelors,Barisal,2,102191,10087.07,84.1,8,11,4,1,57,1,5,9,18,No
29,Other,Bachelors,Barisal,13,86819,7166.04,92.56,21,9,2,2,41,0,8,5,28,No
35,Female,Masters,Dhaka,13,122158,7663.95,92.06,21,28,3,3,35,1,2,9,41,Yes
53,Female,Bachelors,Khulna,1,18143,2596.38,77.32,9,7,0,3,15,1,2,1,22,Yes
59,Female,PhD,Dhaka,5,72505,13218.59,97.73,17,14,3,1,55,2,2,2,8,Yes
54,Female,Bachelors,Barisal,2,43896,4508.51,87.17,7,24,3,3,64,1,8,3,17,No
44,Female,Bachelors,Khulna,10,65629,8722.11,84.82,21,29,2,1,84,2,3,5,30,Yes
36,Male,High School,Sylhet,10,54916,8035.31,98.89,15,3,1,3,64,2,5,6,36,No
54,Male,Bachelors,Chittagong,14,76330,8564.04,85.96,5,16,1,4,94,2,2,5,16,No
46,Female,Bachelors,Sylhet,4,22551,4183.26,93.03,22,7,0,2,66,3,6,1,17,No
38,Male,Masters,Chittagong,1,115972,12109.02,91.38,21,27,2,5,95,0,10,4,26,No
54,Male,Bachelors,Rajshahi,7,134623,9255.55,79.13,13,1,3,4,72,3,6,6,20,No
23,Other,Bachelors,Dhaka,8,128216,9180.66,99.78,24,6,4,3,10,0,2,4,0,No
35,Female,High School,Dhaka,5,82782,15201.15,86.59,11,26,4,5,30,1,4,4,31,No
27,Female,High School,Rajshahi,2,80391,15933.59,84.87,9,6,0,4,29,2,2,5,13,No
27,Male,Bachelors,Khulna,8,119957,11196.87,97.99,20,27,0,2,82,3,10,8,45,Yes
24,Male,Masters,Rajshahi,1,138546,9911.64,88.23,11,10,0,5,38,1,4,5,13,No
28,Male,Masters,Barisal,7,140006,17127.19,92.63,17,12,2,5,52,3,7,7,32,No
29,Male,Masters,Rajshahi,1,78411,12265.77,96.16,17,22,4,2,54,1,5,8,35,No
36,Male,Masters,Chittagong,12,88185,12509.96,80.89,19,19,2,4,74,3,10,6,38,No
50,Male,Bachelors,Barisal,6,146960,28314.23,79.24,21,6,2,5,12,1,4,6,11,No
54,Female,Masters,Rajshahi,13,142574,24617.78,76.71,21,14,3,2,29,1,10,2,44,Yes
51,Female,High School,Dhaka,6,44424,8011.68,97.43,23,3,2,4,90,3,10,10,24,No
48,Male,Bachelors,Sylhet,5,56559,7423.37,80.01,14,10,2,3,46,1,3,5,14,No
57,Male,Bachelors,Chittagong,2,26075,2583.81,82.69,6,9,3,1,47,2,6,1,19,No
50,Male,High School,Chittagong,2,24950,3873.75,82.15,18,23,1,3,83,2,2,9,33,No
59,Male,Masters,Khulna,9,54305,6291.67,82.61,7,29,3,3,54,2,4,7,13,No
54,Female,Bachelors,Sylhet,5,18569,1729.95,91.7,11,20,0,1,51,2,8,2,29,Yes
58,Male,Masters,Chittagong,5,81778,5956.76,98.85,15,19,1,3,55,0,2,6,43,Yes
48,Male,Bachelors,Rajshahi,7,117633,15195.96,83.24,21,22,4,3,69,3,9,10,12,No
54,Male,High School,Chittagong,6,45085,6273.04,85.19,19,15,2,2,22,2,2,9,13,Yes
25,Male,Masters,Chittagong,2,111307,15061.82,94.28,23,9,1,2,40,2,8,5,28,No
43,Female,Bachelors,Chittagong,11,107174,7232.34,85.81,15,19,4,4,77,2,8,3,25,No
23,Female,Bachelors,Khulna,1,51163,6932.49,98.15,19,8,3,5,71,0,7,10,2,No
31,Female,High School,Chittagong,5,64592,4861.33,87.58,19,22,3,4,58,3,10,4,24,No
26,Male,Bachelors,Chittagong,4,132431,19806.0,83.69,10,4,0,2,27,1,6,3,26,No
31,Female,Bachelors,Khulna,12,23039,2635.84,99.29,19,5,0,2,84,0,1,1,44,Yes
54,Female,Bachelors,Barisal,3,18824,3337.84,85.64,13,19,1,1,62,2,2,10,39,Yes
59,Female,PhD,Sylhet,2,65420,10908.12,80.78,9,14,2,1,27,2,7,7,15,No
34,Male,Masters,Barisal,10,104535,16585.24,79.44,23,18,3,2,60,0,4,8,37,No
52,Male,Masters,Dhaka,2,18436,2859.62,99.88,9,25,1,3,50,3,9,2,10,No
57,Female,Masters,Khulna,14,108550,14553.65,93.82,17,29,1,4,76,3,3,8,28,No
45,Female,Bachelors,Khulna,4,31057,1837.55,85.22,22,19,1,2,74,1,4,9,46,Yes
36,Male,Bachelors,Chittagong,2,16310,2419.16,95.66,24,6,0,2,92,0,3,7,23,Yes
50,Male,High School,Chittagong,4,141913,17035.0,88.67,21,5,3,1,15,3,7,1,28,No
29,Male,High School,Dhaka,3,81013,9756.66,82.93,19,26,0,4,83,0,2,4,33,Yes
26,Female,PhD,Chittagong,9,75022,8016.35,93.58,18,11,0,4,46,3,10,7,10,No
50,Male,Bachelors,Rajshahi,7,33546,6352.29,93.65,20,24,1,5,21,3,2,6,19,No
25,Female,Bachelors,Chittagong,14,113812,9949.18,87.5,8,5,4,2,90,2,2,8,19,Yes
33,Male,Bachelors,Chittagong,13,87855,8564.91,76.13,21,27,4,5,11,3,4,6,8,No
23,Female,Bachelors,Rajshahi,11,48149,9362.87,76.93,24,8,4,1,62,3,8,10,22,No
48,Female,High School,Dhaka,12,128591,22056.32,94.72,18,27,1,5,34,0,8,6,35,No
52,Male,High School,Rajshahi,3,44858,2337.68,95.59,22,5,2,3,37,3,8,10,48,Yes
57,Female,High School,Khulna,13,60330,11216.32,91.96,10,11,3,2,54,3,8,6,26,No
57,Male,Bachelors,Rajshahi,14,107203,9004.74,95.98,12,26,1,2,46,0,7,7,23,Yes
47,Female,Bachelors,Sylhet,8,40293,6281.27,92.99,13,13,1,4,26,3,6,5,39,No
48,Female,High School,Khulna,9,71869,9555.77,97.42,5,6,0,5,78,0,7,9,24,No
26,Male,Masters,Chittagong,13,105429,13760.78,78.76,17,5,4,4,65,0,5,7,24,No
41,Female,Bachelors,Khulna,7,20704,3264.78,84.69,7,18,1,5,67,0,8,1,47,Yes
32,Other,Bachelors,Dhaka,6,147848,11987.1,86.6,10,26,2,5,92,0,2,9,32,Yes
31,Male,PhD,Dhaka,4,63281,4673.54,82.44,21,10,3,1,13,2,5,6,30,No
59,Female,Bachelors,Rajshahi,5,131972,19503.73,93.13,12,16,2,5,64,2,7,8,9,No
27,Female,Masters,Khulna,8,128532,12028.91,97.81,10,22,1,4,58,2,9,9,38,No
29,Female,Masters,Chittagong,3,81780,16036.45,85.31,20,14,1,5,47,2,10,2,14,No
44,Male,Bachelors,Dhaka,2,147405,17353.52,98.54,5,23,0,5,54,0,1,2,0,No
47,Male,Masters,Barisal,3,70333,4693.99,87.92,14,15,2,2,39,0,9,5,15,No
33,Male,Masters,Chittagong,12,148005,22625.86,88.06,22,3,0,2,46,0,3,5,20,No
47,Female,Bachelors,Barisal,7,104893,10061.74,90.01,18,3,2,2,65,0,1,10,1,Yes
34,Male,Bachelors,Sylhet,8,77958,5635.44,81.71,9,12,4,3,36,2,7,10,2,No
39,Female,Masters,Barisal,1,45844,5199.79,84.58,21,23,4,2,41,3,3,2,14,No
46,Male,Masters,Dhaka,13,129501,25205.21,88.83,18,15,2,3,20,2,8,10,31,No
54,Female,Bachelors,Rajshahi,7,106200,11864.09,98.55,22,11,0,3,67,0,2,4,49,Yes
33,Male,Bachelors,Sylhet,9,15792,1612.36,91.07,8,10,4,4,86,0,4,9,46,Yes
57,Male,Masters,Khulna,12,98187,11456.1,83.33,24,20,1,2,44,3,2,4,26,Yes
25,Male,Bachelors,Chittagong,13,57510,2980.02,75.26,6,15,3,5,26,0,4,1,35,No
26,Male,Bachelors,Dhaka,14,128104,8962.83,99.54,11,18,0,1,39,3,1,5,34,Yes
58,Female,Masters,Sylhet,14,54632,9694.51,87.32,11,25,2,5,27,0,10,2,38,No
29,Female,Bachelors,Sylhet,3,98568,19388.83,98.46,11,14,3,2,39,3,5,6,23,No
49,Female,Bachelors,Dhaka,3,80214,5911.07,88.73,17,29,3,5,99,1,3,1,7,No
52,Other,Masters,Khulna,8,59870,7802.72,90.14,23,25,1,2,25,1,9,7,6,No
30,Female,Masters,Khulna,4,63110,12303.3,92.8,10,6,0,2,84,1,4,7,3,No
50,Female,Bachelors,Rajshahi,14,124414,9142.84,83.02,24,14,3,5,63,1,6,4,29,No
35,Female,Bachelors,Barisal,8,33077,2578.23,92.47,21,16,0,3,13,0,9,9,9,No
43,Female,Bachelors,Khulna,5,79874,15097.98,88.17,22,2,1,4,24,0,2,3,24,No
32,Male,PhD,Rajshahi,14,24754,3857.99,91.81,5,19,2,4,85,0,7,5,41,Yes
44,Female,High School,Barisal,3,40688,2961.88,95.9,17,5,3,4,36,1,3,5,46,Yes
22,Male,Bachelors,Sylhet,4,22048,2403.76,79.61,23,11,3,4,13,3,1,8,31,No
58,Female,Bachelors,Dhaka,14,37568,2195.49,90.34,20,11,3,1,44,3,9,10,31,No
42,Female,Masters,Khulna,4,112583,12935.87,76.3,14,21,0,2,94,1,9,10,49,Yes
47,Male,High School,Rajshahi,8,109449,18243.53,77.55,17,29,3,1,72,0,4,4,31,Yes
57,Male,Bachelors,Sylhet,6,60217,8014.63,91.86,14,25,0,4,75,1,9,1,9,No
44,Female,High School,Khulna,7,142873,21018.95,76.77,18,26,4,4,48,2,7,5,8,No
22,Female,Masters,Chittagong,9,40358,3996.37,89.88,13,19,4,5,37,3,4,1,24,No
36,Male,Bachelors,Sylhet,6,129064,9577.76,80.5,15,18,0,4,43,1,2,3,24,No
42,Female,Bachelors,Khulna,3,26023,1352.35,82.6,7,26,4,2,42,1,5,6,40,Yes
30,Female,Bachelors,Sylhet,13,110387,19118.68,78.24,12,8,1,4,59,1,8,1,15,No
30,Male,Masters,Dhaka,3,101728,14801.24,81.22,16,23,1,4,69,1,10,10,48,Yes
31,Other,Bachelors,Dhaka,11,42410,3579.33,95.53,7,12,4,1,81,0,10,3,15,No
47,Female,High School,Dhaka,3,120696,13610.3,90.97,11,9,2,2,81,3,6,7,29,No
56,Male,Bachelors,Barisal,12,26447,4501.72,98.74,18,3,0,3,51,2,5,2,37,No
46,Female,PhD,Chittagong,10,132954,17391.05,76.22,11,6,4,5,95,0,4,6,4,No
47,Female,Bachelors,Dhaka,2,101569,9651.49,94.81,11,21,0,3,37,1,6,7,6,No
32,Male,PhD,Chittagong,1,110894,9989.07,92.48,18,21,4,1,84,1,3,2,12,No
59,Male,Masters,Dhaka,11,28907,2388.94,81.52,16,26,1,4,36,1,2,5,7,Yes
23,Male,High School,Barisal,10,36637,6358.7,93.23,5,24,2,5,10,1,1,10,32,No
28,Female,Bachelors,Sylhet,1,148661,20408.04,92.91,9,1,0,2,17,3,9,10,9,No
39,Female,Bachelors,Khulna,4,38560,6029.77,86.48,15,17,2,5,55,1,1,1,19,No
48,Female,Bachelors,Khulna,3,18034,3228.41,92.22,5,3,1,1,33,2,4,3,31,Yes
55,Female,Bachelors,Dhaka,5,146241,28960.0,86.11,17,27,3,4,49,0,6,1,28,No
48,Female,Bachelors,Khulna,12,107449,9393.46,83.39,21,18,3,1,60,3,9,3,0,No
38,Male,Masters,Dhaka,9,18239,1406.87,86.66,7,18,0,2,33,1,4,4,26,Yes
45,Male,Bachelors,Dhaka,12,18415,2196.9,97.38,14,2,1,3,31,2,7,5,19,No
46,Male,Masters,Rajshahi,13,91944,5080.89,84.61,23,4,0,4,83,0,7,4,13,No
28,Male,High School,Rajshahi,8,149556,25238.72,85.09,11,1,0,4,77,0,6,4,14,No
27,Female,High School,Rajshahi,12,68987,12594.54,90.21,24,10,0,1,17,3,9,9,5,No
45,Female,Masters,Chittagong,9,33225,5080.3,93.82,7,25,2,1,67,0,10,9,1,No
54,Male,Bachelors,Rajshahi,13,95459,8610.33,93.37,16,5,4,1,24,1,7,9,28,No
50,Female,Masters,Dhaka,5,35936,2460.66,75.49,14,5,1,4,17,1,3,5,38,No
43,Female,Bachelors,Barisal,8,54612,5861.05,92.19,16,9,2,1,51,2,6,5,31,No
47,Male,Bachelors,Barisal,4,110533,19343.31,86.26,19,14,4,5,48,2,7,2,4,No
49,Male,Masters,Sylhet,5,135877,13883.12,88.1,10,21,0,5,44,0,7,6,21,No
42,Male,Bachelors,Rajshahi,12,117269,6466.0,89.04,23,13,3,5,50,3,6,2,27,No
28,Male,Bachelors,Barisal,3,54952,5008.44,93.29,9,13,2,4,57,1,3,10,31,No
38,Female,PhD,Rajshahi,5,73945,14677.48,95.78,24,27,1,1,87,0,6,5,28,Yes
41,Male,Bachelors,Sylhet,12,20380,3087.58,91.16,6,24,1,2,80,3,2,5,39,Yes
41,Male,Masters,Barisal,3,95821,17739.17,89.1,23,27,4,1,53,0,10,4,2,Yes
43,Male,Masters,Dhaka,5,64744,10762.38,84.34,23,1,2,4,44,3,1,5,30,No
49,Other,Masters,Chittagong,11,95262,12475.11,78.45,8,17,0,5,36,2,8,7,12,No
28,Male,High School,Rajshahi,14,72331,5229.77,98.96,24,20,4,4,74,1,3,10,5,No
22,Male,Bachelors,Barisal,5,107551,11002.11,86.55,9,8,1,1,79,2,8,2,20,No
53,Male,Masters,Barisal,6,78815,10841.87,89.16,11,3,2,4,75,1,3,1,13,No
34,Male,Bachelors,Sylhet,9,86519,15624.89,93.78,8,17,3,2,80,3,2,4,24,Yes
51,Male,High School,Dhaka,1,107526,9709.73,76.71,15,27,0,4,81,3,8,7,6,No
44,Female,Bachelors,Khulna,12,124365,8479.71,96.38,7,12,1,3,72,0,3,1,42,Yes
40,Male,Bachelors,Barisal,10,51366,6874.05,94.93,9,25,2,4,89,3,8,4,21,No
53,Male,Masters,Chittagong,14,114830,8781.65,94.36,24,25,3,1,38,3,2,6,31,Yes
51,Female,Masters,Sylhet,6,56911,8055.99,75.55,19,25,1,3,40,0,4,6,40,No
50,Male,Bachelors,Barisal,1,98422,8811.55,88.16,22,25,3,5,73,0,9,1,31,No
50,Male,High School,Barisal,6,68619,5808.22,76.36,20,18,1,1,95,1,1,7,41,Yes
51,Male,Masters,Sylhet,2,37791,4152.37,88.77,20,14,4,2,62,3,2,5,29,Yes
37,Other,Bachelors,Sylhet,8,23301,3238.34,92.96,14,11,4,4,83,0,2,6,16,No
40,Male,PhD,Rajshahi,11,141866,18697.61,78.05,5,27,4,4,77,1,9,1,39,No
39,Female,Bachelors,Barisal,3,118623,10285.82,92.37,15,16,2,1,34,1,10,7,37,No
22,Female,Bachelors,Khulna,10,127824,23477.11,86.24,21,27,4,4,22,2,5,4,20,No
35,Male,Bachelors,Chittagong,14,51894,3450.03,95.29,19,4,2,4,90,0,4,3,25,No
23,Other,PhD,Dhaka,6,94618,5291.05,88.34,11,18,0,5,49,2,10,4,42,Yes
49,Male,Bachelors,Dhaka,6,85994,12074.07,83.4,10,7,4,4,81,1,10,9,2,No
51,Male,Bachelors,Khulna,4,56770,3889.37,83.3,19,11,2,4,96,3,4,5,37,No
59,Female,Bachelors,Sylhet,5,37300,4689.86,97.44,19,16,1,5,16,0,7,5,16,No
25,Female,Masters,Sylhet,2,133025,25642.7,86.32,11,16,2,4,41,0,3,8,38,No
22,Female,Masters,Sylhet,10,135605,20989.9,85.14,7,3,2,5,33,1,9,7,5,No
29,Male,Bachelors,Barisal,10,55285,7884.66,76.0,18,25,1,2,10,0,5,3,20,No
50,Male,Bachelors,Sylhet,8,132713,18078.27,84.11,13,23,2,4,56,1,9,1,44,Yes
24,Female,Bachelors,Sylhet,10,63671,4898.27,96.24,7,24,1,1,60,0,1,2,45,Yes
53,Male,Bachelors,Barisal,7,133216,15306.14,94.02,10,9,3,3,45,0,10,3,39,No
31,Male,High School,Barisal,10,35270,3575.62,80.52,24,8,4,2,36,3,8,1,12,No
31,Male,Bachelors,Khulna,6,134870,26024.67,85.33,13,7,0,4,79,1,2,1,8,No
40,Male,Bachelors,Rajshahi,7,142897,12338.88,79.91,5,25,2,1,51,2,8,8,4,No
55,Female,High School,Barisal,12,87265,10535.28,98.86,13,27,1,3,85,3,4,8,42,Yes
54,Male,Bachelors,Chittagong,1,26171,4991.12,89.95,16,17,4,5,99,1,2,2,6,No
44,Other,Masters,Sylhet,14,75684,12743.45,93.86,8,11,2,4,98,0,2,8,37,No
49,Male,Bachelors,Rajshahi,14,64948,12643.9,92.85,20,4,4,5,77,1,6,2,43,Yes
53,Female,Bachelors,Dhaka,5,49725,7023.63,96.84,9,4,3,2,79,1,3,5,43,Yes
28,Male,Bachelors,Khulna,7,34450,3447.34,98.73,21,5,2,3,22,3,10,1,37,No
50,Male,Bachelors,Rajshahi,1,140900,24516.24,75.81,21,8,1,3,34,1,3,9,30,No
29,Male,High School,Barisal,2,99600,9334.36,99.38,10,10,3,5,31,0,9,4,3,No
22,Male,Masters,Sylhet,9,126315,9437.74,96.76,19,17,2,5,30,2,5,10,12,No
24,Male,High School,Sylhet,12,35115,5475.95,84.57,5,6,4,2,24,2,7,2,43,Yes
45,Other,Bachelors,Sylhet,3,114405,16685.21,95.93,17,9,3,1,76,0,5,1,14,No
44,Female,Bachelors,Rajshahi,6,102404,18621.38,93.41,20,10,1,4,46,2,2,6,39,Yes
29,Male,Masters,Sylhet,7,125670,24416.26,94.83,6,8,2,1,54,3,8,8,12,No
58,Male,Bachelors,Barisal,9,57738,10310.83,80.52,23,15,4,3,35,1,9,4,42,Yes
24,Male,Bachelors,Rajshahi,5,147053,8676.61,91.21,6,18,4,4,90,1,2,1,42,Yes
54,Female,High School,Sylhet,4,96666,14468.68,75.65,16,23,3,2,64,2,2,1,42,Yes
49,Female,Bachelors,Dhaka,11,99351,16662.14,96.21,16,5,2,1,59,2,4,6,25,No
29,Female,PhD,Dhaka,12,25728,5075.86,98.78,12,18,4,1,44,2,8,2,18,No
55,Male,Masters,Chittagong,2,120852,12834.39,91.55,16,27,3,4,50,3,5,5,48,Yes
56,Male,High School,Sylhet,3,98911,7466.02,87.82,15,1,0,2,81,1,5,2,0,No
53,Male,Bachelors,Sylhet,5,132616,23597.69,93.14,6,2,4,2,20,1,7,9,12,No
45,Female,Masters,Rajshahi,11,51214,4999.51,83.16,5,27,3,1,97,0,4,2,24,Yes
35,Female,Bachelors,Rajshahi,13,60588,8465.98,90.66,8,10,0,1,17,0,9,5,19,No
53,Female,Bachelors,Sylhet,2,83408,9048.45,92.97,13,6,3,5,63,3,4,4,40,No
37,Female,Masters,Chittagong,13,49103,5418.46,78.57,11,27,4,4,10,1,8,1,22,No
25,Male,Masters,Sylhet,4,85949,13740.64,78.5,14,28,0,2,29,1,3,10,23,Yes
58,Female,Bachelors,Barisal,1,28423,2962.28,92.9,24,24,3,3,43,0,6,9,42,Yes
42,Male,Bachelors,Rajshahi,4,53062,8169.49,85.79,18,19,2,4,66,0,1,3,40,Yes
35,Female,Bachelors,Sylhet,7,16987,885.86,97.23,5,21,0,5,22,1,7,10,48,Yes
52,Male,Masters,Rajshahi,14,77979,7696.3,82.8,9,11,3,4,63,3,7,8,38,No
39,Male,Bachelors,Sylhet,12,52597,5146.96,76.06,17,18,2,1,62,2,2,4,39,Yes
28,Female,Bachelors,Khulna,3,98905,16054.78,91.25,10,28,0,4,61,3,5,9,29,No
31,Female,Bachelors,Rajshahi,10,91970,8937.97,92.11,21,16,3,4,15,1,4,5,33,No
28,Female,High School,Chittagong,8,78805,11426.65,88.84,19,8,4,4,45,2,10,2,45,Yes
54,Male,Bachelors,Khulna,6,134779,20658.74,92.08,11,4,0,3,34,3,9,8,9,No
44,Female,Bachelors,Barisal,6,72467,10780.47,88.09,12,11,0,5,67,3,2,4,40,Yes
42,Male,Bachelors,Sylhet,14,122732,17243.12,92.32,6,10,2,4,64,1,3,2,0,No
40,Female,Bachelors,Barisal,1,116460,13048.47,76.1,22,16,3,4,12,0,1,6,11,Yes
40,Male,Masters,Rajshahi,5,149461,15842.23,84.21,11,12,4,3,37,3,10,1,45,Yes
57,Other,High School,Khulna,3,133105,17927.59,80.27,24,22,2,2,77,3,5,8,28,No
50,Female,Masters,Barisal,10,139535,8310.07,77.48,20,3,0,4,90,0,3,9,10,No
39,Female,Masters,Chittagong,1,24458,4436.02,80.85,23,11,2,4,47,3,4,7,40,No
23,Male,Bachelors,Rajshahi,8,83481,14508.77,79.78,13,24,2,2,43,3,4,9,16,No
22,Male,Bachelors,Khulna,7,89888,9164.77,99.33,16,16,2,4,93,0,6,2,19,No
26,Female,Masters,Barisal,7,91022,12290.05,82.16,18,24,0,4,22,1,10,1,37,No
41,Male,Bachelors,Khulna,12,82628,15685.62,80.77,11,3,1,4,14,1,7,7,5,No
32,Female,Bachelors,Khulna,10,85648,7772.17,95.87,6,28,2,5,69,1,7,4,19,No
23,Male,Bachelors,Barisal,14,31937,5153.62,85.48,21,25,1,1,97,2,8,10,9,No
24,Male,Bachelors,Dhaka,10,16112,1005.55,85.54,15,10,4,5,26,1,3,8,9,No
44,Female,Masters,Sylhet,10,63355,8141.49,86.09,22,29,4,2,66,2,5,3,30,Yes
33,Female,Masters,Rajshahi,4,90561,16536.02,85.41,16,21,4,5,40,2,10,7,25,No
41,Female,Masters,Rajshahi,13,133181,17680.63,83.16,7,16,3,5,74,2,6,7,16,No
26,Female,High School,Rajshahi,11,75482,10751.5,82.16,18,26,0,3,75,0,6,10,13,No
58,Male,High School,Khulna,6,94098,17515.96,97.05,19,25,1,2,42,2,8,9,4,No
59,Female,Bachelors,Barisal,13,137978,21704.5,79.04,23,7,3,2,13,2,5,4,2,No
51,Male,High School,Sylhet,9,71625,11057.5,79.53,14,15,1,2,91,0,5,10,42,Yes
30,Female,Bachelors,Chittagong,14,139359,19225.63,89.29,13,15,0,5,64,3,1,1,19,Yes
55,Female,Bachelors,Rajshahi,3,86246,12501.21,83.59,14,10,2,2,33,3,1,7,45,Yes
56,Male,Bachelors,Barisal,9,27588,4705.29,85.54,24,3,3,3,41,2,6,10,14,No
43,Female,Bachelors,Sylhet,4,130910,25774.21,95.16,8,6,0,4,82,1,10,6,2,No
45,Female,Bachelors,Sylhet,5,143658,24321.13,97.59,23,26,3,5,56,3,10,1,2,No
38,Male,Bachelors,Dhaka,7,35967,5615.55,94.76,14,18,4,4,25,1,5,9,22,No
31,Other,Bachelors,Barisal,6,145153,10208.86,80.87,21,22,3,4,30,0,10,10,8,No
51,Male,Bachelors,Rajshahi,10,39256,6774.1,99.5,16,28,2,5,76,3,6,8,10,No
44,Male,Bachelors,Khulna,8,143121,22956.49,84.08,5,5,2,5,40,0,9,10,46,Yes
53,Male,Masters,Sylhet,8,95732,15849.85,79.23,15,16,1,2,23,2,8,4,48,Yes
38,Male,Masters,Sylhet,8,145145,12288.62,87.49,17,13,3,3,15,3,7,5,43,Yes
38,Female,PhD,Chittagong,3,148578,27563.68,93.13,5,3,4,5,78,2,7,8,48,Yes
35,Female,Bachelors,Dhaka,14,113120,7306.67,77.08,5,15,2,4,38,2,6,2,40,No
30,Female,High School,Sylhet,10,59840,5268.42,90.86,20,23,1,5,64,0,6,6,12,No
23,Female,Bachelors,Sylhet,6,127647,19077.29,96.45,11,27,4,3,46,3,1,10,7,Yes
46,Male,Masters,Khulna,7,74321,11226.72,81.54,14,20,4,1,68,3,7,2,21,No
30,Male,Bachelors,Khulna,9,58202,5645.52,92.33,20,27,4,4,45,3,5,8,37,No
43,Male,Masters,Chittagong,10,149162,23154.11,85.0,5,6,0,1,94,2,7,5,26,No
25,Male,Bachelors,Barisal,10,74231,8031.02,85.35,13,25,2,1,85,3,6,10,25,No
47,Female,Masters,Chittagong,14,36552,1828.56,82.02,10,28,0,3,68,1,8,3,22,No
50,Male,Masters,Chittagong,12,36661,2727.25,90.61,19,22,0,5,96,1,3,2,38,No
55,Male,High School,Khulna,4,146642,26746.44,84.02,8,4,2,1,87,2,8,4,30,No
44,Male,Bachelors,Barisal,5,80843,6742.64,95.77,19,15,3,2,73,0,7,8,28,No
58,Female,Bachelors,Khulna,8,84278,5641.28,99.07,14,26,1,5,52,1,1,1,0,Yes
32,Female,Bachelors,Dhaka,1,109328,16653.94,98.38,20,18,2,4,51,0,3,10,9,No
27,Female,Bachelors,Rajshahi,12,146837,17048.65,79.08,17,9,1,5,83,3,10,3,46,Yes
39,Female,Bachelors,Rajshahi,6,141355,23958.07,75.35,23,20,3,3,69,1,4,1,45,Yes
42,Female,Bachelors,Dhaka,4,39198,7024.94,85.96,24,4,2,3,71,2,9,2,3,No
57,Female,Bachelors,Rajshahi,5,76201,13479.83,93.22,8,16,4,4,73,2,6,10,30,No
59,Male,Bachelors,Barisal,11,88271,8558.0,99.44,24,18,2,4,67,0,7,7,3,No
55,Female,High School,Khulna,5,126578,15927.55,94.59,20,5,3,4,11,2,5,1,28,No
38,Female,Bachelors,Rajshahi,2,55364,8167.37,89.51,15,13,0,3,87,0,3,9,8,No
58,Female,Bachelors,Barisal,8,130227,12800.98,75.66,19,6,2,5,80,0,5,8,14,No
46,Female,Masters,Khulna,2,115353,6478.79,95.64,15,26,4,1,90,1,7,1,43,Yes
59,Male,High School,Barisal,4,147735,18370.8,79.43,15,22,2,1,93,1,9,10,40,No
33,Female,Masters,Dhaka,12,92564,4806.18,76.39,7,19,0,2,17,2,9,1,2,No
44,Female,Bachelors,Chittagong,13,120447,23197.71,96.26,21,12,2,3,65,0,8,2,14,No
43,Male,High School,Dhaka,5,34631,5870.04,89.16,9,15,4,4,93,1,5,2,10,No
42,Female,Bachelors,Rajshahi,14,48500,3821.87,78.21,17,9,3,5,45,3,7,6,5,No
48,Male,Bachelors,Khulna,1,73915,6884.13,84.66,14,7,4,3,78,2,4,1,46,Yes
52,Female,Bachelors,Barisal,6,117760,23248.86,77.14,9,29,3,2,22,2,10,4,6,Yes
27,Female,Bachelors,Rajshahi,2,41897,4442.43,90.95,16,14,4,1,48,3,5,7,45,Yes
48,Male,Bachelors,Rajshahi,14,116639,19543.84,82.06,12,19,1,5,90,3,4,9,3,No
55,Female,High School,Chittagong,5,128849,15078.21,96.65,16,20,2,1,15,3,3,10,20,No
33,Male,High School,Rajshahi,6,126118,22652.61,83.94,20,16,2,5,28,1,1,3,0,No
28,Female,Masters,Chittagong,11,72320,11250.32,87.37,6,23,0,4,34,3,5,4,22,No
31,Male,Bachelors,Khulna,8,83289,4450.67,76.59,7,27,1,5,12,2,2,5,12,Yes
38,Female,Bachelors,Khulna,9,46941,4419.89,81.89,22,24,0,4,62,1,6,5,42,Yes
47,Male,Masters,Barisal,13,90172,12055.89,91.92,21,22,2,3,37,0,5,2,27,No
42,Female,Bachelors,Chittagong,12,18376,3471.71,93.41,6,4,0,1,35,3,2,5,28,Yes
49,Male,Masters,Dhaka,6,45783,2989.84,81.07,16,12,3,5,56,2,8,10,17,No
23,Female,Bachelors,Khulna,5,58025,8133.62,87.6,21,18,1,5,17,3,5,1,22,No
22,Female,High School,Barisal,12,31447,2997.73,95.44,10,26,4,2,66,0,2,7,27,Yes
57,Other,Masters,Dhaka,4,31713,5816.14,84.5,21,8,3,1,64,1,1,5,8,Yes
47,Female,Bachelors,Khulna,2,143869,23706.08,78.34,6,17,4,3,88,0,2,6,42,Yes
50,Female,Masters,Khulna,2,19858,2094.13,85.8,12,25,0,4,10,1,1,9,5,Yes
42,Male,Bachelors,Barisal,7,74834,5617.45,90.02,18,24,2,3,49,2,10,3,15,No
32,Male,Bachelors,Barisal,5,97060,5020.4,75.18,10,3,3,2,32,2,10,1,36,No
32,Male,Masters,Sylhet,7,118898,17022.65,83.71,13,26,1,3,63,2,3,8,0,No
57,Female,High School,Rajshahi,13,117207,13000.43,90.19,5,4,4,4,51,0,3,2,21,No
56,Female,Masters,Rajshahi,11,101366,9854.14,98.8,9,10,3,1,89,3,10,2,45,Yes
55,Male,Bachelors,Dhaka,1,15869,3139.29,85.21,11,16,2,2,59,3,1,10,22,Yes
45,Female,Bachelors,Rajshahi,1,77624,9308.77,79.07,13,20,1,5,13,0,7,4,20,No
43,Female,Bachelors,Dhaka,5,108676,17657.23,88.36,18,2,1,5,17,3,10,5,30,No
26,Female,Masters,Khulna,2,18659,1429.5,82.14,13,12,4,1,45,0,7,1,37,Yes
54,Male,High School,Sylhet,8,121888,6340.41,80.37,8,16,3,3,19,3,9,3,27,No
57,Male,Bachelors,Sylhet,14,73185,8243.15,89.76,24,27,3,5,39,1,5,8,43,Yes
41,Female,Masters,Khulna,3,132136,19800.54,97.9,19,10,1,2,25,2,4,6,26,No
40,Female,Masters,Barisal,1,77758,9796.72,95.88,8,5,0,4,39,3,5,3,38,No
56,Male,High School,Chittagong,13,147430,27063.72,79.56,7,29,1,3,73,0,8,7,41,Yes
38,Female,Bachelors,Chittagong,2,106150,12217.54,94.15,18,12,2,4,83,1,8,6,41,Yes
55,Female,Bachelors,Rajshahi,10,32216,3113.69,80.75,13,3,3,3,20,3,4,5,12,No
30,Female,Bachelors,Barisal,10,56209,10533.98,82.27,23,12,4,2,43,3,8,8,31,No
47,Female,Bachelors,Dhaka,7,57987,6437.74,98.0,10,27,3,4,89,0,4,8,6,No
23,Male,Bachelors,Sylhet,6,123024,11127.17,97.78,7,1,1,2,64,1,4,3,32,No
30,Male,Bachelors,Rajshahi,12,57320,3705.69,79.22,22,2,2,4,92,2,8,8,46,Yes
30,Female,Masters,Khulna,8,26301,4444.78,76.6,20,11,0,3,13,0,2,10,45,Yes
38,Male,Masters,Barisal,7,141560,24597.99,82.33,7,12,3,2,58,3,4,9,12,No
22,Male,Bachelors,Sylhet,14,15891,873.92,89.54,6,7,1,3,53,2,1,10,31,Yes
46,Male,Bachelors,Dhaka,10,65457,6794.23,96.92,6,1,1,3,40,3,1,3,6,No
46,Male,Bachelors,Dhaka,13,128389,20860.83,77.97,14,28,1,4,57,0,8,8,11,No
56,Male,Bachelors,Chittagong,8,35932,6897.41,85.37,19,13,2,4,35,1,4,8,39,No
24,Male,Masters,Rajshahi,3,19192,2047.26,81.79,7,13,1,2,79,2,6,7,14,Yes
58,Male,Bachelors,Khulna,6,31128,5628.19,75.37,12,2,1,5,21,0,5,8,48,Yes
51,Male,Bachelors,Sylhet,13,37836,4126.32,94.71,22,10,1,1,54,0,10,1,20,No
59,Female,Bachelors,Dhaka,7,39837,3064.43,95.33,15,23,3,4,17,2,6,3,11,No
55,Female,Bachelors,Sylhet,10,132028,6669.65,80.53,11,1,1,3,18,1,4,6,12,No
33,Female,High School,Khulna,11,131481,13085.93,78.78,23,7,2,1,10,3,4,7,39,No
40,Male,High School,Sylhet,1,140176,14966.77,78.61,11,13,3,2,14,2,7,7,41,Yes
58,Male,Bachelors,Rajshahi,1,140172,26880.45,86.6,6,24,1,1,80,0,1,6,38,Yes
38,Female,Bachelors,Chittagong,7,37778,3056.64,81.16,10,27,0,1,91,2,9,4,1,Yes
31,Female,Masters,Sylhet,13,58130,6239.36,87.78,9,29,2,5,63,2,10,5,28,No
33,Male,Masters,Barisal,11,31708,1705.04,84.62,18,2,0,5,33,1,3,9,47,Yes
37,Male,Bachelors,Chittagong,13,122481,20151.92,80.27,22,20,2,1,35,1,4,1,28,No
45,Female,Bachelors,Khulna,3,19782,3704.6,93.78,8,7,0,5,19,3,9,2,35,No
40,Male,Bachelors,Chittagong,3,25052,2146.28,78.76,8,17,1,5,70,2,5,5,37,No
29,Male,Bachelors,Sylhet,5,34521,3947.45,94.97,17,22,0,1,49,1,4,5,6,No
52,Female,Bachelors,Sylhet,11,84690,5785.76,89.04,5,5,0,4,53,1,6,7,29,No
42,Male,Bachelors,Barisal,6,50546,5990.98,95.8,24,11,2,5,21,0,1,8,22,No
38,Male,Bachelors,Dhaka,2,119713,8380.07,75.12,9,22,1,1,31,1,10,10,27,No
44,Male,High School,Barisal,3,117617,15114.05,93.73,7,24,2,4,36,2,1,6,22,No
58,Female,High School,Sylhet,6,37030,5931.96,76.29,23,11,1,5,76,2,5,6,35,No
37,Male,High School,Chittagong,3,104831,13942.67,98.75,17,11,4,1,91,0,5,5,41,Yes
27,Male,Masters,Barisal,14,92400,8018.74,92.57,11,17,3,5,78,0,9,5,28,No
29,Male,Bachelors,Barisal,5,33055,3406.96,83.0,14,19,3,4,23,0,1,8,3,No
46,Female,Bachelors,Dhaka,9,89861,13100.47,83.0,7,27,2,1,34,2,3,5,19,Yes
39,Male,Bachelors,Sylhet,12,136184,18856.49,96.54,6,29,1,4,61,2,3,6,4,No
46,Other,Masters,Sylhet,3,131524,9274.58,97.57,11,25,0,3,94,3,4,3,45,Yes
33,Male,Masters,Khulna,12,131826,23299.25,97.29,13,28,3,2,68,1,7,5,10,Yes
36,Other,Masters,Dhaka,11,51775,6279.19,95.22,16,8,2,3,47,0,7,9,1,No
47,Female,High School,Khulna,13,100909,7503.13,95.48,14,20,2,5,29,1,10,3,40,No
47,Male,Bachelors,Khulna,13,51253,3506.93,89.32,23,27,2,4,87,1,5,8,43,Yes
53,Male,Masters,Khulna,6,66884,13031.19,75.71,17,14,1,1,29,3,9,7,23,No
31,Male,High School,Rajshahi,11,91497,8438.79,77.17,14,10,2,4,65,2,7,4,32,No
37,Male,Bachelors,Khulna,5,32705,6092.58,91.24,9,25,4,5,39,1,2,5,21,No
28,Female,Masters,Barisal,5,106640,11899.72,85.03,19,7,0,1,50,0,3,8,46,Yes
38,Male,Bachelors,Chittagong,11,22101,2384.44,89.18,7,2,2,3,93,0,7,10,5,No
44,Male,High School,Barisal,14,77495,12022.52,80.78,12,17,1,4,80,2,5,7,23,No
47,Male,High School,Barisal,14,23951,1233.06,91.24,10,1,0,2,72,2,7,10,28,No
42,Female,Bachelors,Sylhet,6,51180,5154.51,81.07,23,13,0,5,78,2,9,10,48,Yes
43,Male,High School,Rajshahi,6,71977,6866.38,86.52,21,19,3,5,38,0,9,2,31,No
28,Male,Bachelors,Khulna,1,78209,14094.41,86.97,14,29,2,4,88,2,3,8,46,Yes
35,Male,Masters,Sylhet,11,123575,15986.72,79.44,5,14,2,3,98,3,8,8,29,No
36,Female,High School,Dhaka,9,65918,6900.66,96.91,17,26,1,3,86,3,6,9,45,Yes
28,Female,Masters,Dhaka,5,148542,13355.69,88.15,14,18,4,2,53,0,4,2,40,No
30,Male,Bachelors,Sylhet,1,135014,18709.76,96.67,16,20,4,2,97,3,4,4,2,No
29,Male,High School,Chittagong,8,93950,6834.95,81.56,6,14,3,4,88,1,4,2,24,No
44,Male,Masters,Sylhet,7,22749,1977.59,79.31,14,15,4,1,97,2,7,4,27,No
50,Male,Masters,Sylhet,7,39182,3684.75,75.45,5,14,1,3,99,3,6,3,14,No
39,Female,Bachelors,Rajshahi,14,92450,13052.68,77.35,5,24,3,1,92,2,2,7,16,Yes
52,Female,Masters,Dhaka,5,95543,10126.43,78.69,24,5,2,1,66,3,5,5,1,No
51,Male,Masters,Dhaka,1,111487,14032.59,76.97,19,16,4,4,33,2,5,7,26,No
56,Female,Masters,Khulna,9,125227,18479.21,97.42,5,5,1,2,28,0,6,2,35,No
39,Male,Bachelors,Barisal,11,93578,18101.8,97.79,13,22,1,1,26,1,7,4,13,No
38,Female,Masters,Sylhet,9,131258,21621.55,98.43,11,13,2,4,78,2,8,6,42,Yes
35,Female,PhD,Sylhet,8,28181,3122.13,99.0,20,28,1,2,70,1,10,5,31,Yes
52,Male,Masters,Chittagong,5,59898,9717.93,87.3,20,16,3,1,13,2,8,2,11,No
45,Female,High School,Dhaka,14,18405,3542.12,88.25,17,15,3,1,31,0,5,7,22,Yes
56,Male,Bachelors,Chittagong,3,25862,3230.35,78.27,14,5,0,2,83,1,2,2,15,Yes
55,Male,Bachelors,Rajshahi,8,43688,4874.47,78.43,22,21,2,2,94,3,10,9,43,Yes
24,Male,High School,Khulna,1,63017,3888.33,94.32,13,23,1,5,98,1,8,7,1,No
58,Male,PhD,Chittagong,3,27939,5136.74,96.39,16,6,4,5,15,2,6,3,6,No
47,Female,High School,Dhaka,12,119152,10362.07,94.62,17,29,3,4,39,1,3,6,20,No
44,Female,High School,Rajshahi,11,54585,3252.92,95.86,15,13,2,4,84,0,4,5,30,No
36,Female,Masters,Sylhet,7,131315,17147.18,81.91,19,16,2,3,20,1,1,9,22,No
25,Female,Bachelors,Rajshahi,14,119447,21128.38,86.65,14,10,3,5,57,1,3,3,24,No
50,Female,High School,Barisal,4,96560,10717.7,86.48,14,27,0,2,55,1,4,2,34,Yes
43,Male,Bachelors,Chittagong,7,112435,18828.38,99.88,13,2,2,5,36,3,2,2,34,No
46,Male,Bachelors,Dhaka,12,84283,14788.24,98.73,7,13,1,4,28,1,6,4,44,Yes
34,Male,High School,Chittagong,11,24297,2870.95,89.96,20,17,4,4,95,2,8,1,6,No
39,Female,PhD,Sylhet,13,79005,10953.51,78.45,16,1,4,4,68,2,6,9,4,No
54,Female,Bachelors,Sylhet,14,143833,18710.78,81.46,21,4,3,2,77,1,10,3,31,No
37,Male,Bachelors,Dhaka,5,147679,28188.88,84.09,19,18,2,1,63,1,3,5,4,No
23,Female,Bachelors,Barisal,6,145654,23133.62,96.83,7,6,4,4,92,3,9,2,24,No
56,Female,Bachelors,Khulna,14,101994,19256.61,79.27,9,28,2,5,26,0,4,8,30,No
55,Female,Bachelors,Rajshahi,7,71305,5918.42,80.49,17,12,3,1,59,2,6,3,19,No
51,Male,Bachelors,Rajshahi,13,137688,13291.78,83.73,10,25,0,5,49,3,4,5,21,No
34,Male,Bachelors,Sylhet,10,22645,1373.13,98.17,13,26,4,4,96,2,4,7,37,No
34,Male,Masters,Chittagong,12,57238,7153.96,87.6,23,27,1,2,20,2,2,2,12,Yes
39,Male,High School,Chittagong,7,84694,15337.11,91.17,11,26,3,1,23,1,10,3,38,Yes
53,Male,Bachelors,Barisal,7,31786,3147.67,84.68,17,24,0,1,22,2,2,8,1,Yes
53,Female,Masters,Khulna,7,55693,3856.31,79.71,9,20,1,4,97,0,2,10,21,No
56,Male,High School,Chittagong,11,111447,6716.57,80.57,20,13,1,4,89,0,2,8,8,No
50,Female,High School,Rajshahi,13,84702,9920.73,95.07,8,28,4,4,37,0,8,3,1,No
50,Male,Bachelors,Chittagong,13,99845,7448.76,97.34,9,2,2,3,53,3,10,10,44,Yes
37,Female,Bachelors,Khulna,7,30076,3065.21,87.33,24,17,3,2,72,0,4,7,31,No
31,Male,High School,Rajshahi,3,34377,5947.12,83.92,23,23,1,2,70,0,4,2,7,No
51,Female,Bachelors,Chittagong,12,142368,15319.81,95.2,10,10,4,4,26,2,10,9,15,No
46,Female,Bachelors,Rajshahi,3,48539,6867.33,91.83,8,19,0,3,59,3,10,8,32,No
41,Male,Bachelors,Sylhet,7,141552,17739.86,76.02,5,22,1,4,35,1,3,9,10,No
26,Male,Bachelors,Sylhet,14,41245,6507.64,83.77,21,5,0,4,16,3,5,9,31,No
22,Female,Bachelors,Barisal,2,82092,6027.58,92.05,13,21,3,2,88,3,4,7,7,No
51,Male,Masters,Sylhet,14,124454,23405.59,89.34,20,12,4,3,25,1,7,4,31,No
24,Male,Masters,Chittagong,2,147223,21574.78,99.45,6,18,0,2,94,1,10,5,20,No
35,Male,Masters,Khulna,3,62427,5658.57,96.65,15,9,2,4,26,1,7,7,24,No
51,Male,Bachelors,Rajshahi,14,86839,5947.43,76.49,9,11,0,5,99,2,6,5,19,No
25,Female,Bachelors,Dhaka,4,131801,9550.15,93.14,17,4,0,1,44,2,7,10,0,No
39,Male,Bachelors,Sylhet,6,125845,21066.38,83.41,24,10,4,4,93,2,7,8,20,No
58,Female,High School,Sylhet,13,101298,14001.06,92.05,21,1,4,3,93,0,8,5,6,No
46,Female,High School,Dhaka,8,104147,11155.58,90.43,19,2,1,5,32,1,1,5,24,No
22,Female,Bachelors,Dhaka,10,70413,7036.73,87.58,16,9,0,3,78,2,3,5,8,No
36,Female,Bachelors,Chittagong,10,80958,14439.97,96.32,10,23,0,4,18,2,3,4,21,No
30,Female,Bachelors,Rajshahi,7,46275,8385.7,92.72,24,26,4,4,96,3,5,7,1,No
36,Male,PhD,Sylhet,4,41597,5706.66,97.24,17,18,2,1,27,2,10,2,18,No
45,Female,High School,Khulna,2,92521,11905.75,82.04,22,16,4,3,84,1,7,10,5,No
25,Female,High School,Chittagong,2,109243,18840.84,83.7,19,23,2,5,57,1,10,4,4,No
33,Female,High School,Chittagong,4,83908,13626.68,90.55,19,14,4,1,81,0,6,3,44,Yes
58,Female,Bachelors,Khulna,6,70188,7724.1,99.16,12,4,3,3,75,0,4,10,9,No
58,Male,Bachelors,Khulna,3,49710,3102.44,84.29,23,26,0,4,32,3,6,8,0,No
27,Male,Bachelors,Barisal,6,133493,22063.06,75.81,18,2,2,1,94,0,7,7,25,No
45,Female,Bachelors,Khulna,5,64249,4838.28,86.15,11,12,3,4,19,1,4,3,25,No
32,Male,Masters,Dhaka,5,49247,2583.33,88.6,18,20,2,2,47,0,8,4,17,No
34,Female,Masters,Sylhet,2,41408,7308.32,95.02,9,5,1,2,68,0,5,4,20,No
55,Male,PhD,Barisal,8,91313,12485.96,93.22,19,29,1,1,77,2,3,10,45,Yes
46,Male,Masters,Dhaka,5,20443,3756.4,99.12,19,4,0,1,94,1,2,7,11,Yes
28,Male,Bachelors,Barisal,11,145270,17822.92,94.57,8,15,3,3,52,3,1,8,37,No
25,Male,High School,Sylhet,2,146151,27618.47,82.47,5,3,3,5,21,0,4,4,13,No
29,Male,High School,Barisal,7,111818,11527.96,91.03,21,22,1,5,62,0,2,8,48,Yes
41,Male,High School,Dhaka,13,96785,15357.68,91.81,24,17,0,2,23,3,3,1,31,No
50,Other,Bachelors,Rajshahi,9,141691,13481.61,99.95,5,8,1,2,61,3,1,9,38,Yes
31,Female,Masters,Sylhet,9,50391,2528.35,78.47,20,12,3,2,93,1,6,7,34,No
55,Male,Bachelors,Chittagong,1,49171,5259.41,79.78,17,21,2,4,81,3,4,4,16,No
47,Female,High School,Sylhet,7,130019,20889.48,78.89,22,8,3,5,70,0,5,8,9,No
24,Female,Bachelors,Sylhet,9,22485,1630.24,89.73,14,26,0,1,50,1,8,10,34,Yes
27,Female,Masters,Sylhet,6,142628,17931.24,78.38,22,20,3,2,30,1,4,2,15,No
26,Male,Bachelors,Rajshahi,1,125104,10239.54,91.4,21,20,4,3,57,3,6,8,5,No
26,Female,Masters,Dhaka,2,130427,7981.3,95.09,13,5,3,1,65,1,3,10,3,No
44,Female,Masters,Chittagong,4,105153,14996.69,85.82,18,21,4,1,44,0,8,6,8,No
30,Male,Masters,Dhaka,14,52748,10169.56,89.02,17,27,1,1,53,0,3,7,28,Yes
56,Male,Masters,Barisal,4,149950,14486.01,97.82,24,6,4,5,48,0,7,7,6,No
41,Female,Masters,Barisal,2,148021,20293.22,89.24,24,5,3,2,24,1,7,2,15,No
56,Male,Bachelors,Barisal,8,102150,19719.09,80.22,18,21,3,3,21,3,3,2,5,No
39,Female,High School,Dhaka,2,104364,15401.26,83.58,15,29,3,4,17,0,3,4,43,Yes
38,Male,Bachelors,Khulna,3,130925,19765.35,88.25,17,8,0,3,76,2,10,6,2,No
45,Female,High School,Rajshahi,14,24958,1917.75,78.87,21,22,1,3,10,3,10,4,43,Yes
24,Female,PhD,Khulna,4,102160,12656.75,90.31,7,18,4,3,89,1,8,6,13,No
53,Male,Bachelors,Barisal,9,30493,3203.67,99.98,5,4,2,4,51,0,3,5,13,No
56,Male,Masters,Rajshahi,10,36199,4367.18,91.31,9,4,4,3,40,1,2,6,8,No
59,Female,Bachelors,Dhaka,1,45493,7739.45,84.31,17,5,3,3,83,0,5,9,35,No
34,Female,Bachelors,Barisal,8,126545,15072.12,83.29,9,15,2,2,39,1,7,6,22,No
46,Female,Masters,Dhaka,12,64002,3803.49,98.29,9,6,2,2,52,2,8,6,14,No
30,Male,Bachelors,Rajshahi,14,38731,7197.43,96.79,16,27,4,2,35,1,1,8,6,Yes
25,Male,Bachelors,Dhaka,5,16071,2116.91,86.81,6,21,4,1,21,1,2,5,19,Yes
35,Male,High School,Dhaka,7,114926,21683.57,83.84,20,16,4,3,68,1,7,5,18,No
58,Female,Bachelors,Chittagong,8,142872,19409.62,92.76,21,14,4,5,78,0,9,10,5,No
55,Male,Bachelors,Khulna,5,56410,3409.73,82.86,9,14,1,5,82,3,3,1,38,No
32,Male,Bachelors,Khulna,8,109948,14615.43,77.99,16,16,0,5,20,1,8,6,0,No
24,Female,Bachelors,Khulna,10,56041,7641.8,82.75,19,27,0,4,56,3,10,1,6,No
49,Female,Masters,Sylhet,11,138616,11387.44,85.86,10,22,4,2,32,0,3,8,34,No
50,Male,Masters,Chittagong,8,68326,8243.83,81.39,17,24,0,2,90,1,4,10,24,No
30,Male,Bachelors,Barisal,9,68096,8097.72,80.42,15,4,4,2,52,0,2,9,37,Yes
24,Female,Bachelors,Barisal,2,58167,8342.98,75.15,21,11,4,4,86,3,9,6,22,No
46,Female,Masters,Barisal,3,76292,6785.57,90.77,13,19,4,3,90,0,5,9,24,No
55,Male,Bachelors,Khulna,1,90419,12411.12,90.36,20,25,1,1,96,0,5,2,37,No
33,Female,Bachelors,Khulna,4,102753,8851.43,79.7,21,19,3,2,48,3,4,9,10,No
30,Female,Bachelors,Chittagong,5,26093,3052.01,98.59,24,27,0,3,82,0,5,4,33,No
36,Male,Masters,Dhaka,11,119089,8146.38,85.24,22,8,0,5,91,3,1,3,30,No
46,Male,Bachelors,Khulna,1,87043,4839.16,75.64,17,10,1,1,64,3,10,1,37,No
26,Male,Bachelors,Barisal,8,139534,13686.62,80.49,15,28,1,5,27,1,10,1,49,Yes
32,Female,Bachelors,Dhaka,2,117865,10747.61,92.3,17,5,4,3,51,1,6,8,45,Yes
55,Male,Bachelors,Khulna,1,139678,15509.9,80.04,17,16,4,3,35,0,4,2,11,No
45,Female,High School,Rajshahi,2,62287,12102.2,76.35,16,25,3,5,27,0,4,1,8,No
36,Female,Bachelors,Sylhet,13,48427,6214.85,90.44,18,3,0,1,94,0,5,2,12,No
59,Male,Masters,Khulna,5,144849,19261.51,87.96,17,26,1,5,50,2,1,3,19,Yes
29,Female,PhD,Rajshahi,9,124839,23874.23,94.03,13,10,3,5,51,2,4,4,20,No
26,Female,Bachelors,Chittagong,9,107662,20258.98,94.32,18,24,0,5,42,1,10,9,21,No
47,Male,Bachelors,Rajshahi,2,32970,6020.88,99.0,5,29,3,1,52,3,3,7,0,Yes
39,Male,Bachelors,Chittagong,2,85218,5513.54,76.43,13,13,3,4,23,2,5,5,39,No
27,Male,Masters,Khulna,3,89362,12970.41,75.97,8,7,4,1,64,2,10,5,40,No
58,Female,Masters,Chittagong,7,125949,21564.34,99.68,16,12,3,5,67,3,5,6,16,No
34,Other,Bachelors,Rajshahi,11,141895,24879.33,91.12,18,23,4,2,19,0,8,1,44,Yes
49,Male,Bachelors,Sylhet,3,42315,5783.87,92.88,13,14,0,2,37,0,1,6,3,Yes
26,Female,Masters,Dhaka,1,98804,5199.49,77.41,7,27,0,3,23,2,3,6,5,No
34,Male,Bachelors,Dhaka,14,56581,11093.1,76.75,10,10,4,4,92,2,5,5,44,Yes
38,Male,Bachelors,Sylhet,14,112357,13576.04,79.01,7,9,2,3,35,3,3,10,48,Yes
53,Male,High School,Barisal,14,134761,14694.26,85.68,5,12,3,3,83,3,6,9,18,No
50,Male,Bachelors,Dhaka,6,128984,14090.51,77.75,7,24,0,2,26,2,10,10,29,No
24,Male,Bachelors,Khulna,3,107449,12208.64,86.16,18,3,3,1,43,3,3,10,22,No
55,Female,Masters,Barisal,1,145522,12562.49,89.04,24,13,2,3,23,0,6,5,31,No
48,Male,Bachelors,Khulna,14,58030,5750.78,75.01,6,6,3,3,35,1,8,9,28,No
34,Female,Bachelors,Rajshahi,13,77245,15279.34,77.86,16,27,2,4,43,2,4,10,7,No
54,Male,Bachelors,Rajshahi,4,50133,5275.25,84.38,14,6,1,2,92,1,8,7,20,No
27,Male,Bachelors,Barisal,13,58998,7611.26,76.33,17,21,2,1,33,3,7,3,16,No
45,Male,High School,Barisal,1,130603,23148.62,78.34,24,19,0,4,79,1,4,9,16,No
40,Female,Bachelors,Barisal,1,63245,8165.83,80.79,8,25,4,1,29,2,3,10,20,No
37,Male,Masters,Barisal,12,38557,3804.34,85.74,23,7,4,1,48,3,5,7,14,No
49,Male,High School,Chittagong,2,85474,10988.76,92.87,5,4,3,3,54,1,5,4,26,No
54,Other,High School,Barisal,10,106228,7129.27,78.32,15,22,1,4,43,0,7,9,24,No
34,Male,High School,Barisal,8,80074,5565.23,93.45,20,5,3,3,31,2,1,6,32,Yes
46,Male,Bachelors,Rajshahi,2,73204,11281.92,96.38,23,1,2,5,80,2,9,9,1,No
57,Female,Masters,Khulna,11,21846,4098.73,91.29,23,18,4,1,42,2,2,4,41,Yes
48,Male,High School,Rajshahi,2,38694,6146.61,76.09,16,17,2,4,15,2,9,10,15,No
59,Male,Masters,Dhaka,11,36740,2248.19,86.02,7,9,4,2,25,3,9,2,35,No
28,Male,High School,Chittagong,11,45996,5079.54,91.5,22,9,4,3,81,0,3,9,7,No
26,Male,Masters,Chittagong,10,78874,3973.91,99.46,21,21,4,5,32,0,7,10,15,No
52,Male,Bachelors,Khulna,10,112661,14272.01,98.8,9,24,0,5,27,1,3,4,6,No
44,Male,Bachelors,Barisal,8,121945,9631.3,84.89,20,10,2,5,23,2,8,2,4,No
31,Male,Bachelors,Rajshahi,12,37970,6843.03,90.4,18,20,3,3,59,2,8,7,22,No
53,Male,Bachelors,Dhaka,6,103890,6820.41,97.27,23,17,1,2,70,1,3,7,7,No
51,Female,Masters,Rajshahi,12,72300,3630.55,95.78,10,13,3,4,45,3,5,5,2,No
52,Male,Masters,Barisal,11,76915,9050.73,86.99,7,29,2,1,24,0,7,5,34,Yes
39,Male,Bachelors,Barisal,4,90147,6609.13,81.53,10,4,1,2,14,2,1,8,49,Yes
57,Female,High School,Sylhet,3,91064,14633.8,78.43,16,23,3,3,62,1,3,6,35,No
23,Female,High School,Rajshahi,1,81535,15327.78,87.2,24,27,1,4,57,0,1,1,35,Yes
35,Male,Masters,Khulna,11,18760,1056.01,93.07,15,18,2,1,88,1,2,4,14,Yes
34,Female,Bachelors,Rajshahi,3,117715,12870.64,99.24,11,18,4,4,20,1,7,1,29,No
50,Male,Bachelors,Chittagong,12,140491,28031.08,96.55,5,22,2,1,11,3,7,5,14,No
33,Male,Bachelors,Dhaka,14,145992,23344.24,80.11,20,9,0,1,96,0,3,5,28,No
23,Female,Masters,Khulna,9,77399,14936.32,92.99,20,3,1,5,33,2,6,4,3,No
53,Male,Bachelors,Sylhet,5,77278,5765.9,82.23,21,7,2,3,91,0,6,9,33,No
34,Male,Masters,Dhaka,13,128286,10674.07,92.09,19,26,4,2,77,3,2,8,22,Yes
48,Male,Masters,Dhaka,6,108515,7945.65,91.65,13,15,4,5,88,2,9,10,34,No
38,Male,Bachelors,Chittagong,5,67142,6402.35,81.81,9,9,2,5,21,0,8,3,27,No
52,Male,Bachelors,Chittagong,1,142157,22554.29,80.86,24,27,3,4,68,3,2,5,30,Yes
55,Female,Masters,Chittagong,10,107930,8066.9,77.6,12,29,2,1,76,2,4,6,41,Yes
45,Male,Bachelors,Khulna,1,112812,14511.58,76.26,5,9,4,1,41,2,9,5,32,No
56,Female,Masters,Rajshahi,4,85063,7688.12,96.46,11,27,2,4,45,1,4,8,17,No
27,Female,High School,Dhaka,3,145990,25457.64,76.25,15,4,0,3,30,1,7,5,4,No
40,Female,High School,Rajshahi,11,27247,1389.29,77.22,24,18,3,1,79,3,5,8,8,No
51,Female,Masters,Rajshahi,8,32603,2721.28,80.97,17,17,2,5,75,2,10,10,19,No
28,Female,Bachelors,Chittagong,12,117099,16485.91,97.19,17,22,4,5,18,0,6,10,37,No
31,Male,Bachelors,Rajshahi,12,15527,1001.59,83.32,11,21,2,1,85,2,1,3,8,Yes
53,Male,Masters,Dhaka,7,20849,2500.77,79.79,15,6,2,1,53,3,4,5,17,Yes
55,Male,Bachelors,Dhaka,11,65314,7539.27,92.89,22,7,1,3,68,0,5,4,14,No
49,Female,Bachelors,Barisal,7,32230,5733.02,82.98,5,25,2,1,33,2,6,6,14,No
36,Female,High School,Sylhet,8,107229,15420.56,83.33,16,10,0,3,72,0,6,3,13,No
51,Male,Masters,Khulna,14,87495,12770.36,93.47,7,10,4,5,87,1,5,10,34,No
58,Male,Masters,Rajshahi,10,116390,22436.63,81.29,5,27,1,3,50,0,3,4,39,No
50,Male,High School,Khulna,7,106937,21104.45,97.42,8,6,2,1,85,1,2,4,42,Yes
43,Female,Masters,Khulna,10,128723,19052.19,89.04,10,6,3,2,83,0,7,5,35,No
25,Male,Masters,Khulna,2,18323,2350.84,88.45,9,29,0,1,11,1,1,6,46,Yes
41,Female,Bachelors,Barisal,4,146517,20686.44,81.62,15,19,0,2,37,3,5,2,41,Yes
53,Other,Bachelors,Khulna,11,97945,10516.02,95.88,24,29,0,5,25,0,4,10,19,No
57,Male,Bachelors,Barisal,6,135801,26904.69,89.32,17,8,1,4,68,2,7,8,10,No
25,Male,Bachelors,Dhaka,3,96947,15099.8,78.89,15,9,2,5,10,3,2,4,40,No
48,Male,Masters,Rajshahi,3,149308,13982.85,80.16,10,1,0,5,95,3,8,7,16,No
38,Male,Masters,Barisal,6,76897,4511.16,86.71,23,16,2,5,10,0,9,7,40,No
33,Male,Bachelors,Sylhet,1,133636,7578.27,94.49,19,6,3,3,40,3,10,10,24,No
43,Male,Bachelors,Khulna,14,28487,2299.95,98.48,17,23,2,5,31,1,1,2,28,No
38,Female,High School,Sylhet,1,92384,7846.82,91.59,14,27,2,4,85,1,5,7,22,No
31,Male,High School,Dhaka,5,28155,3160.59,87.65,5,8,2,1,68,0,4,1,8,No
22,Male,Bachelors,Dhaka,1,26255,2158.87,81.27,17,15,4,2,96,3,5,2,24,No
43,Female,High School,Chittagong,10,135860,19650.32,91.82,10,12,1,5,37,2,9,5,40,No
47,Female,Bachelors,Khulna,8,148051,12094.02,99.56,24,10,2,2,85,0,3,8,22,No
39,Male,Bachelors,Chittagong,2,140596,10992.0,86.91,16,16,0,5,36,0,1,7,1,No
35,Female,Masters,Sylhet,6,89543,10806.55,79.05,21,15,4,3,96,3,3,3,44,Yes
50,Male,Bachelors,Rajshahi,10,50094,9182.24,77.58,22,11,2,2,10,1,4,10,0,No
33,Female,Bachelors,Chittagong,10,24734,2974.16,81.73,12,24,4,5,11,3,2,9,37,No
57,Female,Bachelors,Dhaka,5,54605,6119.98,89.24,18,7,1,5,75,2,1,5,5,No
56,Female,High School,Khulna,10,92932,12705.13,98.67,9,8,4,4,58,2,1,3,47,Yes
33,Male,High School,Sylhet,12,139109,12322.56,82.48,6,11,0,4,98,2,8,7,43,Yes
28,Female,Bachelors,Barisal,12,42881,4417.41,82.63,15,9,2,4,28,2,4,4,14,No
50,Male,Masters,Dhaka,4,55122,4524.15,87.03,7,26,0,3,37,0,2,1,6,Yes
32,Male,High School,Barisal,1,50297,6828.9,97.96,20,7,3,2,79,2,10,5,1,No
54,Male,Masters,Rajshahi,14,126513,19559.94,85.48,20,15,4,3,48,2,3,8,29,No
27,Male,PhD,Khulna,14,51680,7806.51,80.58,13,15,4,1,28,2,8,4,28,No
36,Male,Masters,Rajshahi,3,98452,8685.7,79.08,17,16,4,5,73,3,6,7,11,No
53,Female,Bachelors,Rajshahi,13,66044,11025.86,86.43,14,3,1,5,67,1,8,8,33,No
32,Female,Masters,Khulna,12,105502,9325.64,95.02,21,16,0,5,26,1,10,9,29,No
44,Male,High School,Khulna,4,37152,2695.26,82.28,21,15,3,4,79,1,5,9,35,No
47,Male,Bachelors,Barisal,2,99738,10220.28,87.81,14,25,1,5,88,2,3,5,34,No
55,Male,Masters,Rajshahi,12,147267,20567.55,90.08,12,1,1,4,95,3,6,6,1,No
55,Male,Bachelors,Sylhet,2,119533,8522.74,86.26,11,14,2,1,50,0,10,7,49,Yes
50,Male,Bachelors,Barisal,2,40433,5952.27,79.79,18,24,3,3,14,3,8,10,2,No
25,Female,Bachelors,Khulna,11,63648,11422.28,98.04,22,22,4,3,32,0,5,2,41,Yes
38,Male,Bachelors,Dhaka,1,57113,5366.97,89.14,23,11,4,3,78,3,5,9,11,No
56,Male,Bachelors,Barisal,10,118504,13927.89,93.23,22,3,2,4,19,1,3,1,3,No
34,Male,Bachelors,Chittagong,2,145431,12252.06,90.9,18,9,4,2,77,1,3,6,6,No
36,Female,PhD,Sylhet,6,48062,5007.54,99.95,14,6,0,2,21,2,8,6,19,No
50,Female,Masters,Barisal,3,86633,4617.16,86.41,5,23,4,1,19,1,1,7,18,Yes
50,Female,Masters,Khulna,10,56604,10928.27,85.62,13,16,0,2,69,1,4,2,7,No
32,Female,Bachelors,Khulna,5,47121,5295.62,84.0,22,11,2,1,39,1,9,6,2,No
53,Male,Bachelors,Sylhet,1,140015,23568.8,84.04,17,18,2,5,33,3,6,6,26,No
23,Male,Masters,Chittagong,8,101940,7278.16,81.89,21,17,0,3,78,1,6,9,14,No
35,Female,Masters,Barisal,13,31494,5412.35,99.52,20,17,4,4,22,0,10,8,7,No
41,Male,Bachelors,Barisal,4,61235,10962.42,96.77,15,3,2,1,18,2,7,5,17,No
43,Female,High School,Rajshahi,9,147720,23239.54,82.92,13,27,2,4,27,3,7,7,28,No
32,Male,High School,Dhaka,4,96213,17845.71,82.63,11,19,0,4,44,0,6,7,45,Yes
48,Male,Bachelors,Khulna,14,31489,2364.18,77.59,5,24,2,3,97,3,9,5,35,No
24,Male,Bachelors,Barisal,2,92281,11209.58,96.93,13,23,4,5,13,1,8,7,2,No
38,Female,Masters,Barisal,3,123190,17618.19,84.29,14,15,2,5,50,3,8,3,8,No
49,Female,Bachelors,Barisal,5,139613,19466.09,89.32,20,10,0,2,35,3,2,7,9,Yes
50,Male,High School,Chittagong,12,119222,21359.35,97.51,22,8,4,5,53,2,7,6,39,No
42,Male,Bachelors,Dhaka,10,16316,1343.68,85.2,18,17,3,3,51,3,1,6,19,Yes
37,Male,Bachelors,Barisal,13,75046,5729.51,95.17,15,4,0,4,19,3,10,2,1,No
58,Male,High School,Sylhet,13,93643,8241.22,85.76,8,8,3,1,82,2,8,2,0,No
41,Male,Bachelors,Khulna,14,112504,20670.64,92.52,23,26,2,1,10,3,3,7,26,Yes
27,Male,Bachelors,Rajshahi,6,130594,24963.57,85.78,17,2,4,5,63,3,9,1,3,No
40,Male,Masters,Sylhet,7,79042,10705.81,84.82,5,23,2,2,25,0,5,9,47,Yes
26,Male,Bachelors,Khulna,4,143295,17941.36,99.77,23,8,4,1,55,0,7,3,36,No
24,Male,Bachelors,Chittagong,7,129430,18224.76,90.31,19,25,1,2,22,3,7,6,31,No
22,Male,Bachelors,Dhaka,10,140782,20053.85,84.18,24,7,2,1,73,3,9,3,17,No
59,Male,Masters,Dhaka,3,65094,4917.57,81.45,19,28,2,2,87,1,2,9,13,Yes
36,Male,High School,Khulna,7,62719,9593.6,75.99,15,9,2,2,96,0,4,10,44,Yes
55,Male,Masters,Sylhet,4,136103,16040.1,92.66,9,18,0,4,64,1,8,7,47,Yes
56,Female,Bachelors,Rajshahi,13,143826,18353.25,84.3,14,27,4,3,72,3,5,1,14,No
46,Male,Masters,Chittagong,13,65478,3571.66,95.53,22,17,4,1,27,1,5,4,3,No
45,Male,Masters,Khulna,8,58677,9663.13,84.1,11,1,4,5,70,1,3,5,18,No
33,Male,Bachelors,Chittagong,9,26584,4660.55,84.33,5,27,0,3,29,2,5,7,23,No
39,Female,Bachelors,Dhaka,7,17106,2444.67,94.48,7,12,4,4,74,2,7,7,29,No
36,Female,High School,Barisal,8,40223,6528.54,87.24,5,4,2,4,73,3,4,5,12,No
37,Female,Masters,Barisal,8,50706,6510.95,97.12,21,17,3,4,85,0,8,1,10,No
48,Female,Bachelors,Rajshahi,2,75369,10759.15,89.75,19,7,1,5,73,3,6,5,27,No
29,Male,Bachelors,Chittagong,9,25015,2731.28,81.02,9,24,4,1,22,0,6,5,49,Yes
46,Female,Masters,Khulna,6,97164,16399.45,89.21,20,3,0,1,77,2,6,4,10,No
38,Female,Masters,Rajshahi,11,66500,7996.0,75.1,16,1,0,2,98,0,4,6,0,No
50,Male,Bachelors,Sylhet,4,78925,11999.12,82.81,23,19,4,2,79,1,3,8,46,Yes
29,Male,Bachelors,Barisal,5,105979,15177.72,80.2,18,2,3,2,66,1,10,10,41,Yes
36,Male,Bachelors,Khulna,10,111355,17298.68,91.35,7,6,4,5,54,2,6,5,3,No
48,Female,Bachelors,Chittagong,5,69909,11729.5,78.4,23,11,0,3,95,3,6,8,37,No
28,Male,Bachelors,Rajshahi,7,26565,3371.29,82.25,5,23,1,1,47,0,2,5,33,Yes
24,Female,Bachelors,Khulna,14,42597,7324.98,83.28,5,25,3,2,63,3,10,3,48,Yes
50,Male,Bachelors,Rajshahi,9,80623,10044.71,75.08,14,21,4,5,45,0,9,8,11,No
45,Male,Masters,Rajshahi,7,89300,17279.12,76.17,7,4,1,5,76,2,4,4,23,No
24,Male,High School,Rajshahi,9,106837,17403.83,82.78,17,1,4,2,88,1,4,3,36,No
41,Male,Bachelors,Chittagong,4,64314,4866.72,80.56,10,11,3,4,20,1,10,3,31,No
36,Female,Bachelors,Khulna,10,56965,9936.84,77.92,15,16,0,4,36,0,8,6,18,No
46,Female,High School,Dhaka,14,112449,14926.27,78.85,10,6,3,4,96,3,3,8,28,No
51,Male,High School,Dhaka,10,82957,16398.04,95.89,7,11,2,2,26,2,10,10,37,No
35,Female,Bachelors,Chittagong,4,43317,6836.41,92.08,20,8,4,5,96,2,7,5,48,Yes
28,Male,Masters,Chittagong,6,134191,8408.22,87.1,13,20,1,5,94,3,7,1,28,No
38,Other,High School,Barisal,8,81753,8931.03,97.72,12,1,1,1,42,1,2,1,18,Yes
41,Male,High School,Rajshahi,14,50242,6410.44,75.74,7,14,3,4,14,3,3,3,19,No
57,Male,Masters,Khulna,9,147001,25850.43,83.62,9,21,3,2,90,1,4,6,2,No
30,Male,High School,Khulna,1,121262,19329.38,95.58,18,26,3,1,71,0,2,2,39,Yes
59,Male,Masters,Sylhet,1,114806,12101.01,90.71,9,21,1,5,74,2,9,1,4,No
43,Male,Bachelors,Sylhet,13,113724,16832.85,99.54,23,2,0,1,80,0,10,7,22,No
23,Female,Masters,Dhaka,8,28580,3902.22,98.61,9,6,1,4,76,3,6,2,4,No
45,Female,Bachelors,Sylhet,11,119134,8209.27,79.25,24,26,0,3,99,3,1,8,29,Yes
29,Female,Masters,Sylhet,7,110967,9457.58,99.3,24,9,3,4,89,0,1,2,31,No
32,Male,Masters,Dhaka,9,35742,3615.96,98.64,6,14,2,4,89,3,8,1,23,No
34,Male,Bachelors,Barisal,11,32833,2604.4,84.34,11,22,1,2,53,3,6,10,48,Yes
38,Male,High School,Dhaka,3,111421,8080.26,99.57,5,8,3,3,23,3,10,2,41,Yes
29,Male,Masters,Sylhet,10,86347,5071.13,75.9,22,26,1,3,99,2,7,2,34,No
42,Female,Bachelors,Khulna,12,89155,16133.97,91.52,14,3,3,3,66,2,6,7,31,No
39,Male,High School,Sylhet,5,104791,9781.35,81.65,10,10,1,5,57,1,2,1,44,Yes
51,Male,High School,Rajshahi,3,129527,12117.0,78.24,11,18,4,1,26,2,3,3,47,Yes
39,Male,Masters,Rajshahi,5,56057,4536.93,89.44,16,20,1,5,53,0,8,5,43,Yes
52,Other,Bachelors,Rajshahi,10,59261,7188.93,82.66,22,28,4,3,13,0,4,7,21,No
59,Male,Bachelors,Barisal,1,146114,18576.39,91.67,15,9,0,2,90,2,8,6,20,No
53,Male,Bachelors,Chittagong,14,37769,3068.44,88.5,23,9,1,4,39,0,3,8,27,No
32,Male,Masters,Rajshahi,11,37449,5291.0,84.81,8,19,0,4,94,3,2,1,48,Yes
46,Male,Masters,Khulna,4,51345,8135.61,79.55,23,28,2,5,90,2,7,7,33,No
54,Male,PhD,Barisal,6,132926,14100.26,90.03,17,13,4,5,84,1,1,9,15,No
59,Male,High School,Chittagong,2,139576,19236.05,95.73,23,1,1,2,64,1,3,7,10,No
29,Female,Masters,Chittagong,13,84428,10582.65,90.0,6,17,0,4,39,2,2,6,32,No
32,Male,Bachelors,Rajshahi,7,19321,1532.78,90.26,13,4,3,5,27,0,5,9,43,Yes
43,Female,Bachelors,Sylhet,8,20776,3313.81,87.8,12,4,0,1,93,2,2,4,37,Yes
45,Other,Bachelors,Dhaka,1,31119,5297.01,84.71,18,27,1,5,82,2,10,10,18,No
38,Female,High School,Sylhet,13,145078,21372.74,86.44,13,16,2,5,53,1,5,6,27,No
33,Male,Masters,Sylhet,4,67967,6700.49,99.74,17,28,4,3,71,3,3,6,28,No
53,Male,High School,Chittagong,11,90723,17148.36,93.74,22,16,3,1,40,3,9,10,36,No
36,Female,Bachelors,Chittagong,4,127620,15097.93,85.76,10,15,0,1,25,2,10,3,2,No
37,Female,Masters,Barisal,13,95880,8617.86,86.43,7,26,1,2,86,1,9,7,17,Yes
43,Male,Masters,Barisal,5,23195,2580.1,87.49,14,6,1,3,32,1,8,1,17,No
49,Female,High School,Chittagong,14,117658,18097.13,91.48,14,5,4,1,23,2,5,8,11,No
41,Male,Bachelors,Khulna,12,72995,12912.07,86.65,14,22,3,3,11,2,10,8,17,No
54,Male,Masters,Khulna,12,145112,15017.11,92.15,13,10,0,3,21,2,7,8,31,No
31,Male,Bachelors,Dhaka,4,53250,4520.59,83.23,16,7,0,4,67,3,2,9,41,Yes
53,Male,Bachelors,Chittagong,9,30376,4373.35,85.27,12,7,0,1,65,2,3,4,35,No
54,Male,Bachelors,Rajshahi,7,79723,15002.45,96.6,13,10,4,4,33,1,2,6,18,No
23,Female,Bachelors,Barisal,13,58442,4528.9,83.22,21,10,4,5,46,2,10,7,3,No
54,Male,Masters,Chittagong,2,20392,3475.88,99.11,12,25,3,5,38,1,1,2,10,Yes
54,Male,Bachelors,Khulna,1,39809,4836.44,79.31,22,15,0,4,51,1,3,6,2,No
34,Male,Bachelors,Chittagong,9,130095,22106.64,81.04,24,6,0,5,27,0,4,8,26,No
51,Male,Bachelors,Khulna,1,146765,18467.61,86.59,21,24,3,4,12,1,9,4,46,Yes
54,Male,Bachelors,Chittagong,6,114473,12202.73,94.94,10,2,3,2,86,0,2,5,15,Yes
34,Female,High School,Rajshahi,2,109769,16960.53,93.29,14,8,3,3,22,2,9,8,43,Yes
47,Female,Bachelors,Dhaka,4,89710,16604.79,79.36,5,25,1,2,38,0,1,3,17,Yes
43,Female,Bachelors,Rajshahi,6,26352,2583.49,80.92,5,20,3,1,75,3,9,6,29,No
23,Female,Bachelors,Khulna,5,68076,8108.68,89.38,13,15,2,2,68,3,6,1,23,No
59,Male,Bachelors,Barisal,11,38354,3237.46,82.38,24,21,4,2,57,3,8,4,5,No
47,Male,Bachelors,Barisal,6,149384,11578.97,85.56,7,21,3,5,13,2,3,6,46,Yes
36,Male,Bachelors,Sylhet,3,60833,10139.86,87.16,10,18,1,4,60,1,8,3,33,No
55,Male,Bachelors,Rajshahi,5,19318,1547.36,89.86,11,5,2,1,14,3,9,1,11,Yes
32,Other,Masters,Chittagong,2,127363,21524.06,81.28,13,25,1,5,48,0,7,6,41,Yes
24,Male,Bachelors,Dhaka,7,114992,13153.08,79.08,9,4,1,1,50,2,4,3,22,No
27,Male,High School,Chittagong,3,81003,16140.44,84.96,20,10,1,3,14,2,6,8,35,No
30,Female,High School,Chittagong,1,122841,9778.29,77.05,6,19,1,4,17,0,6,7,39,No
27,Female,PhD,Rajshahi,14,115726,7400.3,88.17,7,14,0,5,65,0,2,7,14,No
30,Female,Bachelors,Dhaka,8,104199,6388.96,95.99,7,23,4,2,34,2,2,8,15,Yes
52,Male,Masters,Sylhet,8,134195,23526.09,77.97,24,24,0,3,61,2,5,7,44,Yes
53,Male,High School,Chittagong,3,122507,14169.95,77.82,14,13,2,2,61,1,1,5,46,Yes
33,Male,Masters,Dhaka,13,123173,6216.38,77.01,7,29,0,1,16,2,5,10,13,Yes
29,Male,Masters,Sylhet,7,43273,7841.75,96.2,19,10,2,3,70,0,10,8,14,No
29,Male,Bachelors,Chittagong,9,44473,8073.55,77.02,18,22,3,5,94,2,3,8,11,No
49,Male,High School,Dhaka,8,76410,13063.24,99.59,8,6,2,2,56,2,3,8,42,Yes
41,Female,Bachelors,Rajshahi,3,143536,12523.2,83.96,14,13,0,2,91,0,8,10,34,No
28,Male,Bachelors,Barisal,13,107981,11436.58,83.22,15,21,0,1,75,1,3,6,24,No
32,Female,Bachelors,Barisal,2,60310,9754.48,77.29,15,11,2,1,68,2,3,2,13,No
41,Female,Bachelors,Chittagong,13,98406,12143.59,89.64,12,22,0,4,14,3,1,8,1,Yes
37,Male,High School,Chittagong,10,127765,9336.3,89.65,13,25,2,4,53,3,8,10,17,No
25,Female,Bachelors,Dhaka,7,40992,3542.52,87.35,12,15,1,1,51,0,10,1,34,No
27,Male,Bachelors,Barisal,7,44433,8703.91,82.78,16,2,4,4,70,0,10,9,8,No
43,Male,Bachelors,Chittagong,9,40933,2973.86,84.21,21,26,2,2,72,0,6,9,10,Yes
47,Female,High School,Sylhet,5,84285,13393.91,83.01,19,27,1,1,59,3,8,6,25,Yes
24,Male,PhD,Chittagong,4,125121,15227.57,85.65,23,15,1,3,47,0,3,10,2,No
35,Other,Bachelors,Barisal,8,137747,22354.99,83.54,24,19,1,1,63,3,6,6,4,No
32,Male,Masters,Khulna,14,126682,18896.77,91.89,10,17,1,5,53,1,2,6,31,No
39,Female,Bachelors,Barisal,4,38439,4454.12,82.39,9,20,2,5,33,0,3,4,40,No
33,Male,High School,Sylhet,4,110826,11424.68,83.77,12,18,0,1,72,2,4,1,9,No
44,Male,Bachelors,Dhaka,12,107776,17584.07,85.89,22,6,1,3,48,1,9,1,37,No
33,Male,Bachelors,Sylhet,14,134070,13202.03,75.1,19,15,3,1,21,3,4,1,5,No
34,Female,Masters,Khulna,12,107345,18051.75,87.3,7,29,1,3,72,0,7,5,10,No
46,Female,Bachelors,Khulna,2,127923,19441.28,81.4,18,17,0,2,18,2,8,7,16,No
40,Female,Bachelors,Chittagong,13,98459,13454.46,76.4,19,24,0,2,88,3,5,1,1,No
57,Male,PhD,Chittagong,1,134598,14175.88,97.78,17,26,4,3,96,1,2,1,40,Yes
29,Female,Bachelors,Barisal,4,102971,8316.16,83.06,24,22,4,4,31,2,8,6,23,No
50,Female,PhD,Rajshahi,7,138299,21652.5,85.65,13,9,1,2,45,1,5,2,49,Yes
53,Female,PhD,Sylhet,12,40236,2563.13,95.68,21,12,1,5,83,0,5,2,4,No
39,Male,High School,Barisal,9,129679,25362.79,79.17,23,22,4,1,37,2,7,7,20,No
27,Female,Bachelors,Rajshahi,9,95570,18809.34,96.26,8,26,1,4,65,0,6,9,5,No
39,Female,Bachelors,Barisal,12,111621,7761.39,81.04,24,23,3,5,38,3,3,8,3,No
40,Male,Bachelors,Khulna,10,24442,1603.16,89.73,14,5,2,1,14,3,7,2,8,No
43,Female,Bachelors,Chittagong,1,71437,7994.34,92.14,7,14,4,5,13,1,1,7,4,Yes
58,Female,PhD,Chittagong,5,93179,18128.21,97.63,23,24,4,4,60,0,4,5,3,No
53,Male,Masters,Barisal,7,140608,15473.44,90.19,13,8,0,3,24,0,4,10,8,No
24,Male,Bachelors,Chittagong,13,79557,8319.3,86.33,9,26,1,1,69,2,6,4,17,Yes
49,Male,High School,Dhaka,7,87752,13648.75,89.31,18,25,4,5,35,3,6,10,42,Yes
31,Male,Bachelors,Barisal,10,63534,4880.03,80.05,11,28,4,5,32,0,10,4,15,No
56,Female,High School,Khulna,6,119303,12466.99,92.23,10,22,3,4,38,0,8,4,1,No
50,Male,Masters,Barisal,11,138295,12957.7,79.67,12,17,1,4,95,0,1,9,28,No
36,Female,Bachelors,Barisal,10,130287,18270.17,88.93,6,9,2,4,66,3,7,7,47,Yes
54,Female,Bachelors,Chittagong,4,22288,1658.52,91.19,18,3,3,3,71,3,4,7,41,Yes
28,Male,High School,Khulna,3,124570,16481.26,97.46,11,25,2,2,68,3,6,4,35,No
33,Female,Masters,Barisal,12,110547,19747.23,86.25,7,7,0,5,57,1,10,9,11,No
51,Other,High School,Chittagong,13,96122,12219.57,94.38,24,12,4,3,91,3,9,8,40,No
42,Female,Masters,Sylhet,9,47400,7229.66,79.19,10,29,3,5,44,3,3,10,44,Yes
52,Female,Bachelors,Khulna,12,137609,8433.67,78.9,18,3,2,3,55,3,8,4,36,No
45,Other,Masters,Rajshahi,13,147639,17325.56,88.12,16,9,1,1,42,2,3,6,33,No
41,Female,Bachelors,Dhaka,10,62878,4038.9,89.91,22,14,0,2,80,2,6,4,34,No
58,Male,High School,Rajshahi,4,63850,8933.84,90.81,16,23,0,5,19,0,2,1,39,No
25,Female,Masters,Khulna,8,147166,13562.55,93.64,11,23,4,4,97,2,9,5,5,No
49,Female,High School,Barisal,13,94044,8754.54,82.37,9,23,4,2,98,1,2,10,36,Yes
41,Female,Bachelors,Chittagong,1,60113,3697.85,90.57,16,18,2,5,57,1,5,3,35,No
45,Male,High School,Khulna,7,73791,7123.46,79.7,13,11,2,1,53,0,6,1,19,No
53,Female,Masters,Dhaka,12,24684,3110.22,80.47,15,4,0,5,79,0,4,2,15,No
57,Male,Masters,Khulna,6,107783,14841.61,76.68,8,26,2,5,72,1,7,2,7,No
55,Female,Bachelors,Chittagong,13,86727,5203.61,93.68,18,8,4,5,58,1,7,8,43,Yes
57,Male,Bachelors,Rajshahi,12,98378,14532.29,87.67,16,28,0,2,81,1,7,4,21,Yes
23,Male,Masters,Sylhet,1,73552,9071.27,80.95,22,18,0,5,94,0,7,3,4,No
36,Male,High School,Rajshahi,4,19934,2602.11,88.91,11,13,1,4,50,1,10,4,4,No
55,Male,Masters,Chittagong,12,16354,2860.63,83.86,5,4,1,3,92,0,10,10,44,Yes
57,Female,High School,Chittagong,14,119777,12137.48,95.93,17,10,2,4,48,1,9,1,10,No
27,Female,PhD,Dhaka,5,110352,8398.63,88.2,20,8,2,1,32,1,2,1,42,Yes
33,Female,Masters,Khulna,11,68046,9034.57,75.75,9,12,4,2,22,2,5,5,18,No
24,Male,Masters,Khulna,8,126098,24179.71,99.63,23,19,4,3,62,1,10,7,38,No
39,Male,Bachelors,Rajshahi,4,80064,10222.61,76.86,13,12,1,2,79,0,9,9,16,No
42,Female,Bachelors,Sylhet,3,72184,12616.81,92.4,13,22,0,2,66,1,2,7,36,Yes
36,Female,Bachelors,Sylhet,2,149035,24375.39,85.93,16,28,3,5,85,3,3,5,37,No
54,Male,High School,Dhaka,4,42424,5419.65,81.23,22,2,3,4,76,2,7,3,17,No
56,Male,Bachelors,Chittagong,11,149114,21939.62,91.91,14,24,2,3,57,1,9,8,49,Yes
47,Male,Bachelors,Dhaka,10,22139,2457.47,78.15,21,8,3,5,29,1,3,7,8,No
29,Female,Masters,Khulna,14,26226,3398.74,96.46,23,28,3,3,71,3,10,4,49,Yes
57,Female,Bachelors,Barisal,13,120234,15160.65,81.27,15,13,1,4,54,3,8,1,16,No
51,Male,High School,Barisal,4,98652,15425.87,84.04,20,1,0,5,72,3,8,3,40,No
44,Male,Bachelors,Barisal,13,85647,9549.4,90.82,12,3,4,3,17,3,4,8,32,No
35,Female,Bachelors,Chittagong,10,83617,5432.18,75.03,19,2,1,5,35,3,6,2,19,No
35,Male,Bachelors,Dhaka,5,18531,3118.89,86.82,15,23,4,2,47,3,8,9,17,Yes
23,Male,Bachelors,Rajshahi,13,109311,16694.84,97.36,11,23,1,1,50,1,9,4,23,No
58,Female,Masters,Khulna,7,97124,18698.17,92.01,6,20,1,3,11,0,2,7,12,No
26,Male,Bachelors,Barisal,9,59069,6752.03,84.7,23,28,3,4,16,1,1,10,39,Yes
59,Male,Bachelors,Sylhet,2,136907,8451.39,91.51,13,28,4,3,34,1,5,7,27,No
35,Female,Bachelors,Dhaka,5,103074,7034.06,98.41,22,8,1,1,60,1,10,8,45,Yes
46,Female,Masters,Khulna,11,123345,20475.01,79.7,17,3,3,3,59,2,3,7,2,No
41,Female,Bachelors,Khulna,10,69203,4163.5,88.3,5,25,2,3,73,0,6,4,35,No
23,Female,Masters,Sylhet,9,30915,5755.57,80.87,23,21,4,3,21,0,1,7,10,No
27,Female,High School,Sylhet,12,56477,5209.86,96.36,17,29,1,4,62,2,4,5,38,No
38,Female,Masters,Sylhet,14,131740,24349.75,93.03,18,15,2,1,84,0,6,10,20,No
46,Male,Bachelors,Barisal,13,137217,22781.59,95.03,21,2,3,1,19,2,2,7,36,Yes
49,Female,Bachelors,Barisal,3,104067,18802.84,98.58,24,25,1,4,70,1,8,3,1,No
23,Other,Bachelors,Dhaka,1,68520,5625.9,80.81,5,17,3,3,64,0,4,10,5,No
56,Male,Bachelors,Sylhet,2,85053,11852.48,76.22,9,27,3,3,77,1,2,7,4,Yes
58,Male,High School,Rajshahi,14,66464,4256.25,82.27,24,24,3,1,51,3,1,7,46,Yes
26,Male,Masters,Khulna,6,40357,3242.37,84.98,18,6,4,3,75,1,8,2,42,Yes
22,Male,Bachelors,Sylhet,5,147316,14213.83,90.63,22,28,2,2,53,0,10,8,31,Yes
33,Male,Masters,Khulna,1,82952,13365.38,94.94,17,1,2,3,37,1,1,7,36,Yes
57,Female,Masters,Chittagong,1,63061,3386.83,83.75,16,4,0,3,87,1,7,9,49,Yes
44,Other,Bachelors,Chittagong,11,21490,3985.7,86.84,19,19,1,5,67,2,7,4,39,No
52,Male,Masters,Sylhet,4,92219,5590.36,94.64,8,7,3,1,11,0,6,9,10,No
32,Male,Bachelors,Khulna,12,141305,15045.24,80.63,13,23,1,1,64,1,8,1,16,No
31,Male,High School,Chittagong,4,20839,1295.42,80.43,7,22,2,2,43,2,10,5,13,Yes
24,Female,PhD,Sylhet,6,39992,6612.48,89.73,15,14,2,2,29,0,1,10,1,Yes
35,Male,Bachelors,Khulna,6,128154,9124.21,85.9,19,26,3,2,56,3,1,7,38,Yes
37,Male,Bachelors,Sylhet,10,71249,13018.16,98.72,20,14,4,1,35,1,1,4,17,Yes
31,Male,Bachelors,Barisal,14,118313,15325.47,83.93,11,10,3,5,93,1,6,7,32,No
50,Male,Bachelors,Khulna,6,65734,12638.74,93.99,11,28,3,5,10,1,7,9,29,No
31,Male,PhD,Chittagong,1,140626,13156.14,89.58,13,24,0,4,74,1,10,5,14,No
33,Female,High School,Sylhet,10,39260,4638.47,76.36,21,7,4,1,98,1,9,5,28,No
51,Female,Bachelors,Chittagong,9,76852,11845.74,77.11,17,16,1,4,96,3,10,2,25,No
22,Female,Bachelors,Sylhet,11,43380,7582.26,80.08,13,4,4,3,84,3,5,5,0,No
26,Male,Bachelors,Dhaka,7,86257,9764.6,78.58,13,7,3,2,24,0,1,8,16,Yes
41,Female,Bachelors,Chittagong,7,19930,3664.43,83.23,24,15,3,4,23,0,9,4,38,No
29,Female,High School,Chittagong,11,69017,4672.32,89.47,16,17,3,4,64,2,5,2,47,Yes
33,Male,High School,Rajshahi,7,95630,14947.23,90.06,23,3,3,1,10,2,6,8,1,No
22,Female,Bachelors,Barisal,2,46280,4731.2,89.69,19,16,3,2,42,2,9,4,14,No
41,Male,Masters,Chittagong,2,139130,9071.32,77.94,22,2,4,2,79,3,2,5,21,Yes
49,Female,High School,Khulna,6,21544,2326.75,90.01,12,7,3,5,65,0,3,7,19,No
58,Male,Masters,Sylhet,7,29388,5349.57,85.24,10,25,2,4,32,0,7,5,28,No
58,Other,Masters,Dhaka,3,16694,3290.05,97.58,10,16,2,5,63,3,3,10,24,No
33,Male,Masters,Khulna,13,142727,15545.82,97.8,7,21,0,4,99,0,2,4,42,Yes
58,Female,Masters,Khulna,4,103202,18882.09,94.2,7,9,1,1,12,1,7,7,23,No
49,Female,Bachelors,Khulna,14,128057,16192.57,92.58,6,12,2,1,55,0,8,4,33,No
36,Female,Bachelors,Khulna,12,64294,10129.66,77.87,9,29,0,3,15,0,9,10,42,Yes
27,Male,Bachelors,Dhaka,3,53769,3054.39,77.12,24,24,4,4,34,1,2,4,20,No
41,Male,Bachelors,Rajshahi,7,128289,17139.0,96.02,16,1,1,4,26,2,2,2,47,Yes
35,Female,Masters,Barisal,7,117885,7134.91,85.68,10,14,3,2,37,2,7,5,1,No
23,Male,Bachelors,Chittagong,4,52855,4772.42,86.28,20,11,3,2,41,2,4,8,15,No
30,Male,Masters,Khulna,13,147532,19920.09,96.19,9,18,4,5,32,3,5,4,39,No
58,Female,High School,Chittagong,7,62646,10717.14,90.54,10,22,1,3,25,1,1,2,20,No
41,Male,Masters,Chittagong,5,128947,17296.18,79.49,8,5,2,1,35,1,6,9,36,No
47,Male,Bachelors,Khulna,1,25910,4934.01,80.28,18,15,1,4,42,3,10,6,7,No
50,Male,Bachelors,Rajshahi,10,97757,16770.2,75.16,7,27,0,5,67,1,8,3,13,No
22,Male,Bachelors,Chittagong,4,23463,1723.03,92.77,21,7,4,3,57,0,1,10,45,Yes
56,Female,Masters,Sylhet,7,41534,4499.95,87.14,9,25,2,2,92,2,2,5,21,Yes
27,Female,Bachelors,Chittagong,13,148441,22306.65,98.75,10,14,1,3,64,1,7,6,17,No
58,Female,Masters,Barisal,2,127296,24283.1,92.85,24,20,1,5,50,1,2,9,4,No
26,Other,Masters,Khulna,2,100094,19834.36,77.58,8,8,2,1,71,2,9,5,41,Yes
54,Male,Masters,Dhaka,1,102905,16925.61,79.04,17,4,0,2,26,3,6,9,46,Yes
35,Male,High School,Chittagong,2,40407,5497.99,87.54,12,3,0,2,68,2,5,1,44,Yes
33,Male,Masters,Rajshahi,10,77552,12679.09,98.12,15,12,1,1,23,3,7,10,29,No
41,Male,Masters,Sylhet,14,107303,9763.01,81.18,23,18,3,2,91,3,10,4,30,No
45,Female,High School,Sylhet,8,86908,8042.51,95.64,9,24,2,5,30,0,8,1,8,No
55,Male,High School,Dhaka,11,139506,20668.15,82.81,9,15,0,2,72,2,9,2,30,No
46,Male,High School,Barisal,8,37369,6755.39,81.75,7,11,0,4,55,1,6,2,30,No
50,Male,High School,Dhaka,8,20900,4085.35,97.53,6,24,0,3,64,3,5,10,40,No
52,Female,Bachelors,Barisal,1,55733,5640.19,76.18,7,11,4,5,71,0,7,5,8,No
44,Female,PhD,Chittagong,1,102236,17327.27,91.52,19,12,3,1,48,2,2,1,36,Yes
59,Male,Bachelors,Khulna,12,146661,26066.0,76.08,11,19,0,5,51,3,8,10,5,No
41,Other,Bachelors,Rajshahi,10,75044,10767.01,95.02,7,17,3,4,57,0,4,3,41,Yes
44,Male,PhD,Sylhet,4,100553,10270.36,95.74,19,29,1,2,37,1,1,6,25,Yes
37,Male,Bachelors,Dhaka,6,103435,14777.06,97.33,15,6,1,2,93,3,3,1,9,No
29,Female,Masters,Rajshahi,8,64008,8811.81,79.65,20,21,4,5,15,3,9,1,5,No
42,Male,Bachelors,Barisal,13,81794,11531.22,78.11,17,8,3,2,68,1,4,3,32,No
22,Female,Bachelors,Khulna,2,94134,13450.72,87.59,6,15,2,2,99,1,10,9,44,Yes
29,Other,Bachelors,Sylhet,13,148938,26370.77,81.79,24,22,4,4,79,1,10,2,29,No
50,Female,Bachelors,Sylhet,3,67890,5126.53,90.16,16,20,0,1,48,3,3,6,39,No
53,Female,High School,Barisal,6,130259,13689.45,87.84,11,26,1,3,66,0,4,3,23,No
59,Male,Masters,Khulna,10,44404,6123.32,78.62,5,10,1,5,63,0,3,6,27,No
26,Female,Bachelors,Sylhet,4,80223,7420.56,93.48,18,28,2,1,69,1,3,7,44,Yes
43,Male,Masters,Khulna,12,15637,3076.16,95.09,14,15,4,3,99,0,2,7,37,Yes
55,Female,Bachelors,Sylhet,2,118186,10574.4,99.08,7,12,3,1,26,1,6,2,28,No
22,Female,High School,Chittagong,7,30828,3713.06,84.89,15,11,1,5,49,1,10,3,43,Yes
47,Other,Bachelors,Barisal,4,116976,21243.4,83.44,24,18,0,4,75,2,6,4,14,No
31,Female,High School,Khulna,8,60097,3726.59,79.81,19,24,2,4,94,0,10,8,7,No
51,Male,Masters,Rajshahi,8,128271,22204.12,79.52,10,5,2,4,63,3,4,5,22,No
39,Other,PhD,Chittagong,7,47022,6378.59,83.03,22,12,2,1,80,2,8,1,42,Yes
38,Female,Masters,Rajshahi,10,47202,2585.27,99.55,17,24,0,5,53,1,6,9,8,No
47,Female,High School,Barisal,9,43704,8104.34,77.31,19,5,2,2,93,2,8,1,10,No
29,Female,Bachelors,Sylhet,4,106411,5946.2,81.48,7,22,3,2,76,1,6,2,5,No
33,Male,Bachelors,Rajshahi,7,144688,18416.27,77.15,19,29,3,4,66,1,9,7,46,Yes
48,Male,Masters,Chittagong,10,38641,2216.24,81.84,5,10,4,1,45,1,3,3,48,Yes
29,Female,High School,Khulna,10,52479,3184.43,77.31,14,14,4,2,66,0,3,6,11,No
46,Female,Bachelors,Dhaka,12,37027,6778.93,87.71,22,16,3,1,52,1,2,8,33,Yes
25,Male,Bachelors,Rajshahi,1,57912,9548.17,85.96,12,5,0,5,53,1,10,5,20,No
54,Female,High School,Dhaka,4,123227,9801.62,79.35,16,11,4,4,71,0,6,1,31,No
22,Male,Bachelors,Barisal,2,143773,20569.63,79.37,9,19,2,3,92,0,7,10,35,No
40,Female,Bachelors,Rajshahi,9,124658,21092.37,90.65,5,26,3,4,70,1,7,3,24,No
52,Male,Masters,Rajshahi,5,57692,10582.94,84.68,12,8,1,3,20,0,5,2,34,No
37,Male,Masters,Khulna,3,113884,13694.1,76.4,9,19,0,2,86,3,6,6,33,No
35,Male,Bachelors,Sylhet,4,47209,8715.96,98.0,21,20,0,3,42,3,7,5,18,No
26,Male,Bachelors,Chittagong,6,71738,9051.72,85.12,19,22,3,1,75,1,2,7,36,Yes
47,Male,Bachelors,Chittagong,10,52242,8005.26,89.78,8,18,1,3,32,2,10,2,16,No
49,Male,PhD,Chittagong,1,122966,24206.4,97.14,17,23,0,2,58,0,7,6,15,No
23,Male,PhD,Barisal,7,81457,6955.84,85.05,21,21,4,2,29,2,1,5,15,Yes
27,Female,Masters,Sylhet,8,144257,10859.41,95.52,17,12,1,4,24,3,6,6,43,Yes
30,Female,Masters,Dhaka,7,83309,8439.44,97.87,6,26,2,2,75,1,8,5,3,Yes
54,Male,Bachelors,Chittagong,7,101496,7577.68,79.35,8,13,4,1,39,3,1,7,48,Yes
46,Other,Masters,Dhaka,9,125078,11585.28,97.31,6,21,1,3,98,0,1,5,29,No
34,Male,Bachelors,Sylhet,13,16865,2722.82,78.0,16,21,3,5,13,0,6,7,33,No
30,Female,Bachelors,Barisal,4,111242,13530.21,81.88,23,29,0,2,73,1,5,1,4,Yes
34,Female,Masters,Sylhet,14,43887,4663.27,95.21,22,29,4,3,74,0,3,9,32,No
52,Male,High School,Khulna,7,111047,11694.2,97.52,14,18,3,4,17,0,10,6,45,Yes
32,Male,High School,Chittagong,9,143863,11391.0,92.1,9,27,1,5,61,0,10,9,8,No
25,Male,Bachelors,Barisal,5,55478,6497.12,77.62,15,29,2,4,23,2,7,1,16,No
55,Male,Bachelors,Khulna,2,126750,18213.38,88.07,5,15,0,1,67,1,7,2,11,No
59,Female,Masters,Chittagong,5,28394,2012.37,89.32,7,15,0,4,20,1,7,7,23,No
25,Male,High School,Sylhet,4,19487,3817.93,82.05,21,12,4,3,68,1,6,4,11,No
59,Male,High School,Sylhet,8,123924,14436.18,99.78,19,26,3,5,33,0,4,10,14,No
40,Male,High School,Rajshahi,5,72268,13889.49,83.39,18,9,1,4,97,0,9,1,15,No
27,Male,High School,Rajshahi,9,44605,3131.22,80.26,19,19,1,4,41,0,9,5,22,No
55,Male,High School,Sylhet,9,86602,14296.47,77.75,20,12,3,1,98,1,7,4,17,No
39,Male,Bachelors,Sylhet,3,93206,13295.44,84.46,8,23,0,3,55,2,7,6,21,No
34,Female,Bachelors,Dhaka,13,108375,18749.92,92.32,23,5,3,4,37,3,8,7,45,Yes
44,Male,Masters,Dhaka,10,108937,15262.26,80.79,12,26,1,3,25,1,5,3,43,Yes
40,Male,PhD,Khulna,6,71921,13983.28,94.24,10,26,3,2,51,1,9,6,30,Yes
32,Female,Bachelors,Rajshahi,6,75760,10912.45,78.39,20,21,0,1,25,2,6,2,42,Yes
22,Male,High School,Rajshahi,4,82847,13892.66,86.01,7,20,4,1,21,3,7,10,14,No
45,Female,High School,Sylhet,11,112547,20442.73,92.56,12,10,0,1,85,3,7,4,20,No
28,Female,Masters,Sylhet,13,58839,9248.76,78.38,9,22,2,3,71,0,9,10,7,No
46,Male,Bachelors,Khulna,10,54673,7032.89,89.95,9,7,2,4,43,3,7,9,48,Yes
42,Male,Masters,Barisal,3,18642,1694.98,94.97,16,23,3,4,47,0,3,7,39,No
36,Male,Masters,Barisal,1,66761,11895.07,89.89,5,11,0,3,93,1,6,2,35,No
22,Male,Masters,Barisal,12,24622,3006.02,87.79,11,28,0,3,56,2,6,6,41,Yes
33,Male,Masters,Rajshahi,7,63423,9076.23,95.96,15,8,1,2,88,1,7,4,37,No
28,Male,Bachelors,Dhaka,5,57873,3581.41,99.64,14,21,4,5,31,3,6,8,5,No
36,Male,Bachelors,Barisal,14,62565,7795.77,79.53,7,7,0,5,89,1,4,8,16,No
42,Male,PhD,Chittagong,10,15757,2437.98,92.28,12,16,3,1,97,2,6,1,39,Yes
40,Female,Bachelors,Khulna,7,21220,2920.1,77.02,5,28,1,4,12,2,3,8,44,Yes
50,Female,High School,Barisal,1,123408,14473.69,76.07,12,16,1,1,10,0,1,10,46,Yes
46,Male,Bachelors,Chittagong,8,106851,8923.56,82.02,24,14,3,4,62,1,1,7,35,No
54,Male,Bachelors,Barisal,3,108329,10448.39,99.27,15,15,3,4,73,2,5,1,27,No
53,Female,Masters,Dhaka,7,142636,22121.94,88.8,11,20,0,2,53,2,8,3,46,Yes
56,Female,Bachelors,Dhaka,12,43288,3620.12,81.71,20,9,0,3,56,2,3,5,22,No
59,Female,Bachelors,Barisal,3,89492,12820.53,78.31,11,16,1,3,47,2,2,3,30,No
47,Male,PhD,Chittagong,14,34109,4722.75,98.0,17,16,1,3,72,3,8,3,45,Yes
32,Female,Masters,Khulna,3,149569,29250.11,84.06,14,5,4,5,90,1,9,1,10,No
56,Male,Bachelors,Chittagong,10,72326,4275.72,82.67,21,3,1,3,50,1,9,8,19,No
29,Male,Bachelors,Khulna,9,24864,1646.45,96.45,7,21,3,5,30,1,2,9,31,No
35,Male,Bachelors,Barisal,13,102562,12913.84,90.11,11,25,3,1,54,3,8,5,16,No
31,Male,Bachelors,Khulna,2,89310,11526.93,79.22,15,13,4,5,22,3,2,1,41,Yes
23,Male,High School,Sylhet,14,134454,7527.97,85.54,17,29,2,4,75,2,7,1,37,No
30,Male,Bachelors,Rajshahi,4,36017,6262.58,98.21,9,27,2,2,75,3,8,9,5,Yes
24,Female,Masters,Rajshahi,6,147893,18369.57,97.53,23,8,3,2,52,0,1,1,0,Yes
42,Female,Bachelors,Dhaka,14,65337,6664.15,76.75,19,17,2,4,71,3,8,9,36,No
47,Male,Bachelors,Sylhet,3,98557,9641.64,81.72,5,5,2,1,98,2,3,3,3,No
29,Male,High School,Rajshahi,12,25372,4546.94,78.86,9,6,4,2,57,1,1,3,30,Yes
23,Male,Bachelors,Barisal,10,115050,9147.62,88.35,17,29,1,4,35,3,7,4,10,No
27,Female,Masters,Khulna,14,108938,8068.24,93.75,14,26,1,2,70,1,10,5,16,Yes
49,Male,Bachelors,Khulna,10,86333,7077.3,82.39,9,29,2,5,71,1,3,6,6,No
50,Other,High School,Chittagong,7,31283,4497.04,93.95,5,27,0,2,91,0,8,6,34,Yes
47,Male,Bachelors,Chittagong,7,55857,9587.27,91.72,14,2,4,5,23,0,9,10,1,No
46,Male,PhD,Khulna,5,66772,6653.62,93.21,22,22,2,5,63,3,2,9,39,No
33,Female,Bachelors,Barisal,3,110856,8427.2,98.71,12,14,0,2,50,1,1,1,36,Yes
26,Female,High School,Khulna,2,21107,1717.67,85.62,24,25,0,2,69,2,8,9,36,Yes
55,Male,Bachelors,Chittagong,4,50561,7224.03,83.56,7,4,4,5,18,1,10,4,9,No
58,Male,Masters,Rajshahi,14,28138,2445.34,92.1,23,3,1,2,53,1,6,7,11,No
36,Other,Bachelors,Dhaka,13,139143,25267.26,95.19,23,9,3,1,65,0,10,6,16,No
57,Male,Bachelors,Chittagong,4,33632,2205.71,79.79,6,18,0,3,12,0,1,9,45,Yes
36,Female,Bachelors,Barisal,11,62547,3431.03,96.17,21,12,3,3,68,0,3,2,25,No
44,Male,Bachelors,Rajshahi,8,27100,1714.26,76.45,20,9,3,4,82,0,9,2,4,No
27,Female,Masters,Rajshahi,8,62930,11128.95,75.16,14,27,4,3,22,3,9,7,4,No
42,Female,Masters,Rajshahi,13,68025,10046.23,78.96,20,26,1,1,39,3,6,9,37,Yes
44,Male,Bachelors,Sylhet,5,93944,18193.35,99.47,9,27,4,3,62,1,3,5,46,Yes
37,Female,Bachelors,Sylhet,13,106641,10711.5,88.09,24,27,0,3,89,3,8,7,26,No
36,Male,High School,Rajshahi,6,111920,9166.44,76.16,7,18,1,1,60,2,6,8,4,No
46,Male,Bachelors,Barisal,8,147533,19813.13,99.93,7,13,2,5,51,1,1,8,7,No
57,Female,Bachelors,Khulna,1,57362,7495.74,93.62,6,27,1,3,35,1,6,4,30,No
32,Male,High School,Barisal,5,43610,6046.68,95.95,8,14,4,4,68,2,5,10,32,No
36,Female,High School,Sylhet,4,119334,12187.59,80.32,22,10,4,3,78,1,8,7,20,No
25,Male,High School,Chittagong,4,22717,1155.94,77.64,6,3,3,3,88,2,2,1,34,Yes
42,Male,PhD,Sylhet,11,79022,4366.34,87.88,10,29,2,1,12,0,7,4,20,Yes
34,Male,Masters,Khulna,2,66645,9968.36,94.3,7,7,1,1,50,0,6,5,14,No
43,Male,Masters,Dhaka,10,44550,5724.17,90.94,7,18,2,4,10,0,1,10,35,Yes
40,Male,High School,Sylhet,1,149648,25911.8,90.78,6,16,3,2,74,2,8,7,1,No
55,Female,PhD,Barisal,14,55868,5310.89,93.93,7,17,2,1,79,3,6,6,29,No
35,Female,High School,Barisal,6,113039,19478.97,80.68,21,25,2,2,84,3,3,4,27,No
25,Female,Bachelors,Rajshahi,7,47800,5440.77,91.54,18,6,1,4,59,1,5,3,16,No
48,Male,Masters,Rajshahi,5,25886,1669.77,84.8,11,25,2,3,89,0,7,6,43,Yes
50,Male,Bachelors,Rajshahi,8,60805,11959.54,76.74,10,12,3,3,97,0,9,10,19,No
49,Male,Bachelors,Dhaka,9,47532,6026.6,80.05,12,19,0,2,68,1,4,5,39,No
56,Male,High School,Khulna,11,127765,18452.05,94.85,23,3,0,4,83,0,2,3,28,Yes
29,Male,High School,Chittagong,11,43688,6580.27,97.4,23,26,4,4,72,0,3,4,4,No
37,Male,Bachelors,Barisal,2,38089,3975.04,82.07,16,28,0,1,34,2,7,2,24,Yes
57,Male,Bachelors,Barisal,11,48585,7877.05,79.76,9,3,1,2,19,1,8,9,9,No
51,Female,Masters,Khulna,13,17438,3148.26,75.67,9,18,4,1,86,2,5,7,18,Yes
39,Male,Bachelors,Dhaka,4,108095,11682.7,98.69,18,29,0,2,10,0,3,10,40,Yes
23,Male,Bachelors,Rajshahi,11,29026,4311.82,92.1,21,11,0,1,23,0,1,3,47,Yes
34,Male,High School,Khulna,9,135168,22109.24,98.93,20,6,4,1,30,1,10,8,0,No
25,Male,High School,Chittagong,5,65998,5182.09,96.6,8,19,1,4,67,0,1,8,46,Yes
47,Female,PhD,Rajshahi,3,72013,7193.34,83.51,12,5,4,4,47,3,2,1,33,No
46,Male,High School,Chittagong,6,66039,4379.67,77.82,7,13,1,3,10,2,5,5,13,No
51,Male,Bachelors,Sylhet,3,121446,17042.67,87.48,9,27,1,3,93,2,3,5,24,No
32,Male,High School,Chittagong,14,113452,19302.8,75.67,11,5,3,4,14,3,7,3,25,No
28,Male,Masters,Rajshahi,5,82182,11639.09,78.75,22,26,0,4,53,1,2,2,20,Yes
52,Male,Masters,Sylhet,3,67147,5168.14,80.84,12,3,0,1,74,1,2,1,15,Yes
31,Female,Bachelors,Rajshahi,6,90400,11928.76,91.64,15,19,2,3,66,0,3,4,9,No
34,Female,Bachelors,Barisal,12,61434,10765.7,87.75,18,17,4,4,54,1,1,10,31,No
52,Female,Bachelors,Rajshahi,10,41515,3960.89,82.56,22,22,3,2,69,3,2,2,43,Yes
28,Male,Bachelors,Sylhet,5,73001,12767.71,89.12,17,3,0,2,75,1,5,5,44,Yes
57,Female,High School,Chittagong,14,124591,20893.1,78.13,10,15,2,3,56,0,3,10,19,No
41,Male,Masters,Barisal,9,60778,3237.1,93.89,17,17,3,2,35,3,10,2,8,No
25,Male,High School,Dhaka,3,110849,9523.95,92.8,5,13,1,1,18,0,6,1,33,No
28,Female,Masters,Dhaka,6,118083,15520.99,80.41,15,14,0,3,60,2,2,10,30,No
22,Male,Bachelors,Dhaka,8,116276,18330.05,90.16,11,29,4,4,17,2,8,10,18,No
34,Male,High School,Dhaka,7,71908,13092.98,87.58,14,26,3,2,14,1,4,10,46,Yes
43,Female,Bachelors,Khulna,6,109048,15938.06,76.52,6,16,2,1,48,3,3,10,30,No
42,Male,Bachelors,Dhaka,14,49256,5272.93,81.95,20,25,4,4,77,3,5,9,29,No
43,Female,Bachelors,Sylhet,2,142025,11034.5,99.99,9,11,1,5,49,3,8,2,46,Yes
49,Male,Bachelors,Dhaka,7,142343,23345.02,77.49,20,17,4,1,45,0,9,10,23,No
30,Female,Bachelors,Rajshahi,8,24127,1954.7,87.66,20,5,2,2,30,3,1,4,32,Yes
47,Other,Bachelors,Dhaka,1,133251,20562.57,96.23,19,21,1,1,35,1,4,3,17,No
30,Female,High School,Chittagong,9,96163,7422.03,82.52,13,15,2,5,84,2,6,1,20,No
36,Male,Bachelors,Sylhet,4,133279,8484.28,81.52,5,18,0,5,94,1,6,8,30,No
31,Male,Bachelors,Sylhet,8,116824,10241.38,97.27,13,16,2,1,95,2,9,2,38,No
45,Male,Bachelors,Barisal,10,53664,4976.77,82.62,15,14,4,4,65,2,1,8,41,Yes
29,Male,Bachelors,Khulna,7,71795,10559.71,91.29,9,14,0,4,66,1,5,1,40,No
45,Male,Bachelors,Rajshahi,14,136729,10136.06,93.51,10,13,0,5,68,2,10,6,42,Yes
37,Female,Masters,Sylhet,13,51079,9681.82,94.72,12,1,3,3,16,2,1,4,3,No
47,Male,Masters,Chittagong,10,99225,13212.23,99.87,19,6,4,3,51,0,6,3,25,No
48,Other,Bachelors,Dhaka,7,39259,4853.97,95.08,20,23,4,4,22,1,9,1,32,No
58,Male,Bachelors,Sylhet,2,41571,4789.15,91.43,22,11,1,3,93,1,4,10,43,Yes
25,Male,Bachelors,Chittagong,1,66119,8925.42,97.39,16,11,2,4,88,1,10,1,32,No
45,Male,Masters,Dhaka,4,23009,1227.92,97.64,8,25,2,2,43,2,10,7,48,Yes
40,Female,High School,Khulna,12,125210,24855.81,99.33,20,16,4,4,62,3,9,6,19,No
57,Female,Bachelors,Sylhet,2,76829,10266.56,94.41,15,24,2,2,55,3,3,3,40,No
31,Female,Masters,Sylhet,8,53230,2942.51,79.87,11,26,4,5,66,2,7,2,7,No
46,Female,High School,Chittagong,10,126364,17500.99,92.75,19,3,0,3,70,3,5,10,35,No
39,Male,High School,Barisal,7,71049,8210.55,76.88,21,25,2,5,98,3,10,3,7,No
40,Male,Bachelors,Rajshahi,8,116762,6259.1,82.95,19,17,2,1,65,2,1,8,30,Yes
57,Male,Bachelors,Khulna,11,138273,26087.18,77.9,14,29,4,1,38,1,7,7,21,Yes
31,Female,Masters,Rajshahi,6,134466,6936.43,98.75,8,22,4,5,23,0,8,7,41,Yes
54,Male,Masters,Sylhet,1,134053,18322.46,83.47,21,29,1,4,77,1,6,5,49,Yes
26,Male,High School,Rajshahi,14,110018,21373.04,92.83,8,14,2,4,80,1,1,10,46,Yes
56,Female,High School,Dhaka,13,47795,4093.2,89.28,15,26,3,3,22,1,9,3,18,No
55,Other,Bachelors,Khulna,13,128812,11351.8,77.69,8,2,4,5,26,0,7,1,19,No
54,Female,Bachelors,Rajshahi,12,100411,5026.92,89.03,16,26,3,1,38,1,6,1,22,Yes
42,Female,Bachelors,Dhaka,9,54191,3248.9,91.53,14,25,0,5,90,3,4,6,23,No
38,Female,High School,Chittagong,6,27453,1557.5,97.04,18,9,0,5,92,0,3,4,42,Yes
43,Male,Bachelors,Rajshahi,12,135848,23555.83,76.75,22,8,3,3,99,3,4,7,23,No
58,Male,Bachelors,Khulna,13,129165,22669.83,82.39,10,29,0,4,82,0,1,10,35,Yes
36,Female,Bachelors,Dhaka,10,64993,10334.21,92.31,9,11,3,1,11,3,9,10,8,No
56,Female,Bachelors,Rajshahi,1,125780,12944.24,75.86,6,7,1,3,71,1,2,10,39,No
49,Male,Bachelors,Chittagong,1,60706,10513.56,80.09,17,22,1,1,29,1,2,1,15,Yes
28,Female,Bachelors,Rajshahi,8,106434,13939.25,80.47,18,2,0,1,96,1,3,6,26,No
53,Male,High School,Dhaka,6,65799,6293.45,91.73,7,4,3,4,91,3,1,7,44,Yes
32,Male,High School,Rajshahi,8,134586,15557.0,82.15,15,26,3,4,65,3,10,1,36,No
31,Female,Bachelors,Khulna,8,75964,4547.6,89.99,8,23,3,3,99,2,3,2,12,No
30,Male,Bachelors,Sylhet,11,112379,21547.13,99.13,17,14,0,2,61,3,4,9,1,No
35,Male,Bachelors,Dhaka,14,124987,17856.58,94.83,12,13,3,3,34,0,9,9,11,No
34,Male,Bachelors,Dhaka,8,76926,12283.94,83.32,12,22,4,3,71,1,5,6,40,No
46,Female,Bachelors,Dhaka,10,18801,2848.12,86.81,17,25,3,2,26,0,6,4,32,Yes
23,Male,Masters,Dhaka,7,55144,8280.56,80.02,14,13,4,1,48,2,1,7,22,Yes
56,Female,Bachelors,Rajshahi,7,109478,5757.35,75.39,17,13,1,5,19,2,3,5,13,No
28,Female,High School,Khulna,10,127364,16405.21,82.24,17,5,4,2,68,3,7,3,38,No
42,Male,High School,Chittagong,4,97819,16947.78,84.24,21,28,1,5,34,1,7,4,48,Yes
39,Other,Bachelors,Khulna,9,33637,1906.47,89.11,10,12,0,1,37,0,10,2,29,No
24,Male,Bachelors,Dhaka,12,59621,11532.18,98.6,6,6,1,2,99,2,1,6,45,Yes
32,Other,High School,Barisal,2,62431,7093.66,98.7,21,26,1,4,85,2,9,3,48,Yes
45,Male,Bachelors,Rajshahi,11,114937,10744.81,76.75,16,22,3,3,70,0,1,7,33,Yes
40,Other,High School,Barisal,9,71172,9236.22,90.37,10,14,2,2,67,2,7,4,8,No
25,Male,Bachelors,Rajshahi,10,40437,6881.65,76.06,9,8,1,2,53,0,2,8,14,Yes
47,Male,Bachelors,Dhaka,3,38119,4620.53,91.2,9,24,4,1,92,1,9,1,23,No
59,Male,Masters,Rajshahi,14,83835,12304.12,77.94,13,22,0,4,32,3,9,9,47,Yes
53,Male,High School,Dhaka,13,75805,9474.65,98.66,7,8,4,2,87,0,9,3,40,No
57,Female,Masters,Khulna,2,33201,4803.88,96.61,24,7,0,4,26,1,4,3,24,No
58,Male,Masters,Sylhet,13,43634,3085.13,75.56,9,17,4,5,88,0,6,5,35,No
54,Female,Bachelors,Rajshahi,4,101821,5681.56,94.55,11,21,1,2,94,2,2,10,31,Yes
57,Male,High School,Dhaka,5,60775,4286.78,90.9,16,11,2,4,47,1,3,1,46,Yes
24,Male,Bachelors,Barisal,2,141546,13146.19,87.38,11,26,1,3,39,0,6,3,20,No
30,Female,Masters,Dhaka,13,129090,11360.36,90.07,14,10,3,1,28,1,1,4,41,Yes
29,Male,Masters,Barisal,1,89676,12758.77,91.96,12,13,4,4,41,0,7,2,38,No
54,Female,Bachelors,Rajshahi,10,21798,2580.52,97.11,21,10,2,1,95,0,2,6,5,Yes
27,Female,Masters,Chittagong,11,92160,5144.54,94.18,9,21,4,2,29,1,8,10,46,Yes
25,Female,High School,Barisal,5,92751,5122.63,89.38,19,26,3,2,73,1,5,4,24,Yes
34,Male,High School,Dhaka,9,55888,3553.82,95.62,13,14,3,5,45,1,7,1,1,No
23,Female,Masters,Rajshahi,12,64047,6594.42,99.67,15,9,3,1,74,2,8,3,30,No
26,Other,Masters,Dhaka,12,124640,6347.6,82.5,17,7,1,3,92,3,3,7,29,No
48,Female,Bachelors,Chittagong,5,117614,14595.67,77.96,22,7,1,3,52,0,6,3,14,No
53,Male,Masters,Sylhet,12,60955,6345.44,93.29,21,26,2,4,35,0,9,6,17,No
42,Female,PhD,Chittagong,11,148054,19738.0,99.46,13,18,3,3,16,1,4,6,31,No
29,Female,Masters,Khulna,10,136298,21551.96,77.92,14,16,1,1,43,0,10,1,13,No
59,Female,Masters,Rajshahi,9,100490,8807.54,85.79,9,8,0,2,45,3,7,2,17,No
29,Male,Masters,Chittagong,14,54265,3991.87,76.56,15,16,0,1,15,3,1,10,34,Yes
24,Male,High School,Sylhet,13,61313,5622.89,94.41,19,19,1,1,46,0,7,6,21,No
24,Female,Masters,Dhaka,12,59350,2983.2,98.72,6,15,2,2,71,0,9,2,13,No
43,Male,High School,Rajshahi,10,124168,8443.67,87.47,24,25,4,1,95,1,10,2,37,No
27,Female,Masters,Barisal,6,42924,6980.5,85.24,18,15,3,3,82,3,8,4,13,No
23,Male,Bachelors,Chittagong,3,97593,8141.31,97.69,9,6,1,4,69,0,4,8,33,No
44,Male,Bachelors,Sylhet,4,132490,26384.71,78.33,10,9,2,4,73,3,3,6,21,No
23,Male,Bachelors,Chittagong,4,22312,1677.3,97.29,19,15,4,1,59,0,7,8,15,No
59,Male,High School,Khulna,1,45353,7633.62,84.8,8,25,2,2,61,2,1,4,47,Yes
38,Other,Bachelors,Rajshahi,3,128744,20052.74,88.99,14,7,4,5,26,3,8,3,48,Yes
56,Female,PhD,Dhaka,3,31192,3066.79,88.21,23,26,0,1,69,2,1,7,15,Yes
55,Female,PhD,Sylhet,13,111548,11111.39,90.4,13,28,4,1,86,1,7,7,15,Yes
44,Male,Bachelors,Chittagong,14,113991,15335.52,98.55,14,8,0,5,90,3,6,2,39,No
51,Female,PhD,Rajshahi,1,93711,16667.07,98.78,8,18,3,4,63,0,10,1,37,No
29,Female,Masters,Chittagong,13,21774,2350.03,95.78,8,21,1,4,19,0,8,8,17,No
43,Female,Bachelors,Rajshahi,9,130107,7699.34,79.79,10,16,0,5,34,2,6,3,22,No
57,Male,High School,Khulna,11,87427,9281.5,83.34,12,15,2,2,27,3,5,6,45,Yes
26,Female,Masters,Chittagong,1,102513,8313.49,87.2,20,3,4,1,73,3,9,7,47,Yes
34,Female,Bachelors,Khulna,9,79014,15082.28,97.64,12,1,2,3,88,3,4,8,39,No
50,Other,Masters,Barisal,1,70256,10860.96,88.02,20,13,0,4,68,1,7,6,17,No
52,Male,Masters,Barisal,2,113743,6554.43,99.44,10,22,2,4,36,3,6,7,45,Yes
37,Female,Masters,Sylhet,2,106190,9976.37,99.6,21,29,4,4,67,1,10,5,48,Yes
51,Female,Bachelors,Khulna,14,66715,3838.27,89.96,5,12,1,2,70,0,6,3,21,No
37,Male,Bachelors,Rajshahi,6,22466,3920.37,96.94,23,9,2,5,92,2,5,2,39,No
33,Male,Bachelors,Sylhet,7,32637,6068.67,99.98,22,2,3,2,88,2,2,7,29,Yes
38,Male,Bachelors,Chittagong,11,145424,9720.42,96.24,21,9,4,4,80,3,4,8,47,Yes
37,Male,High School,Chittagong,1,83745,9718.06,91.42,21,8,4,1,52,2,1,8,41,Yes
33,Male,Bachelors,Rajshahi,3,51317,9739.07,96.13,16,27,3,4,89,3,9,3,41,Yes
29,Female,Bachelors,Dhaka,2,149150,10706.25,77.07,16,25,0,1,97,0,9,2,17,No
41,Female,Masters,Dhaka,8,18543,1739.07,90.87,10,5,3,1,96,0,8,9,17,Yes
24,Female,High School,Chittagong,9,137790,13178.4,80.41,11,13,0,4,20,0,4,6,40,No
37,Female,Bachelors,Rajshahi,13,66052,3600.41,77.9,12,2,1,4,97,2,5,10,0,No
51,Male,High School,Dhaka,2,37064,2054.86,97.32,7,10,0,1,14,3,1,3,47,Yes
44,Male,High School,Khulna,2,87287,16839.31,90.99,21,26,1,2,67,1,4,5,41,Yes
49,Female,High School,Chittagong,10,95442,12948.03,81.09,12,6,1,2,48,0,4,1,14,No
26,Male,Masters,Barisal,9,135550,13012.43,84.67,15,7,3,2,57,0,5,2,4,No
41,Male,High School,Khulna,14,29425,3142.63,99.33,24,3,1,3,89,1,2,9,26,No
22,Male,Masters,Rajshahi,4,66481,10452.57,96.55,22,14,0,1,29,1,2,10,16,Yes
51,Male,Bachelors,Barisal,5,92347,9694.36,75.39,20,16,2,3,90,2,2,10,40,No
42,Female,Masters,Khulna,13,87317,7348.95,99.5,17,6,4,3,28,0,8,3,31,No
41,Male,Masters,Dhaka,11,65530,4277.51,84.21,13,22,4,1,69,2,2,8,37,Yes
27,Male,PhD,Dhaka,9,96099,15312.41,92.39,23,8,0,3,35,0,6,10,25,No
43,Male,Masters,Barisal,6,40888,3151.84,92.82,11,1,2,1,88,2,2,8,1,Yes
39,Female,Masters,Sylhet,10,80836,4886.31,97.79,21,20,1,5,34,2,8,5,27,No
29,Male,Masters,Chittagong,12,125478,14309.91,97.13,12,15,0,5,24,1,1,8,44,Yes
53,Female,Bachelors,Barisal,9,63990,3579.32,82.04,12,17,1,1,93,3,2,2,22,Yes
54,Male,High School,Rajshahi,9,101544,19775.66,91.09,7,24,3,1,30,3,5,2,49,Yes
37,Male,Bachelors,Chittagong,7,78627,11329.67,84.84,20,18,2,1,56,3,6,4,19,No
33,Male,Bachelors,Khulna,14,143345,10450.5,88.14,16,24,4,2,44,0,9,8,35,No
59,Male,Bachelors,Rajshahi,12,87843,6664.48,88.87,19,3,0,1,53,1,6,2,41,Yes
55,Male,Bachelors,Rajshahi,10,44251,5994.87,84.91,8,24,4,4,15,1,8,4,21,No
35,Male,Masters,Dhaka,9,89418,9253.41,86.6,11,6,1,5,84,1,7,8,10,No
57,Female,PhD,Khulna,5,67620,11234.39,80.21,15,17,1,5,32,0,1,3,27,No
54,Male,Bachelors,Dhaka,5,25040,3302.05,90.19,9,23,3,1,48,2,2,8,44,Yes
44,Female,Bachelors,Dhaka,12,28162,3238.63,93.97,17,13,1,5,82,2,4,2,21,No
23,Male,PhD,Sylhet,8,80435,15640.35,85.74,15,23,1,1,27,3,1,1,16,Yes
42,Male,Bachelors,Dhaka,10,133504,14499.78,99.44,9,22,4,1,49,3,8,6,30,No
23,Male,Masters,Chittagong,4,89667,9871.59,76.43,12,17,4,5,45,0,4,8,10,No
48,Female,Bachelors,Rajshahi,9,143658,21529.43,89.73,21,21,0,5,37,0,7,9,35,No
30,Male,Bachelors,Dhaka,7,20037,3434.78,89.59,15,16,0,4,73,3,7,10,13,No
22,Male,Bachelors,Barisal,7,75526,10870.63,75.91,23,17,1,3,92,2,8,8,34,No
32,Male,Masters,Chittagong,13,102914,15930.22,80.61,22,1,2,4,67,2,9,2,22,No
24,Male,Bachelors,Khulna,3,107162,11352.71,97.64,14,16,0,4,47,1,9,1,28,No
44,Male,High School,Rajshahi,4,74090,9033.39,88.61,9,6,1,5,88,3,7,7,22,No
47,Female,Bachelors,Barisal,7,148523,11815.79,85.91,5,8,4,4,53,3,9,7,43,Yes
25,Male,Bachelors,Barisal,11,80560,12248.1,85.39,21,1,3,5,85,2,5,3,35,No
39,Male,PhD,Khulna,11,104552,8700.59,97.2,21,2,4,2,11,1,10,6,15,No
27,Female,Masters,Barisal,14,31444,1578.13,84.18,5,15,4,1,82,3,4,7,38,No
56,Male,Bachelors,Chittagong,5,55443,10537.74,96.48,5,5,3,3,44,2,3,9,19,No
43,Male,Bachelors,Khulna,12,112229,10763.02,82.73,13,24,4,2,10,2,6,1,24,No
36,Male,Bachelors,Barisal,3,127314,10120.8,88.29,8,27,0,1,55,2,10,3,18,Yes
43,Female,Masters,Khulna,1,39248,3541.03,78.6,13,20,4,1,69,1,9,5,25,No
58,Male,Masters,Khulna,7,142521,14190.41,95.63,18,15,3,3,72,1,4,3,31,No
33,Male,Bachelors,Dhaka,6,83008,10059.07,93.4,19,21,1,4,54,2,2,8,49,Yes
59,Male,Masters,Dhaka,10,75309,4548.87,88.25,20,10,1,1,66,1,3,10,20,No
39,Female,Bachelors,Dhaka,7,58237,3371.98,75.65,20,5,1,3,46,1,3,6,8,No
56,Male,PhD,Barisal,14,141967,13335.9,87.03,17,3,3,5,16,1,2,2,42,Yes
51,Female,Masters,Rajshahi,2,23104,2180.21,80.63,18,6,3,1,25,1,9,1,18,No
45,Female,Masters,Chittagong,13,98230,6644.96,85.33,13,21,0,1,59,0,4,10,48,Yes
51,Female,Masters,Barisal,12,105266,11654.92,96.41,13,15,3,4,23,3,3,5,20,No
35,Male,Bachelors,Dhaka,4,49980,4628.36,94.24,8,18,1,4,15,3,10,9,17,No
27,Male,Masters,Khulna,2,89990,4851.21,81.05,14,14,3,5,70,1,6,10,5,No
24,Male,Bachelors,Barisal,8,24554,4489.9,99.62,7,10,2,1,30,2,8,9,34,No
37,Male,Bachelors,Khulna,7,106049,19396.66,97.58,13,4,4,4,19,3,8,1,13,No
28,Male,Bachelors,Khulna,1,63167,5140.36,88.22,23,11,0,3,41,1,10,3,8,No
35,Female,Masters,Khulna,2,82238,6121.04,88.25,20,20,1,1,15,3,6,6,34,No
30,Male,High School,Sylhet,2,32038,4232.02,97.53,20,7,1,3,11,2,5,5,1,No
36,Male,Bachelors,Rajshahi,4,42397,6131.16,90.9,21,15,2,2,48,1,7,4,5,No
42,Female,Bachelors,Chittagong,3,89491,17328.27,88.42,22,23,0,5,58,2,3,2,34,No
56,Female,High School,Chittagong,1,44602,4754.67,93.73,14,9,4,4,36,3,10,4,24,No
23,Male,High School,Dhaka,12,69471,9915.6,80.88,23,15,0,2,65,0,2,5,8,Yes
48,Female,Masters,Sylhet,14,112081,20368.16,96.96,19,26,0,4,23,2,8,2,49,Yes
23,Male,Masters,Barisal,2,38116,4478.37,88.29,19,12,1,2,32,1,9,10,30,No
56,Female,Bachelors,Barisal,11,21674,1481.46,90.09,15,18,3,4,94,1,6,1,6,No
39,Female,Masters,Chittagong,9,20446,2179.89,77.25,12,6,4,5,60,2,4,7,27,No
35,Female,Masters,Rajshahi,13,139809,9854.44,82.74,20,18,0,1,34,0,6,7,1,No
41,Female,Bachelors,Khulna,1,35760,1877.25,85.67,14,25,2,3,62,3,7,8,0,No
39,Male,Masters,Dhaka,9,16963,2760.44,85.35,13,18,1,2,97,3,8,10,36,Yes
31,Male,PhD,Rajshahi,7,123281,10573.02,94.46,19,22,3,3,20,3,3,6,23,No
46,Female,Bachelors,Chittagong,2,20177,1014.92,82.06,9,24,3,3,44,3,6,1,34,No
23,Male,Bachelors,Sylhet,2,26160,4731.42,79.55,24,6,1,4,64,3,10,8,6,No
46,Female,Masters,Dhaka,5,117876,13740.61,89.57,6,28,0,1,67,1,6,2,37,Yes
54,Male,Bachelors,Chittagong,13,22543,1934.84,90.38,20,15,1,4,77,1,10,3,28,No
57,Male,High School,Barisal,5,122211,10927.92,78.04,22,19,3,3,46,2,7,8,0,No
52,Male,Bachelors,Dhaka,4,54278,4672.29,75.06,20,5,3,5,86,2,4,4,29,No
35,Male,Bachelors,Chittagong,12,149395,11829.61,97.94,9,4,2,1,18,3,6,5,45,Yes
22,Female,Masters,Barisal,10,67105,11822.82,76.99,5,17,2,1,37,3,2,9,31,Yes
37,Female,Bachelors,Barisal,10,91151,6886.43,97.45,23,21,3,3,64,3,8,7,9,No
24,Female,Bachelors,Khulna,13,81968,11006.52,84.98,14,10,2,4,55,0,3,10,33,No
56,Female,Bachelors,Sylhet,12,78830,4855.77,91.33,17,12,2,5,89,2,9,7,10,No
27,Female,Bachelors,Khulna,3,88967,17119.76,79.64,15,5,2,2,79,1,8,1,47,Yes
46,Female,Bachelors,Chittagong,4,23611,3317.28,95.6,19,7,3,4,36,3,6,1,48,Yes
34,Male,Bachelors,Rajshahi,10,28872,5354.97,79.5,6,12,0,1,19,2,10,8,36,No
55,Female,Masters,Khulna,4,64455,7069.53,84.66,10,23,0,4,32,0,2,10,26,No
29,Male,High School,Rajshahi,2,49930,8568.03,80.95,15,2,4,2,30,0,8,1,49,Yes
42,Male,Bachelors,Barisal,5,87022,15494.11,95.94,19,20,2,5,99,3,6,10,47,Yes
55,Female,Bachelors,Chittagong,5,77714,12080.05,96.46,13,17,0,5,54,1,1,2,9,No
25,Male,Bachelors,Sylhet,5,139906,8945.89,84.3,16,13,4,2,12,2,6,4,37,No
46,Male,Bachelors,Rajshahi,11,123722,6484.52,82.68,8,5,1,2,68,1,5,9,21,No
36,Male,Bachelors,Chittagong,11,81704,6151.0,94.34,18,5,2,3,52,3,6,7,23,No
25,Male,Masters,Rajshahi,10,15415,1043.82,96.96,7,20,0,1,16,3,1,7,7,Yes
33,Female,Bachelors,Khulna,1,91441,14518.15,90.6,21,26,0,3,36,0,4,10,5,No
53,Male,Masters,Chittagong,6,126736,16925.72,98.19,17,12,0,4,71,0,7,7,3,No
53,Male,High School,Khulna,11,85779,11056.28,84.58,12,12,4,2,51,2,5,5,4,No
49,Male,PhD,Dhaka,2,103444,9095.84,78.8,16,7,1,3,13,3,6,1,5,No
34,Male,Bachelors,Chittagong,7,119448,8742.53,79.49,16,6,2,1,99,3,2,5,46,Yes
52,Female,Masters,Rajshahi,4,24888,2015.48,91.75,16,29,0,1,71,2,8,8,31,Yes
35,Male,Bachelors,Dhaka,5,139790,15382.71,85.19,6,10,3,2,17,1,10,7,37,No
41,Male,Bachelors,Khulna,5,73765,11877.75,78.91,14,19,2,3,93,0,4,7,19,No
39,Female,Bachelors,Khulna,5,30935,2727.77,82.31,13,16,3,5,26,3,6,2,39,No
50,Female,Masters,Rajshahi,2,88002,13622.0,88.27,5,2,4,2,14,3,3,1,44,Yes
27,Female,Bachelors,Dhaka,5,95631,11832.12,78.04,8,4,0,4,72,1,9,4,35,No
53,Female,Bachelors,Barisal,3,16320,2983.56,75.09,18,9,2,3,18,1,8,8,48,Yes
50,Male,Masters,Sylhet,4,61032,5183.89,97.93,20,26,2,3,17,1,6,1,13,No
23,Male,Bachelors,Rajshahi,13,92763,10911.57,82.62,22,5,0,2,16,0,9,2,49,Yes
44,Male,Masters,Khulna,2,53002,3418.61,80.54,6,1,1,3,46,2,10,7,46,Yes
40,Female,Bachelors,Chittagong,4,53912,5405.92,92.46,10,11,4,3,64,3,9,5,18,No
52,Male,Masters,Dhaka,13,15552,1960.05,96.34,7,19,0,4,76,0,2,6,10,Yes
26,Male,Bachelors,Barisal,9,35140,5619.27,90.81,24,25,2,4,17,1,9,8,38,No
40,Male,Bachelors,Sylhet,8,100591,8018.27,81.36,23,23,1,5,78,3,8,9,0,No
55,Male,Bachelors,Chittagong,13,48367,4000.62,96.54,17,3,2,4,14,3,2,8,34,No
31,Male,Masters,Dhaka,14,39061,5653.56,87.76,21,1,3,5,26,0,9,1,18,No
46,Other,Bachelors,Barisal,11,111590,11981.27,84.53,18,4,2,4,67,1,5,4,32,No
23,Male,Bachelors,Rajshahi,12,57124,6987.08,90.12,15,9,4,5,72,1,9,5,31,No
32,Female,Masters,Barisal,3,148054,25971.67,92.52,20,28,0,4,36,2,3,9,35,No
52,Female,High School,Rajshahi,1,131322,16397.19,89.85,15,16,2,4,85,1,4,6,23,No
36,Male,Masters,Dhaka,1,121134,17912.68,98.01,22,7,3,2,77,0,1,6,42,Yes
30,Male,PhD,Barisal,6,50765,7539.43,90.7,6,5,3,4,37,2,5,3,6,No
44,Male,Masters,Sylhet,3,97606,16645.9,96.96,12,13,0,5,98,2,7,2,6,No
40,Male,Masters,Barisal,4,111422,16236.52,89.67,18,11,3,2,67,2,7,2,45,Yes
30,Female,Bachelors,Dhaka,1,124910,7459.81,83.24,6,14,0,5,59,2,6,7,46,Yes
56,Male,Bachelors,Chittagong,8,69681,7060.49,88.31,17,22,4,4,76,2,6,5,4,No
42,Male,Masters,Chittagong,1,77349,15345.84,77.16,14,17,0,4,40,0,8,10,13,No
30,Male,Bachelors,Barisal,5,115063,9144.81,80.75,12,23,1,5,21,3,10,1,44,Yes
49,Female,High School,Barisal,6,78474,10830.15,94.16,11,12,3,3,64,1,9,5,25,No
28,Female,Masters,Rajshahi,2,37592,6632.77,91.54,17,21,3,2,13,3,4,1,49,Yes
37,Female,Bachelors,Dhaka,7,127196,17550.99,79.16,23,23,2,2,51,3,4,9,0,No
37,Female,Masters,Rajshahi,7,38618,4087.35,85.95,19,21,1,4,63,1,8,8,12,No
54,Male,Masters,Sylhet,1,66632,4133.47,78.55,6,21,2,2,31,1,5,4,22,No
25,Female,Masters,Chittagong,4,24529,2557.14,96.4,9,19,0,5,10,3,10,1,19,No
25,Male,Masters,Khulna,12,137164,10604.17,77.73,23,5,4,4,57,1,9,8,6,No
38,Female,Masters,Khulna,13,39154,7600.94,91.36,5,24,3,2,52,2,6,5,5,No
58,Female,Masters,Dhaka,4,47882,7529.67,90.18,11,8,4,1,29,1,9,1,8,No
50,Male,Bachelors,Dhaka,5,59917,9730.97,86.82,22,2,0,2,27,1,4,2,27,No
57,Female,Bachelors,Khulna,1,97488,11249.67,81.96,5,27,0,5,79,2,1,5,9,Yes
59,Female,Masters,Dhaka,1,30701,2041.45,85.1,5,17,1,2,58,2,4,9,34,No
58,Male,Masters,Chittagong,7,83225,7490.87,95.16,11,2,2,3,85,2,9,10,6,No
56,Female,Bachelors,Sylhet,9,134278,11944.92,94.04,21,27,3,3,26,1,7,8,24,No
28,Male,High School,Sylhet,1,17988,2212.83,93.47,10,23,3,4,62,2,6,10,29,No
48,Female,Bachelors,Rajshahi,2,50919,6066.84,93.75,24,3,4,3,31,2,2,8,42,Yes
49,Male,High School,Chittagong,6,24013,2761.76,78.6,16,24,1,5,91,0,4,9,25,No
43,Male,Masters,Dhaka,6,149646,18615.46,77.48,24,20,0,1,19,0,1,2,43,Yes
35,Female,PhD,Dhaka,2,22838,4523.14,96.54,19,26,1,1,33,1,3,7,11,Yes
28,Female,High School,Rajshahi,9,46368,4393.51,95.93,17,26,3,4,93,2,2,10,12,Yes
58,Female,Bachelors,Rajshahi,4,47228,6720.09,92.03,16,24,2,4,21,1,4,5,39,No
43,Male,High School,Dhaka,13,61097,5249.83,90.15,6,18,4,3,13,0,4,3,3,No
26,Female,Masters,Dhaka,7,144802,17374.93,84.17,22,29,0,5,51,0,9,10,0,No
23,Male,Bachelors,Chittagong,6,53333,4267.03,80.6,8,15,0,3,14,2,7,8,5,No
48,Female,Bachelors,Rajshahi,11,19435,2599.02,91.69,14,5,0,5,35,1,3,2,1,No
42,Male,Bachelors,Chittagong,13,53418,4794.36,97.83,15,22,2,5,68,0,7,4,45,Yes
59,Male,High School,Barisal,11,72955,4050.34,85.92,10,17,3,1,71,3,8,5,26,No
36,Female,Bachelors,Dhaka,3,74507,12836.86,82.58,10,14,3,5,89,2,7,5,17,No
42,Male,High School,Khulna,8,66033,4572.01,81.77,13,1,1,2,14,1,8,4,41,Yes
31,Male,Bachelors,Khulna,7,87972,9255.17,75.59,24,14,1,5,35,3,9,3,28,No
44,Male,High School,Barisal,9,117012,14225.93,88.01,17,9,3,1,92,2,1,3,32,Yes
26,Male,Bachelors,Dhaka,3,62219,7147.22,99.71,9,5,0,3,15,2,10,5,2,No
22,Male,Masters,Rajshahi,1,47326,7517.73,95.38,10,4,2,5,33,0,6,10,19,No
34,Male,Masters,Khulna,2,127626,17805.93,97.44,8,1,3,2,62,1,4,6,3,No
42,Male,Masters,Rajshahi,12,146197,13787.21,90.53,10,3,2,4,16,0,1,1,17,Yes
47,Male,Masters,Khulna,11,81735,4720.64,87.04,22,29,4,3,19,3,2,4,7,Yes
42,Female,High School,Rajshahi,12,119396,19716.97,99.76,17,20,0,4,48,3,10,10,21,No
39,Male,High School,Khulna,1,31375,3227.83,86.18,7,11,4,2,95,3,4,10,40,No
58,Female,Bachelors,Rajshahi,11,148783,27295.54,97.92,14,16,3,1,87,3,1,6,21,Yes
53,Female,Masters,Barisal,5,24182,2642.09,94.05,8,11,1,1,37,3,6,2,18,No
57,Male,PhD,Chittagong,10,108177,17053.97,83.27,19,21,3,3,51,1,1,10,27,No
38,Female,High School,Rajshahi,14,110066,21015.42,87.58,16,10,4,5,71,1,9,5,1,No
56,Female,Bachelors,Chittagong,2,139401,20585.75,84.61,19,12,2,5,61,2,10,9,8,No
32,Other,Bachelors,Chittagong,3,103148,11554.98,78.41,14,5,3,4,31,2,3,3,34,No
42,Female,Masters,Dhaka,8,118806,16051.87,83.92,16,10,1,1,66,1,1,3,21,Yes
47,Male,Bachelors,Barisal,10,37144,4885.06,97.22,12,24,4,5,20,2,6,9,25,No
25,Female,High School,Chittagong,14,135270,18629.79,93.82,7,13,3,5,23,0,6,3,33,No
55,Female,Bachelors,Sylhet,5,148637,10705.28,81.94,11,29,4,1,40,1,7,4,6,Yes
39,Female,Bachelors,Chittagong,4,103909,16082.67,84.2,22,19,4,1,13,0,7,9,29,No
56,Male,Masters,Rajshahi,5,145661,10452.12,90.41,7,7,0,2,31,3,10,4,48,Yes
50,Female,High School,Chittagong,10,48799,2546.94,85.4,19,16,2,4,73,3,4,5,24,No
50,Other,Masters,Rajshahi,6,49510,7115.43,87.58,6,29,0,1,86,2,5,2,48,Yes
59,Male,Bachelors,Rajshahi,12,102919,6950.84,92.45,19,6,4,2,93,1,3,8,8,No
42,Male,Masters,Sylhet,7,128043,21199.02,86.68,17,10,1,1,92,3,6,9,26,No
34,Male,Masters,Chittagong,14,68242,12276.39,79.77,24,27,1,3,88,2,7,10,0,No
38,Female,High School,Chittagong,13,61546,11799.02,88.01,14,10,0,3,99,0,9,4,32,No
30,Female,High School,Khulna,9,84939,12712.95,83.9,12,26,1,3,93,1,9,3,7,No
22,Female,Masters,Khulna,1,136265,16665.51,82.27,20,11,4,1,70,2,5,4,48,Yes
23,Male,High School,Dhaka,4,19897,2046.25,83.2,20,22,3,5,15,3,4,7,31,No
50,Female,Masters,Rajshahi,12,146235,18080.31,85.98,6,10,4,5,88,0,7,1,39,No
54,Male,Masters,Sylhet,12,67540,5305.46,97.17,13,25,3,3,77,0,3,2,18,No
31,Male,Masters,Khulna,9,45030,4604.92,93.35,12,14,1,4,15,2,4,10,35,No
42,Female,Bachelors,Chittagong,5,70313,11087.63,91.7,15,15,2,2,75,1,9,5,49,Yes
49,Other,Bachelors,Dhaka,8,143070,11819.51,86.78,5,7,2,3,45,2,5,9,44,Yes
32,Female,Bachelors,Sylhet,12,44870,4020.8,75.05,15,13,4,2,24,3,10,6,21,No
55,Female,High School,Barisal,1,131565,21366.06,83.51,22,11,4,2,85,1,7,3,38,No
29,Male,Masters,Chittagong,4,139703,10711.78,95.33,19,7,1,3,49,3,2,3,25,Yes
43,Male,Masters,Chittagong,12,72255,6277.74,84.7,13,11,2,5,50,0,9,7,2,No
29,Female,Bachelors,Barisal,14,107407,5653.06,89.1,13,14,2,4,16,0,5,3,45,Yes
36,Female,Masters,Rajshahi,12,132952,21007.45,80.12,5,17,4,3,31,3,5,10,8,No
38,Male,High School,Rajshahi,9,124396,17749.51,97.9,11,16,2,2,81,3,4,3,34,No
44,Male,Bachelors,Khulna,13,38674,5961.9,98.08,16,1,4,1,20,0,8,10,6,No
45,Male,PhD,Khulna,1,55426,4553.2,78.65,14,9,0,1,11,2,4,7,14,No
40,Female,PhD,Chittagong,1,64584,9888.23,93.1,23,9,2,2,39,2,2,9,3,Yes
26,Male,Bachelors,Chittagong,4,88251,12307.17,76.88,20,28,3,3,77,2,5,9,36,No
53,Male,Masters,Khulna,14,84353,8850.19,89.96,10,27,1,5,62,3,3,3,27,No
22,Male,Bachelors,Barisal,3,110029,12727.48,79.47,15,10,4,3,98,3,4,8,8,No
44,Male,Bachelors,Khulna,7,97990,13247.08,78.64,23,19,2,4,30,0,3,1,34,No
58,Female,Bachelors,Chittagong,11,19600,2430.28,75.1,23,15,2,1,34,1,7,8,47,Yes
29,Male,Masters,Sylhet,3,123286,18033.56,98.52,22,16,4,2,82,2,6,2,47,Yes
34,Female,High School,Chittagong,1,48762,3761.84,95.73,19,11,3,5,81,2,2,4,24,No
29,Female,Bachelors,Sylhet,12,134006,17569.06,76.94,20,27,2,3,14,2,8,7,8,No
44,Female,Bachelors,Sylhet,11,32341,3801.42,89.98,18,24,0,4,75,0,5,6,32,No
22,Male,Masters,Chittagong,10,110140,13123.52,80.82,12,25,1,3,94,1,6,9,16,No
45,Other,Bachelors,Dhaka,2,99074,11929.23,81.6,12,17,4,4,58,1,8,8,11,No
56,Female,Bachelors,Khulna,10,32015,5833.8,96.85,6,28,2,3,17,1,7,2,8,No
45,Other,High School,Rajshahi,13,125180,21630.37,77.86,10,19,1,5,96,2,3,4,4,No
38,Female,Bachelors,Chittagong,4,139581,20160.45,90.04,17,13,4,5,88,3,2,1,46,Yes
26,Male,Masters,Sylhet,1,64849,10211.97,85.03,17,6,4,2,36,2,3,7,25,No
41,Male,Bachelors,Chittagong,1,129719,7318.8,79.77,16,15,4,5,11,1,8,4,44,Yes
42,Male,Masters,Khulna,12,30852,4985.64,86.3,6,16,3,4,37,0,4,8,18,No
52,Male,High School,Barisal,14,70361,8649.11,98.51,24,4,0,2,20,1,8,2,34,No
57,Male,Masters,Sylhet,8,126794,12382.97,94.54,16,8,4,5,55,2,4,8,1,No
32,Male,Bachelors,Rajshahi,7,77355,5489.62,78.3,21,25,3,1,30,3,7,2,44,Yes
36,Male,High School,Rajshahi,14,139773,8565.47,96.24,10,7,4,4,51,1,6,8,6,No
40,Male,Bachelors,Rajshahi,8,42410,2406.04,98.44,11,27,4,2,41,3,10,1,8,Yes
28,Male,Masters,Barisal,13,48924,3633.56,81.92,10,17,3,4,41,1,1,2,21,No
49,Male,Masters,Dhaka,4,127622,6958.15,83.34,8,16,0,2,80,3,8,5,41,Yes
26,Male,Bachelors,Sylhet,6,85831,13724.06,78.16,13,2,1,4,31,3,6,1,32,No
26,Male,Masters,Barisal,13,43038,3756.88,83.62,9,17,2,1,87,1,2,5,15,Yes
51,Male,High School,Sylhet,3,131936,13894.32,91.83,14,25,4,5,86,0,5,5,42,Yes
53,Male,High School,Barisal,11,24136,4185.36,81.8,19,4,0,3,30,2,2,7,23,No
29,Female,Bachelors,Barisal,13,28213,1895.87,75.17,12,26,2,3,31,2,10,2,7,No
31,Male,Bachelors,Dhaka,8,123546,21662.45,83.46,8,14,4,3,43,1,7,2,29,No
59,Male,Masters,Sylhet,4,42431,6192.0,86.33,9,8,2,2,19,3,10,6,25,No
53,Male,Bachelors,Barisal,3,57290,5803.73,89.16,11,5,3,5,74,2,6,10,44,Yes
49,Female,High School,Dhaka,4,111815,7566.64,92.1,10,5,0,2,74,3,7,3,47,Yes
38,Female,Bachelors,Chittagong,6,145374,9263.8,76.54,17,5,0,2,97,0,6,8,34,No
52,Female,High School,Khulna,11,57747,5793.59,86.74,23,27,1,2,76,1,10,3,44,Yes
29,Female,High School,Barisal,7,90974,6463.82,81.66,14,5,1,2,52,0,1,10,16,Yes
46,Male,Bachelors,Rajshahi,7,94763,8543.5,98.7,19,3,2,5,50,3,3,4,37,No
30,Male,Bachelors,Dhaka,14,144132,8351.49,84.0,7,6,3,3,22,3,10,7,9,No
23,Male,Bachelors,Dhaka,12,87994,12253.28,77.5,22,1,2,4,13,1,2,1,40,No
36,Female,Bachelors,Barisal,4,84015,6031.56,76.04,18,8,4,2,32,3,1,1,49,Yes
24,Female,High School,Dhaka,8,15051,2460.99,81.64,7,13,0,5,79,1,1,9,16,Yes
57,Female,High School,Chittagong,7,82695,6841.05,79.47,15,20,2,1,43,1,4,6,6,No
25,Male,Bachelors,Dhaka,2,43491,7380.27,91.24,14,6,2,4,50,0,1,5,1,No
35,Female,High School,Khulna,13,31080,2439.23,96.17,21,18,0,2,27,2,2,2,10,Yes
46,Male,Bachelors,Khulna,8,49880,7891.26,82.81,17,18,0,2,99,2,1,2,49,Yes
31,Male,High School,Rajshahi,9,126056,12600.71,89.44,6,16,1,4,42,3,6,7,2,No
42,Male,Bachelors,Chittagong,5,62361,8572.64,93.26,17,8,1,4,34,2,4,6,45,Yes
57,Female,High School,Khulna,4,102685,5729.75,84.96,23,17,0,2,61,3,8,8,19,No
33,Male,High School,Barisal,4,95875,11915.98,76.66,9,8,2,5,26,2,5,3,12,No
48,Female,Bachelors,Sylhet,13,109841,7941.85,80.73,20,15,4,1,60,0,10,3,22,No
23,Male,Masters,Sylhet,4,103091,12674.84,97.08,14,26,2,5,12,2,5,5,16,No
34,Female,High School,Sylhet,6,48005,3418.14,95.61,16,10,4,3,64,3,8,10,28,No
53,Male,Bachelors,Barisal,11,80471,9299.5,77.16,24,1,0,3,95,3,10,4,42,Yes
52,Male,Masters,Dhaka,4,141718,9437.44,80.6,17,9,4,3,65,2,6,8,38,No
37,Female,Bachelors,Barisal,7,121379,10073.57,94.23,20,17,1,2,44,1,6,6,31,No
53,Female,Masters,Dhaka,7,65728,9153.4,87.15,5,20,0,1,77,0,3,8,34,No
53,Female,High School,Sylhet,5,24756,4864.53,94.0,13,25,3,1,68,1,6,7,34,No
55,Female,PhD,Rajshahi,13,138670,16276.77,80.28,20,1,4,2,68,2,10,2,33,No
32,Female,Bachelors,Rajshahi,5,51308,7854.03,98.82,23,9,4,2,22,1,7,9,20,No
31,Male,Bachelors,Dhaka,10,79079,10352.52,94.59,19,14,3,2,71,2,2,6,15,Yes
36,Female,Masters,Sylhet,8,80524,10045.67,79.94,22,24,3,1,56,3,3,6,22,No
38,Male,Bachelors,Barisal,7,24327,1452.46,88.96,16,5,0,2,85,1,6,2,10,No
39,Male,Bachelors,Rajshahi,14,120561,8637.55,77.83,18,6,2,4,12,0,10,9,13,No
30,Male,Masters,Dhaka,7,109436,19967.55,84.04,7,5,3,4,30,1,9,1,2,No
46,Female,Bachelors,Barisal,6,31533,3516.71,91.49,8,4,4,4,74,3,9,6,6,No
35,Female,High School,Sylhet,7,112417,15980.06,83.25,10,28,3,2,27,3,8,8,39,Yes
46,Male,Bachelors,Chittagong,7,108318,13998.48,91.42,20,16,0,4,22,3,8,2,44,Yes
43,Female,High School,Sylhet,10,55429,5921.61,81.12,17,16,0,2,80,1,9,3,10,No
51,Female,Masters,Sylhet,14,101348,10963.06,93.03,16,10,4,4,86,3,9,10,32,No
41,Male,PhD,Barisal,2,88065,11740.8,83.99,16,14,4,2,90,3,10,10,18,No
42,Male,Bachelors,Barisal,14,108396,7714.68,94.76,6,13,4,5,54,1,9,7,44,Yes
53,Female,Bachelors,Khulna,10,28654,3097.18,78.42,17,28,2,3,71,1,5,1,48,Yes
42,Male,High School,Khulna,2,148180,17343.93,84.05,7,4,4,5,39,2,6,5,40,No
56,Female,High School,Barisal,14,84483,16708.11,86.6,17,14,0,3,84,1,5,6,22,No
53,Male,Masters,Barisal,10,22899,2352.14,85.6,6,26,0,3,23,3,1,10,22,Yes
51,Male,High School,Chittagong,7,110909,16268.89,85.83,23,24,3,4,62,0,4,7,28,No
33,Female,Bachelors,Chittagong,14,119971,8471.43,86.12,13,24,4,3,19,3,1,10,5,No
39,Female,Masters,Sylhet,10,106724,6384.47,99.72,24,9,2,3,81,3,1,10,38,No
42,Female,Masters,Rajshahi,7,44295,8005.49,79.83,5,3,1,5,40,3,3,7,4,No
34,Female,Bachelors,Chittagong,7,95565,15253.15,94.22,17,10,3,3,15,1,7,3,31,No
42,Female,Bachelors,Sylhet,5,64574,6304.03,88.79,6,15,2,2,92,0,1,7,39,Yes
29,Female,Bachelors,Dhaka,1,116067,14588.08,85.34,19,24,4,2,28,3,7,1,25,No
28,Male,PhD,Khulna,14,45066,3170.92,90.84,23,19,2,4,21,1,10,4,13,No
44,Male,Bachelors,Rajshahi,2,44418,6932.5,96.34,20,2,1,5,73,2,10,7,17,No
53,Male,Bachelors,Sylhet,13,97607,5910.06,86.67,15,2,2,1,91,0,1,7,20,Yes
32,Female,High School,Barisal,9,64874,10610.46,96.62,19,9,1,5,64,0,9,4,24,No
43,Male,High School,Dhaka,8,127158,16788.1,77.34,10,4,1,1,76,1,5,1,19,No
43,Female,Bachelors,Khulna,8,101257,9298.19,91.33,18,5,1,3,18,2,6,8,23,No
46,Male,Masters,Dhaka,10,145538,26107.5,83.33,10,2,2,1,15,3,9,4,2,No
43,Female,Masters,Sylhet,1,64635,12791.96,84.67,23,25,4,3,10,2,3,2,21,No
49,Female,PhD,Chittagong,6,128023,11285.53,89.28,9,7,0,5,51,0,3,4,7,No
50,Male,Bachelors,Khulna,9,114837,19629.88,87.0,15,19,0,5,64,1,5,8,45,Yes
34,Female,Masters,Dhaka,8,32404,5266.46,84.54,8,6,2,4,58,2,7,8,45,Yes
39,Male,Masters,Chittagong,3,87629,14202.78,82.71,13,23,4,4,39,3,3,5,28,No
23,Male,Bachelors,Rajshahi,4,28156,5450.59,90.46,13,16,0,3,44,2,4,2,6,No
50,Female,Bachelors,Sylhet,3,64999,7994.39,87.64,21,14,1,3,72,2,2,7,5,No
42,Male,Bachelors,Sylhet,6,29694,4487.51,83.08,12,12,2,2,31,1,9,3,5,No
36,Other,Masters,Khulna,14,84549,14676.15,80.12,19,6,2,2,52,1,10,6,11,No
48,Male,Bachelors,Dhaka,9,47799,5828.15,94.36,13,26,3,2,37,0,9,9,21,Yes
52,Male,Masters,Rajshahi,8,105288,12867.74,94.99,9,27,3,5,27,1,2,5,46,Yes
36,Female,Bachelors,Barisal,13,55645,5441.98,80.34,8,26,3,1,41,2,5,9,25,Yes
44,Male,Masters,Khulna,10,92614,15478.01,81.54,24,22,4,3,78,3,1,4,24,No
45,Other,Bachelors,Barisal,4,148387,22692.73,80.98,22,13,2,4,63,0,8,9,18,No
34,Other,Masters,Khulna,2,113369,13340.24,97.11,13,15,3,3,43,1,6,1,35,No
43,Male,Bachelors,Dhaka,13,27420,3095.73,94.35,7,24,2,1,40,2,10,4,34,No
58,Male,Masters,Rajshahi,8,33312,2028.32,76.86,13,14,1,3,13,2,10,1,12,No
54,Male,Bachelors,Dhaka,8,36395,1855.24,95.82,13,8,3,4,23,0,2,9,24,No
24,Male,Bachelors,Sylhet,14,55301,7152.3,75.92,8,21,2,4,24,0,2,8,47,Yes
40,Male,Bachelors,Barisal,12,61972,6979.53,81.33,11,20,4,1,69,1,10,8,44,Yes
44,Male,Bachelors,Chittagong,11,78294,13263.44,97.97,11,11,4,4,29,1,5,7,31,No
50,Male,Bachelors,Sylhet,6,95853,12594.9,96.61,12,21,4,5,29,3,7,9,29,No
51,Male,Bachelors,Sylhet,14,135135,25744.02,94.54,5,9,3,4,58,0,9,3,20,No
46,Other,Masters,Barisal,8,97504,7743.88,86.44,13,12,4,1,77,0,9,7,41,Yes
58,Female,Bachelors,Khulna,9,37854,7514.87,83.04,16,26,0,1,27,2,6,6,44,Yes
29,Female,Bachelors,Sylhet,13,136373,12912.87,97.04,10,6,1,3,33,3,2,5,39,No
37,Male,Bachelors,Rajshahi,1,85780,12555.07,91.43,17,19,2,4,36,1,6,9,43,Yes
29,Female,Bachelors,Sylhet,9,121458,15216.02,82.39,9,3,0,4,42,3,1,4,7,No
22,Male,PhD,Rajshahi,2,72103,7494.13,86.58,23,1,3,1,73,3,2,3,40,Yes
26,Female,Bachelors,Dhaka,14,78620,5573.87,97.04,5,15,2,3,34,2,3,3,41,Yes
24,Other,Masters,Khulna,13,104590,7344.85,97.59,22,15,2,3,78,0,5,2,6,No
22,Male,Bachelors,Rajshahi,1,99124,15535.3,91.48,12,5,4,5,27,0,10,1,2,No
25,Female,High School,Sylhet,8,59590,6355.05,93.31,12,22,2,5,54,0,1,3,36,No
56,Female,Masters,Khulna,8,115196,22370.45,75.98,19,24,2,1,29,1,10,8,2,No
53,Female,Bachelors,Khulna,11,87554,8654.47,90.12,23,11,1,3,44,0,5,6,17,No
55,Female,High School,Rajshahi,4,132781,26228.04,92.22,14,25,3,3,15,3,5,2,41,Yes
46,Male,Bachelors,Rajshahi,8,15973,1290.83,75.51,20,23,0,5,84,3,4,8,8,No
31,Male,Masters,Chittagong,7,73786,4827.24,96.1,15,1,4,5,18,0,3,5,23,No
42,Male,Bachelors,Chittagong,13,119919,11618.41,98.21,16,23,1,1,61,3,7,4,6,No
48,Female,Bachelors,Khulna,2,52097,9525.3,80.95,20,10,0,3,37,1,7,1,32,No
48,Male,Bachelors,Barisal,5,136403,17497.48,96.14,20,25,0,1,28,0,1,1,24,Yes
23,Female,Bachelors,Barisal,14,49245,3464.26,91.64,24,20,1,5,94,1,7,4,41,Yes
34,Male,PhD,Chittagong,10,69841,5613.46,89.52,7,11,4,4,72,0,3,9,33,No
30,Male,Bachelors,Sylhet,4,40346,3901.02,96.08,13,28,3,5,16,1,3,10,37,No
57,Male,Bachelors,Dhaka,3,120633,16710.69,82.14,12,7,1,3,46,1,6,10,20,No
43,Female,Masters,Khulna,1,86980,8685.55,94.77,14,25,1,1,98,1,6,6,37,No
47,Male,Bachelors,Dhaka,5,105417,17083.68,82.86,17,17,1,3,45,3,4,1,39,No
33,Male,Bachelors,Chittagong,10,91942,13096.59,94.69,22,12,4,5,26,1,5,8,17,No
38,Male,Bachelors,Rajshahi,8,120147,21755.45,86.28,17,26,1,5,99,2,3,9,38,No
35,Male,Bachelors,Khulna,12,105975,13262.16,77.92,17,25,1,2,46,1,3,2,49,Yes
35,Male,Bachelors,Chittagong,9,20972,2090.41,84.54,19,4,2,5,90,1,9,6,32,No
55,Female,Bachelors,Sylhet,7,63063,12577.33,80.84,17,12,2,3,69,1,5,7,27,No
41,Male,Bachelors,Khulna,12,145017,14986.78,77.51,20,24,2,1,58,1,1,1,24,Yes
32,Male,Bachelors,Khulna,11,72055,8235.19,77.76,12,3,2,1,90,0,9,5,13,No
37,Female,Bachelors,Barisal,1,99834,17108.46,94.5,23,18,1,2,65,3,10,5,19,No
52,Other,High School,Rajshahi,1,72450,4585.75,97.03,14,29,2,3,43,3,6,3,38,No
27,Female,Bachelors,Khulna,1,80252,8665.09,98.18,16,12,0,5,96,3,9,2,19,No
40,Male,PhD,Rajshahi,2,61904,3891.07,96.35,18,24,3,4,39,0,7,1,6,No
58,Female,Bachelors,Chittagong,1,67320,4772.71,95.76,10,24,2,1,36,1,10,6,3,No
25,Other,Masters,Sylhet,4,46000,2332.02,76.72,13,19,4,3,60,1,10,7,30,No
25,Female,Bachelors,Sylhet,10,110341,5675.02,94.75,11,13,3,2,18,3,7,2,29,No
41,Male,Masters,Khulna,9,17599,1883.85,94.58,10,16,0,4,29,2,5,2,36,No
31,Female,Masters,Khulna,12,102636,17589.2,78.28,5,8,3,3,96,1,7,5,20,No
45,Female,High School,Chittagong,4,15018,2073.24,91.55,18,27,3,5,56,1,10,5,0,Yes
56,Male,Bachelors,Barisal,13,146930,21339.69,86.31,10,27,0,1,28,1,4,3,2,Yes
47,Male,Bachelors,Barisal,4,85916,10987.57,97.5,16,6,2,5,77,0,6,3,12,No
58,Female,Bachelors,Barisal,7,134193,23211.23,92.39,21,10,0,2,86,1,2,1,6,Yes
59,Female,High School,Rajshahi,14,73770,13430.33,98.77,9,25,4,1,21,3,10,3,5,No
42,Male,Masters,Barisal,11,52487,9314.4,77.62,15,10,0,4,82,1,3,9,5,No
42,Female,High School,Sylhet,9,117342,20161.68,76.02,9,29,1,1,88,3,2,2,33,Yes
31,Male,Bachelors,Rajshahi,7,76457,5918.3,99.34,16,6,1,5,94,2,10,1,31,No
59,Male,Bachelors,Chittagong,1,33836,4705.96,77.0,7,8,3,3,88,0,2,9,15,No
25,Female,Bachelors,Sylhet,1,116150,15950.24,84.65,13,18,2,3,14,2,7,5,37,No
41,Male,Masters,Sylhet,4,26394,3409.88,91.25,10,17,2,3,78,1,5,8,7,No
38,Male,Masters,Dhaka,4,87158,10643.9,97.0,6,26,1,2,34,2,6,4,20,Yes
28,Other,Bachelors,Chittagong,1,139660,8851.03,81.36,6,10,4,2,97,1,3,8,10,No
25,Male,Bachelors,Chittagong,6,125599,8204.69,75.73,16,2,0,3,40,3,10,5,49,Yes
50,Male,Bachelors,Dhaka,10,40280,7465.59,88.03,12,12,0,4,55,1,5,6,22,No
35,Other,Masters,Rajshahi,2,139221,20121.33,86.78,6,20,0,5,43,0,5,6,5,No
24,Female,High School,Barisal,11,92318,8248.39,82.67,13,10,4,4,50,2,4,6,45,Yes
45,Female,Bachelors,Barisal,5,147231,13529.8,96.85,20,9,4,3,87,1,10,2,14,No
58,Female,Masters,Barisal,8,85162,12052.91,93.73,19,16,0,5,77,3,4,10,10,No
37,Male,Bachelors,Barisal,3,67712,7518.76,96.45,18,7,0,2,96,2,8,10,26,No
25,Female,Masters,Barisal,9,124578,14475.79,79.05,24,9,4,1,47,0,6,9,14,No
45,Male,High School,Dhaka,7,63241,3737.38,92.31,8,25,0,1,55,1,2,7,44,Yes
55,Female,Masters,Chittagong,9,38233,2707.31,99.38,8,25,4,5,78,0,2,3,37,No
51,Male,High School,Rajshahi,1,23177,2526.35,90.3,15,24,3,4,36,3,2,2,3,No
39,Female,Bachelors,Sylhet,5,129506,20067.34,79.28,22,6,1,5,52,2,6,4,13,No
40,Male,Bachelors,Barisal,12,76351,4367.57,99.89,9,27,1,4,87,2,1,8,44,Yes
52,Male,Masters,Dhaka,13,106908,10710.44,88.21,6,10,4,4,80,2,3,9,9,No
40,Female,Bachelors,Rajshahi,3,66827,10308.79,96.0,19,7,0,1,54,3,1,10,28,Yes
40,Female,High School,Rajshahi,4,95501,16121.3,78.73,15,18,1,2,27,1,4,2,11,No
43,Female,Bachelors,Rajshahi,4,83772,6578.88,91.65,21,11,2,3,41,1,1,6,39,No
45,Male,Bachelors,Dhaka,11,30611,4889.28,97.82,20,1,0,2,11,1,9,8,19,No
33,Male,Bachelors,Sylhet,12,56003,10826.04,88.3,19,29,4,3,50,0,6,3,36,No
51,Female,Masters,Barisal,7,111629,20765.43,82.22,7,21,2,1,29,3,8,9,1,No
59,Female,Bachelors,Rajshahi,10,101643,17117.33,78.19,24,24,4,3,67,2,2,4,19,No
52,Female,Bachelors,Dhaka,11,89684,14066.85,82.4,19,19,0,4,99,3,6,5,11,No
57,Female,High School,Chittagong,8,123610,10540.32,83.87,23,23,3,5,47,3,4,7,37,No
40,Female,Bachelors,Dhaka,11,135332,19634.71,92.75,17,5,3,3,10,3,7,5,29,No
57,Female,Bachelors,Dhaka,10,98035,14361.25,79.47,20,28,3,2,78,2,8,4,46,Yes
51,Female,Bachelors,Dhaka,5,33165,3682.08,77.65,16,26,0,1,63,2,6,4,17,Yes
54,Female,High School,Rajshahi,13,124322,15410.0,84.67,21,29,0,1,23,0,1,5,49,Yes
39,Female,Bachelors,Dhaka,13,69515,10712.56,86.47,20,24,2,5,34,3,8,3,9,No
49,Female,PhD,Chittagong,12,124446,23995.08,90.71,13,6,0,4,18,1,1,9,6,No
32,Female,Bachelors,Rajshahi,10,45480,4288.58,92.69,10,22,0,4,92,0,9,2,41,Yes
54,Female,Bachelors,Chittagong,7,74789,6503.24,97.23,23,7,2,1,70,2,2,7,4,Yes
38,Male,Masters,Khulna,3,47191,6619.53,82.22,17,23,2,4,61,2,10,4,47,Yes
27,Male,Masters,Dhaka,3,74488,5185.84,88.22,12,4,4,5,17,0,6,8,28,No
25,Other,Bachelors,Barisal,3,102457,14075.53,84.15,16,26,1,1,25,1,8,7,34,Yes
41,Female,Bachelors,Barisal,12,117476,7439.49,75.04,13,16,1,4,17,3,5,8,38,No
48,Female,Masters,Rajshahi,4,89525,11064.18,89.49,8,28,4,3,32,3,2,4,11,Yes
36,Female,High School,Barisal,6,67648,9677.87,95.39,17,10,3,3,82,1,5,2,9,No
27,Female,Bachelors,Rajshahi,5,28740,1739.24,75.91,6,26,0,4,43,3,1,7,36,Yes
35,Male,Bachelors,Dhaka,8,110716,8972.75,75.09,7,15,2,3,27,2,8,9,1,No
32,Female,Bachelors,Sylhet,14,144677,14511.99,93.2,9,13,2,5,53,0,8,6,2,No
30,Female,Bachelors,Sylhet,14,128917,13573.65,92.1,22,8,3,2,24,1,2,7,13,Yes
47,Male,Masters,Chittagong,12,116630,17659.61,85.15,18,22,2,5,24,0,6,6,46,Yes
37,Male,High School,Dhaka,13,40221,5202.72,91.54,6,27,3,5,32,3,8,2,19,No
26,Male,Bachelors,Barisal,5,78265,8399.11,98.83,19,13,4,4,96,3,10,9,44,Yes
31,Male,Bachelors,Dhaka,11,15719,1848.58,81.2,12,24,3,5,74,2,8,5,48,Yes
24,Male,Bachelors,Khulna,12,147141,7643.46,81.15,20,7,1,4,95,2,7,3,3,No
34,Male,Masters,Sylhet,5,69714,11543.16,79.66,7,17,3,1,80,3,3,4,25,No
51,Male,Bachelors,Barisal,14,88285,4957.26,93.1,24,4,4,4,41,3,4,4,46,Yes
27,Male,Masters,Sylhet,10,27935,4871.8,83.83,24,7,3,4,41,2,1,9,14,No
38,Male,Bachelors,Dhaka,2,134362,17621.51,99.72,9,16,4,1,42,2,9,5,8,No
40,Female,Bachelors,Barisal,12,59035,7625.72,92.87,8,25,1,2,52,1,10,2,2,No
56,Female,Masters,Chittagong,11,141687,22058.79,84.18,16,2,0,1,22,2,10,6,1,No
47,Female,Bachelors,Dhaka,11,111256,19907.47,78.73,23,21,4,4,18,1,2,7,38,No
26,Male,High School,Chittagong,5,33540,6419.45,89.8,19,25,0,3,71,1,10,8,40,No
50,Male,Masters,Barisal,12,88480,11635.61,82.37,17,25,4,4,66,0,7,5,29,No
58,Male,Bachelors,Sylhet,7,63702,4624.68,97.64,9,22,3,1,57,2,8,8,36,No
41,Male,Masters,Khulna,2,93283,16958.35,86.04,16,23,0,4,52,1,4,8,16,No
42,Male,PhD,Rajshahi,14,69781,3914.77,82.32,23,25,4,1,76,0,10,4,2,No
31,Male,Bachelors,Sylhet,13,22087,3779.1,89.71,6,14,4,5,90,0,1,7,8,No
26,Male,Bachelors,Chittagong,6,37789,5746.32,78.42,11,14,0,2,41,2,5,9,7,No
57,Female,Bachelors,Dhaka,7,148271,27535.28,89.04,9,26,4,2,82,2,10,10,8,Yes
27,Male,Bachelors,Barisal,5,102273,18881.59,76.4,24,8,0,1,69,0,10,4,16,No
47,Male,Masters,Sylhet,9,130310,7554.48,90.17,15,26,1,2,10,1,6,9,23,Yes
25,Female,Masters,Khulna,14,113231,16012.78,88.25,22,6,2,3,66,2,7,4,7,No
56,Male,Bachelors,Barisal,4,28894,1985.04,88.02,22,22,1,3,93,0,1,1,13,No
22,Male,High School,Chittagong,14,68095,4206.25,92.1,11,7,0,2,78,0,4,4,15,No
45,Female,Bachelors,Barisal,14,44272,5190.52,76.11,14,7,3,1,94,1,5,2,17,No
57,Female,Bachelors,Barisal,13,69021,4461.49,86.49,24,2,3,3,78,3,5,6,48,Yes
27,Female,Masters,Dhaka,10,48645,7743.57,86.1,18,25,2,2,77,1,7,8,23,No
52,Male,High School,Rajshahi,1,127079,24823.75,86.49,24,4,0,4,70,0,4,6,38,No
41,Male,Masters,Chittagong,14,36179,4899.99,99.5,24,13,4,3,17,1,10,9,46,Yes
45,Male,Bachelors,Dhaka,8,25691,2190.81,78.48,15,29,1,5,98,2,7,6,26,No
46,Male,Masters,Rajshahi,8,144436,25490.2,92.26,6,10,1,3,16,0,8,7,27,No
57,Female,Bachelors,Dhaka,7,60311,10733.28,85.05,17,9,2,2,46,1,2,5,6,Yes
42,Female,Bachelors,Rajshahi,8,110381,17651.9,87.79,17,15,2,2,51,1,1,8,33,Yes
51,Male,Bachelors,Rajshahi,2,39967,5686.1,94.06,13,12,2,2,41,1,10,2,26,No
45,Female,Masters,Rajshahi,3,43478,7833.38,78.93,21,27,2,1,26,1,10,2,33,Yes
51,Male,Bachelors,Dhaka,9,55332,4121.89,94.09,19,10,2,1,37,0,1,8,38,Yes
43,Female,Bachelors,Barisal,1,54313,10305.35,76.76,20,19,2,4,79,1,1,6,18,No
49,Male,Bachelors,Rajshahi,8,82857,15915.21,87.08,14,21,4,4,57,2,9,2,5,No
28,Male,High School,Barisal,8,60900,11010.65,93.55,24,5,4,3,63,3,4,6,29,No
56,Male,Bachelors,Chittagong,7,141861,12426.93,79.81,16,7,1,2,51,3,9,8,27,No
49,Female,PhD,Khulna,13,56098,10026.21,94.27,9,28,1,4,45,3,7,6,11,No
35,Female,High School,Barisal,14,23294,2903.5,79.17,24,20,2,2,75,2,7,9,14,No
31,Male,Bachelors,Khulna,11,111784,15564.75,94.98,21,11,1,3,40,3,2,6,44,Yes
37,Male,Bachelors,Rajshahi,5,55626,9795.19,86.72,14,16,2,1,74,0,2,3,38,Yes
37,Male,Bachelors,Khulna,4,35703,1943.58,92.12,10,13,4,4,12,0,5,9,38,No
52,Male,High School,Khulna,10,118693,12396.46,97.94,24,28,3,5,22,2,10,10,14,No
46,Female,Bachelors,Rajshahi,10,149277,25728.49,85.21,10,4,4,5,40,2,1,5,35,Yes
34,Male,High School,Barisal,13,26628,4582.5,80.82,16,16,0,5,38,0,7,6,2,No
27,Male,High School,Rajshahi,10,118655,21037.91,96.68,23,13,4,5,66,2,7,4,0,No
30,Female,Masters,Chittagong,14,21518,1622.08,79.04,6,29,0,5,42,2,8,3,6,Yes
57,Male,Bachelors,Sylhet,10,15610,2433.33,90.79,17,1,1,5,62,0,7,10,8,No
41,Female,PhD,Dhaka,6,49311,3549.18,98.08,24,22,4,5,19,0,8,5,0,No
39,Female,High School,Rajshahi,12,141419,23725.12,91.86,15,4,3,4,72,1,3,3,4,No
42,Male,Bachelors,Rajshahi,11,56876,4935.07,79.89,19,27,4,5,82,1,3,2,46,Yes
25,Female,High School,Khulna,1,65333,10497.23,78.81,17,15,4,5,74,3,8,6,35,No
54,Female,Bachelors,Chittagong,13,99192,11729.48,81.31,7,26,4,3,11,2,9,8,9,No
48,Male,PhD,Khulna,5,56811,11245.14,84.79,18,26,2,4,11,0,10,3,1,No
28,Male,Masters,Barisal,14,85072,11653.51,78.98,12,21,4,3,78,3,4,6,22,No
27,Male,High School,Rajshahi,4,130407,18894.27,94.95,13,27,4,2,83,1,8,9,38,Yes
36,Female,Bachelors,Rajshahi,4,57974,6100.29,83.93,19,25,3,5,46,2,1,1,28,Yes
39,Female,Bachelors,Khulna,7,96983,15534.55,98.4,22,16,0,1,11,3,2,3,18,Yes
53,Female,Bachelors,Rajshahi,9,60823,7556.21,96.06,12,4,0,5,70,2,10,2,37,No
32,Other,High School,Barisal,8,113863,6001.72,97.72,15,17,3,5,49,3,10,8,46,Yes
41,Female,Masters,Sylhet,11,115037,16253.26,82.36,9,11,1,3,72,2,10,9,19,No
45,Female,PhD,Dhaka,13,82078,14328.27,89.34,19,25,4,2,34,2,9,10,11,No
36,Male,PhD,Dhaka,14,122767,10499.07,83.04,19,5,1,3,47,0,2,6,10,Yes
28,Male,Masters,Dhaka,12,82951,6898.17,81.42,11,26,3,4,46,2,2,3,34,Yes
42,Male,Bachelors,Sylhet,8,124287,17565.85,90.18,22,13,1,2,91,1,8,10,48,Yes
47,Female,Bachelors,Rajshahi,5,36601,6320.88,95.45,16,12,0,2,36,0,5,8,6,No
35,Male,High School,Khulna,6,118691,10378.7,77.34,16,29,2,2,93,2,5,10,22,Yes
58,Male,High School,Chittagong,2,63435,12042.46,81.89,8,27,1,3,59,1,6,7,49,Yes
42,Male,Bachelors,Rajshahi,13,26246,4963.33,80.13,15,23,2,5,43,1,8,2,16,No
39,Male,Masters,Sylhet,11,17458,1398.05,94.96,10,3,1,5,53,3,8,7,47,Yes
26,Female,Masters,Barisal,14,21028,1883.43,98.33,14,4,3,5,81,0,9,1,1,No
24,Male,Masters,Sylhet,3,134247,20820.34,77.0,19,28,2,5,13,0,10,8,4,No
44,Female,Masters,Dhaka,5,66901,12895.83,84.48,5,10,1,5,61,3,3,5,20,No
47,Male,PhD,Rajshahi,2,121555,19021.22,97.86,21,9,3,4,64,3,9,9,12,No
58,Female,Bachelors,Dhaka,3,42678,4982.02,83.62,7,10,0,1,82,3,3,3,10,No
45,Male,Masters,Chittagong,4,105444,7945.23,92.82,15,13,4,2,21,0,1,7,23,Yes
40,Male,Bachelors,Barisal,6,27363,3260.34,77.52,22,1,3,1,23,1,5,8,32,No
46,Female,Bachelors,Dhaka,5,78804,11112.56,86.11,14,12,3,4,44,1,7,1,26,No
42,Male,PhD,Chittagong,10,129433,12897.06,87.58,13,11,0,5,15,2,3,6,34,No
33,Male,Masters,Sylhet,4,63544,8040.77,93.94,11,21,2,4,56,0,9,2,17,No
54,Male,High School,Dhaka,13,113247,7874.3,82.22,15,8,1,4,32,0,1,8,20,No
25,Male,High School,Dhaka,2,15189,1789.69,81.6,12,26,2,1,77,3,6,6,3,Yes
28,Male,Bachelors,Khulna,12,26752,1701.87,82.57,6,23,3,2,74,0,6,3,40,No
43,Male,Bachelors,Barisal,11,22482,1289.64,88.89,9,14,1,3,68,0,8,4,31,No
54,Female,Masters,Barisal,5,31679,5657.43,96.9,13,14,4,3,18,1,3,7,42,Yes
38,Female,Bachelors,Sylhet,5,138056,11149.71,95.77,5,20,4,2,67,0,5,9,48,Yes
45,Male,High School,Khulna,11,15799,2152.98,76.45,21,23,1,5,57,1,10,10,10,No
55,Other,Bachelors,Chittagong,7,136691,9889.24,96.97,14,17,3,4,72,1,5,2,2,No
49,Male,High School,Chittagong,1,72558,6485.17,77.38,12,22,0,5,18,0,8,9,20,No
43,Female,High School,Sylhet,4,74223,7734.1,85.38,22,25,2,4,53,1,7,6,42,Yes
38,Female,Masters,Barisal,11,56556,4046.66,94.14,14,19,2,3,55,3,3,2,13,No
55,Female,Bachelors,Chittagong,5,106467,6057.37,77.04,13,20,0,2,24,1,7,8,5,No
27,Male,Bachelors,Sylhet,8,125719,22827.3,76.01,8,24,0,1,97,0,10,4,28,No
27,Male,High School,Chittagong,12,106404,5509.06,83.25,6,28,4,1,62,3,8,8,30,Yes
55,Male,Bachelors,Rajshahi,12,58558,3466.53,93.25,23,21,0,2,57,3,5,7,46,Yes
22,Male,Masters,Dhaka,8,118018,20152.85,88.04,14,21,1,3,81,0,5,7,27,No
31,Male,Bachelors,Barisal,1,26408,2437.49,85.43,21,17,4,4,51,2,1,7,42,Yes
42,Male,Masters,Rajshahi,5,50607,8017.32,95.33,7,6,3,1,26,1,8,2,49,Yes
26,Male,Bachelors,Sylhet,10,76684,5516.18,94.17,23,14,4,3,44,1,6,8,35,No
23,Male,Bachelors,Sylhet,1,42326,3622.78,94.65,23,18,4,2,40,2,6,2,27,No
43,Female,Bachelors,Rajshahi,1,28601,3887.35,86.49,23,17,2,5,13,3,5,3,18,No
23,Female,Bachelors,Dhaka,2,139594,27680.84,75.49,23,6,0,3,57,2,5,10,2,No
31,Female,Masters,Dhaka,2,16135,984.5,79.3,19,5,1,3,23,0,3,7,11,No
55,Male,Bachelors,Khulna,9,26913,2962.67,93.53,22,13,0,5,34,2,3,7,35,No
37,Female,Bachelors,Chittagong,4,25101,1417.26,93.83,21,16,2,3,55,3,2,7,23,No
43,Female,High School,Khulna,3,117820,9411.93,99.31,14,21,0,1,57,0,9,4,11,No
33,Male,Bachelors,Dhaka,11,77110,14351.76,79.75,18,9,1,1,49,0,8,5,23,No
45,Male,Masters,Rajshahi,1,34215,2205.81,78.07,23,12,0,1,59,0,3,7,0,No
59,Female,Bachelors,Chittagong,12,91949,16415.51,78.47,22,10,2,3,16,1,5,8,27,No
31,Male,Bachelors,Rajshahi,2,96855,7425.92,79.62,15,26,1,3,69,1,10,3,15,No
56,Male,PhD,Khulna,6,121279,21741.41,88.21,15,13,0,3,44,0,5,6,20,No
53,Male,Bachelors,Sylhet,9,136898,17893.02,99.38,16,19,2,2,72,2,8,9,29,No
28,Male,Bachelors,Rajshahi,5,15526,2821.56,89.74,12,16,2,5,29,1,6,10,33,No
42,Female,Bachelors,Khulna,4,16753,1218.87,88.07,20,17,4,3,25,3,7,5,25,No
41,Female,Masters,Khulna,13,29656,4872.64,91.83,12,16,1,5,31,1,5,4,34,No
47,Male,Masters,Khulna,5,38266,5820.44,76.85,18,14,1,4,45,2,1,9,30,No
25,Male,Bachelors,Sylhet,9,79555,10456.71,95.38,22,16,0,1,28,1,8,4,15,No
43,Female,Bachelors,Sylhet,12,77995,13383.01,91.17,8,24,4,2,11,2,4,3,41,Yes
36,Female,PhD,Sylhet,13,93277,13734.24,79.28,21,15,1,5,77,2,5,7,28,No
42,Male,High School,Chittagong,7,117345,21304.81,90.77,17,12,2,1,16,1,1,5,28,Yes
36,Female,Bachelors,Sylhet,8,111111,11906.58,89.91,9,5,1,2,56,2,3,1,8,No
43,Male,High School,Sylhet,4,80402,11134.75,76.62,7,11,4,1,58,2,2,8,13,Yes
49,Male,Masters,Sylhet,11,138747,25056.34,81.67,13,5,3,3,87,3,2,1,7,No
35,Female,High School,Rajshahi,8,29418,2418.81,84.77,24,24,2,3,52,0,1,9,1,No
48,Male,Bachelors,Sylhet,6,52185,6411.51,81.12,22,24,1,1,41,0,6,1,10,No
49,Female,High School,Chittagong,5,56745,11014.84,81.08,24,11,2,2,26,1,8,4,1,No
47,Female,Bachelors,Khulna,13,95123,11513.71,89.32,23,2,0,1,23,2,3,10,46,Yes
23,Female,Masters,Rajshahi,12,102804,9038.98,86.77,23,19,2,4,90,1,1,4,17,No
46,Male,Bachelors,Dhaka,7,126055,12940.99,91.68,20,26,1,2,41,1,10,9,4,Yes
24,Male,Bachelors,Sylhet,6,134097,24507.92,98.91,5,26,0,2,69,0,2,1,6,Yes
29,Male,Bachelors,Khulna,3,63302,12232.0,91.51,9,17,0,1,69,2,3,10,22,No
54,Male,Bachelors,Khulna,5,137561,26482.71,89.55,19,19,0,5,61,1,6,9,18,No
56,Female,Masters,Rajshahi,9,72728,11261.3,96.19,16,12,3,1,75,1,3,4,18,No
27,Female,Bachelors,Dhaka,7,113598,14363.36,90.8,5,20,3,5,13,0,9,7,47,Yes
44,Female,Masters,Barisal,12,16238,1256.88,79.14,18,27,0,2,72,0,1,9,18,Yes
46,Female,Bachelors,Chittagong,4,96610,6616.16,82.87,22,23,1,3,42,0,7,7,48,Yes
40,Female,Bachelors,Barisal,7,72193,4256.86,93.33,22,25,0,3,10,1,10,2,44,Yes
26,Male,Bachelors,Khulna,5,81634,4298.62,93.46,10,28,0,1,73,2,8,6,39,Yes
32,Male,Bachelors,Barisal,11,29679,5393.19,99.68,5,5,2,5,46,0,9,6,27,No
33,Female,Bachelors,Khulna,13,49505,8483.32,90.67,21,12,2,1,87,0,8,3,10,No
31,Male,Masters,Barisal,2,66341,8967.53,97.49,22,16,2,4,79,2,5,4,49,Yes
29,Male,Bachelors,Khulna,13,65374,13062.28,76.36,19,1,4,1,16,1,1,6,10,Yes
45,Male,High School,Khulna,6,61998,11963.0,89.16,16,2,2,1,33,1,1,6,8,Yes
49,Female,Masters,Rajshahi,7,142203,21083.92,98.0,17,10,2,1,77,2,8,1,13,No
57,Male,Masters,Dhaka,8,48178,5766.24,82.18,24,2,1,1,64,0,7,10,33,No
58,Female,High School,Khulna,6,122373,8911.89,78.87,6,25,3,5,98,3,5,8,28,No
42,Female,Bachelors,Chittagong,8,119139,15171.05,83.76,8,10,3,5,12,2,10,9,48,Yes
29,Male,Bachelors,Chittagong,7,115290,8492.44,94.81,7,23,3,5,32,3,3,2,20,No
30,Male,Masters,Sylhet,2,73951,8117.43,77.12,23,18,4,4,45,1,9,4,47,Yes
36,Male,Masters,Khulna,14,102629,19642.9,90.01,12,1,0,4,66,1,4,6,4,No
39,Female,Masters,Khulna,6,83831,8491.82,78.39,16,5,2,1,57,3,6,2,32,No
41,Female,Masters,Khulna,9,96223,7016.4,85.89,16,12,1,5,22,0,4,7,8,No
27,Female,Bachelors,Barisal,12,60643,8329.89,99.15,14,17,4,4,70,3,9,6,2,No
33,Female,Masters,Khulna,6,18582,2608.07,79.88,5,25,3,3,95,0,4,8,13,No
23,Male,Bachelors,Khulna,4,127781,10103.72,75.85,9,19,4,1,98,2,8,7,17,No
28,Male,High School,Chittagong,7,119004,9459.39,85.68,24,18,1,2,33,1,3,10,11,No
37,Female,Bachelors,Dhaka,3,55000,10913.79,89.44,15,13,4,5,52,1,8,1,22,No
24,Male,Masters,Dhaka,5,117592,10170.79,82.44,13,22,3,1,42,3,3,10,13,No
24,Male,Masters,Sylhet,1,16085,2826.6,88.54,18,3,0,1,87,2,5,10,15,Yes
48,Male,High School,Chittagong,10,112994,13621.27,98.84,7,21,3,2,33,3,1,5,36,Yes
59,Male,Masters,Khulna,3,132309,15248.4,82.79,9,10,3,3,31,3,6,6,19,No
54,Male,Masters,Dhaka,8,122114,11508.56,82.74,13,14,3,4,61,3,2,7,19,No
49,Male,Bachelors,Rajshahi,9,85410,14184.37,87.07,22,8,4,4,96,0,3,4,14,No
22,Male,Bachelors,Rajshahi,9,41825,7616.3,87.88,10,10,1,2,15,1,1,9,40,Yes
29,Male,Masters,Rajshahi,10,99269,8851.73,75.03,11,2,3,2,28,1,6,1,24,No
58,Female,Bachelors,Khulna,2,29332,1885.01,90.4,20,28,4,4,85,3,5,3,16,No
53,Female,High School,Khulna,4,69895,4930.25,99.93,12,13,1,3,99,0,10,10,11,No
58,Male,Masters,Sylhet,5,137046,23149.88,82.3,14,5,0,3,38,1,2,2,44,Yes
25,Female,Masters,Sylhet,3,82567,9526.09,90.77,9,11,3,1,73,0,8,2,41,Yes
51,Male,Bachelors,Sylhet,13,77713,5423.37,75.12,15,24,2,2,23,2,9,1,38,No
27,Male,Masters,Barisal,11,73639,7440.72,90.11,17,1,4,2,90,0,3,3,6,No
40,Female,Bachelors,Rajshahi,1,118603,15078.63,86.18,24,26,0,2,39,0,6,10,7,Yes
53,Female,High School,Khulna,6,93488,16622.89,88.26,6,10,0,4,80,2,6,5,23,No
30,Female,Bachelors,Rajshahi,14,107905,15782.35,88.6,18,27,0,4,30,1,10,6,46,Yes
33,Male,Bachelors,Sylhet,10,17977,1373.53,79.42,13,29,4,4,74,1,6,8,24,Yes
32,Male,Masters,Khulna,2,130650,9642.68,94.25,14,28,1,3,13,0,8,4,20,No
37,Female,High School,Chittagong,9,69641,7789.36,88.89,14,13,2,4,55,0,5,1,49,Yes
22,Male,Bachelors,Dhaka,1,147340,9028.84,81.75,14,28,1,1,17,2,10,9,32,Yes
42,Male,Bachelors,Dhaka,11,129465,21146.37,98.43,23,4,3,4,27,2,10,3,9,No
51,Female,Masters,Sylhet,9,69431,7652.55,75.32,15,21,2,3,69,1,8,8,21,No
34,Female,High School,Rajshahi,7,31756,3221.76,93.15,15,10,1,2,54,1,3,4,18,No
55,Female,High School,Chittagong,11,24796,3133.38,84.53,7,12,3,1,81,2,7,3,28,No
25,Male,Bachelors,Khulna,13,119583,18696.03,88.06,23,14,2,3,40,0,1,3,2,No
49,Female,Masters,Rajshahi,10,96014,13000.49,82.29,5,27,4,5,37,2,4,4,38,No
59,Male,Bachelors,Sylhet,2,35325,6017.98,83.03,16,3,3,2,73,1,5,4,3,No
52,Male,Bachelors,Rajshahi,14,68096,9833.36,75.38,19,28,1,4,46,0,7,7,36,No
48,Female,High School,Sylhet,6,79649,13396.61,93.25,18,2,2,3,76,3,6,2,30,No
26,Male,Masters,Barisal,8,23041,3560.23,92.77,7,28,3,5,88,3,6,8,5,No
46,Male,High School,Dhaka,2,55058,4347.84,91.36,24,19,3,3,77,2,2,2,27,Yes
24,Female,Bachelors,Dhaka,5,63263,3659.96,96.95,17,11,4,4,44,1,2,1,9,No
54,Male,Bachelors,Rajshahi,13,119820,22227.75,97.53,22,21,3,3,45,0,2,8,11,No
25,Male,Bachelors,Chittagong,12,122645,23529.25,88.91,20,7,2,5,66,3,10,4,45,Yes
46,Male,Masters,Khulna,11,43223,6874.18,92.12,10,18,0,3,79,0,8,6,1,No
41,Male,Bachelors,Sylhet,6,48575,7705.49,75.27,14,29,2,1,13,0,7,1,2,Yes
55,Male,Masters,Khulna,3,36661,3318.63,96.16,21,14,2,1,58,0,1,3,0,Yes
47,Female,PhD,Dhaka,14,51432,6756.43,95.41,21,7,4,4,48,0,9,7,34,No
26,Female,Bachelors,Chittagong,12,44114,8771.45,75.51,12,22,4,5,27,2,8,7,23,No
56,Male,Masters,Chittagong,2,21030,3752.2,88.57,8,7,3,5,69,0,9,8,46,Yes
49,Female,Masters,Khulna,11,105051,10049.09,97.67,19,23,4,5,95,3,4,2,47,Yes
50,Male,Masters,Dhaka,6,62743,5970.43,79.53,5,9,3,5,19,3,5,7,33,No
30,Male,Bachelors,Khulna,3,140756,17247.76,83.82,11,23,0,5,32,2,5,4,19,No
59,Female,Bachelors,Rajshahi,2,80615,8923.26,83.28,14,12,1,2,77,3,9,6,15,No
27,Male,Bachelors,Chittagong,1,62577,6612.7,83.9,11,29,4,3,68,0,8,4,29,No
40,Other,Masters,Chittagong,14,125436,18068.53,76.05,5,6,4,5,92,3,10,9,46,Yes
32,Male,Bachelors,Rajshahi,8,17966,929.27,81.98,21,26,0,1,99,1,6,1,38,Yes
23,Female,Bachelors,Dhaka,1,144356,23746.7,82.37,16,24,4,3,16,0,10,1,24,No
30,Male,Bachelors,Chittagong,12,128838,20743.94,96.65,21,7,0,4,22,2,10,5,4,No
42,Male,Bachelors,Barisal,5,18728,3268.95,83.8,19,22,3,4,12,1,1,5,28,Yes
45,Male,Bachelors,Barisal,11,147019,25907.34,86.18,20,4,4,5,49,3,7,8,36,No
55,Female,High School,Barisal,6,96380,13007.44,84.52,18,16,4,2,20,1,9,7,27,No
43,Male,Bachelors,Sylhet,11,81130,13549.61,78.02,7,7,3,2,89,3,4,3,40,No
24,Female,Masters,Sylhet,12,36414,4510.21,99.76,23,28,4,3,93,3,4,8,22,No
33,Male,Bachelors,Dhaka,12,108005,20815.75,95.65,16,8,2,2,60,3,5,4,31,No
49,Male,Masters,Rajshahi,3,106742,8390.43,88.52,23,8,0,4,96,2,8,3,45,Yes
51,Male,High School,Khulna,14,51973,9736.76,86.91,22,28,1,5,32,1,5,2,17,No
47,Female,Bachelors,Dhaka,7,102091,9063.59,91.23,18,28,2,1,41,2,4,9,40,Yes
42,Female,Masters,Khulna,2,77235,5051.83,83.16,24,20,1,4,50,3,8,7,34,No
49,Male,Masters,Dhaka,7,44400,5144.44,76.26,13,26,2,4,51,0,5,5,42,Yes
47,Female,Bachelors,Sylhet,2,132240,18809.5,85.11,7,25,2,3,47,0,8,9,23,No
54,Male,PhD,Barisal,5,67763,5736.04,99.6,16,3,2,2,76,2,1,3,46,Yes
42,Female,Masters,Rajshahi,7,121810,16245.73,79.56,24,9,0,1,81,0,3,6,27,No
56,Female,PhD,Sylhet,11,104523,17892.67,88.19,21,19,1,1,87,1,7,8,35,No
55,Male,Bachelors,Rajshahi,11,124955,11066.36,75.21,9,13,3,2,81,0,1,9,20,Yes
39,Male,High School,Khulna,14,108137,14820.0,78.05,12,7,3,5,84,0,5,4,4,No
32,Other,Bachelors,Dhaka,3,149308,15064.71,89.68,23,20,4,2,51,3,6,1,25,No
44,Female,Bachelors,Chittagong,14,45312,5866.33,82.44,8,21,0,5,52,1,1,8,49,Yes
43,Female,High School,Chittagong,11,128687,19307.92,97.64,19,29,0,1,42,1,7,10,22,Yes
38,Male,Masters,Rajshahi,4,124602,12779.6,85.15,23,15,0,3,88,0,9,3,43,Yes
26,Male,High School,Barisal,1,51640,10285.26,80.2,19,19,2,4,46,3,9,6,32,No
32,Male,Bachelors,Barisal,3,115171,15498.13,88.64,18,2,0,1,87,0,3,4,25,No
51,Female,Bachelors,Rajshahi,9,77293,13423.42,94.87,20,12,3,1,99,0,4,6,21,No
36,Female,Masters,Sylhet,10,129124,20501.05,75.49,14,8,0,1,66,2,1,3,19,Yes
48,Male,Bachelors,Chittagong,5,100802,17934.77,87.64,18,23,2,4,73,3,4,7,1,No
56,Male,Masters,Sylhet,8,107024,8141.33,94.34,24,23,1,5,73,2,5,2,40,No
54,Male,Bachelors,Khulna,2,126411,10540.54,77.59,15,8,0,3,69,0,7,5,17,No
41,Male,Masters,Chittagong,3,57262,7049.62,97.57,6,13,1,3,61,0,5,3,4,No
37,Male,PhD,Khulna,7,131214,23336.32,81.61,23,1,4,3,81,3,8,5,31,No
55,Male,Bachelors,Dhaka,14,121435,9671.2,79.27,7,28,2,5,77,1,7,3,45,Yes
23,Male,PhD,Sylhet,10,101314,19823.08,89.73,8,24,0,2,91,0,1,9,10,Yes
56,Male,High School,Rajshahi,4,101287,7003.02,79.38,15,10,4,2,36,0,2,8,20,Yes
49,Male,Bachelors,Chittagong,9,134318,10243.32,91.99,17,28,4,3,68,2,7,2,21,No
27,Male,High School,Sylhet,14,145134,10897.4,87.25,22,21,1,1,28,2,3,8,2,No
30,Male,Bachelors,Rajshahi,7,139958,19300.33,77.75,22,24,3,1,12,3,2,8,8,Yes
41,Male,Masters,Dhaka,14,32528,6103.27,97.81,23,9,3,4,82,2,9,10,1,No
22,Male,High School,Chittagong,11,15068,1330.0,91.83,16,29,3,2,48,1,10,3,45,Yes
29,Male,Bachelors,Khulna,12,84253,11201.9,88.65,5,2,3,1,75,0,8,10,27,No
44,Male,Bachelors,Dhaka,1,95754,7312.34,84.36,10,19,2,3,82,2,8,5,33,No
24,Female,Bachelors,Barisal,4,105938,15326.11,78.37,7,22,0,4,65,1,3,2,9,No
25,Female,Bachelors,Rajshahi,10,57129,3912.59,92.69,21,25,0,2,15,0,10,10,18,No
46,Female,Masters,Chittagong,11,128996,15956.37,95.34,7,14,2,4,37,0,9,6,28,No
59,Male,High School,Chittagong,6,76321,11316.67,78.15,5,10,1,1,57,1,8,2,1,No
36,Female,Bachelors,Dhaka,6,26526,3630.59,87.36,7,10,0,3,57,0,2,4,47,Yes
42,Female,Bachelors,Chittagong,10,122535,8699.99,87.12,8,8,4,3,76,1,7,3,5,No
56,Male,Bachelors,Rajshahi,6,30063,2230.86,83.75,10,14,0,3,63,1,8,1,43,Yes
35,Male,Bachelors,Dhaka,5,19213,2895.57,94.73,11,13,2,1,25,2,7,8,6,Yes
57,Female,Masters,Khulna,3,37797,6476.0,77.49,12,6,1,5,44,3,9,8,35,No
33,Male,Bachelors,Dhaka,2,99946,18611.06,80.13,17,21,0,3,84,1,7,1,7,No
38,Male,Bachelors,Dhaka,3,103918,17878.23,75.04,8,13,2,5,96,2,7,6,18,No
30,Female,High School,Khulna,9,38655,7579.8,84.32,10,3,4,3,39,0,1,1,9,No
56,Female,Bachelors,Barisal,3,37555,4177.53,82.28,15,28,3,5,57,2,2,9,32,Yes
34,Male,Masters,Rajshahi,3,43071,4293.1,96.67,5,20,4,2,78,1,5,1,36,No
36,Male,High School,Barisal,1,35239,1910.93,93.65,12,29,4,2,17,2,1,3,37,Yes
39,Male,Bachelors,Barisal,2,138441,16264.65,77.11,6,13,1,3,60,3,10,9,26,No
54,Female,Masters,Barisal,11,112138,16563.43,93.52,12,23,0,4,19,0,7,1,28,No
27,Male,Bachelors,Sylhet,12,64151,11053.94,91.89,24,23,3,4,37,2,5,2,18,No
48,Male,Bachelors,Barisal,3,17203,1550.31,82.04,13,19,2,1,45,0,5,4,17,Yes
44,Female,Bachelors,Sylhet,2,147216,18702.13,75.39,8,16,3,2,69,1,8,7,22,No
48,Male,High School,Khulna,8,106663,15924.94,77.88,21,4,0,2,19,3,9,8,0,No
55,Female,Masters,Rajshahi,6,144844,19226.65,81.25,11,3,1,4,23,3,10,1,42,Yes
59,Male,High School,Barisal,7,27213,2479.19,95.42,14,15,0,3,72,2,1,1,2,No
35,Male,Masters,Chittagong,1,31944,5412.67,86.63,9,15,2,1,56,0,10,5,9,No
57,Female,Bachelors,Khulna,6,81723,6211.29,97.96,14,18,3,2,78,0,4,8,6,No
29,Male,Masters,Sylhet,2,83947,15592.9,94.73,16,22,4,1,65,2,2,1,48,Yes
56,Male,High School,Rajshahi,13,50191,9681.32,82.18,24,7,0,2,15,2,9,3,25,No
40,Male,Bachelors,Dhaka,6,87264,9148.41,96.13,10,20,1,5,28,2,9,6,15,No
51,Female,Bachelors,Rajshahi,3,114846,12222.75,77.92,5,5,1,5,61,2,1,1,38,No
35,Female,Bachelors,Rajshahi,7,134550,21728.71,75.9,7,8,3,1,71,3,3,3,44,Yes
41,Other,Bachelors,Barisal,3,99963,11839.95,90.21,11,25,4,4,58,2,10,1,31,No
46,Male,Masters,Barisal,9,15972,867.14,83.54,15,23,2,4,87,0,8,4,11,No
45,Male,Masters,Sylhet,3,114219,21471.06,83.24,16,10,4,2,20,1,2,9,43,Yes
35,Male,High School,Sylhet,7,64738,7419.79,92.18,13,1,3,5,55,0,2,5,7,No
47,Female,High School,Barisal,12,69777,5618.74,96.25,5,11,4,5,78,2,2,3,7,No
59,Male,Masters,Barisal,4,29530,3937.81,83.05,8,3,3,1,54,3,5,10,44,Yes
44,Other,High School,Chittagong,8,61529,5096.81,83.13,6,27,4,1,67,2,9,7,10,Yes
43,Male,PhD,Chittagong,14,117895,9538.09,88.35,6,21,0,4,41,1,7,6,32,No
40,Other,Bachelors,Khulna,2,66714,8796.89,91.33,21,3,1,4,97,2,7,9,24,No
24,Female,Bachelors,Barisal,8,139750,15184.72,80.07,6,15,3,4,19,1,2,4,16,No
40,Female,High School,Dhaka,9,135883,18473.16,97.82,8,17,3,3,22,2,2,4,30,Yes
30,Male,Bachelors,Chittagong,13,103196,20590.06,91.36,15,18,1,5,22,3,5,9,18,No
49,Male,Bachelors,Sylhet,8,75385,13482.81,90.63,23,8,2,5,45,0,7,2,44,Yes
41,Male,Masters,Rajshahi,6,79736,4078.55,97.6,17,23,3,1,95,1,7,10,14,No
28,Male,PhD,Khulna,10,45268,2606.68,97.68,22,13,0,5,82,0,9,2,43,Yes
35,Male,High School,Chittagong,1,45138,6387.56,78.39,23,10,4,1,28,2,3,9,48,Yes
30,Male,High School,Rajshahi,7,139650,20101.0,78.63,19,3,0,3,16,0,1,7,34,Yes
40,Male,High School,Rajshahi,1,28432,5166.91,94.05,16,20,3,4,24,3,9,5,38,No
35,Female,Masters,Chittagong,7,82058,11845.78,98.92,15,14,2,3,90,3,1,5,1,No
59,Female,Bachelors,Dhaka,14,73175,6158.2,91.66,5,13,3,4,55,0,8,9,33,No
57,Male,High School,Dhaka,2,48329,5812.89,85.28,20,3,2,4,87,0,5,10,24,No
38,Other,Bachelors,Khulna,8,21677,3714.31,92.09,17,13,1,1,57,3,8,5,37,Yes
51,Male,Bachelors,Dhaka,2,65357,12314.81,80.72,10,20,4,4,75,1,7,9,3,No
30,Male,PhD,Khulna,3,70812,6057.07,99.95,10,24,0,3,87,1,9,8,15,No
54,Male,Bachelors,Sylhet,13,56616,7413.34,85.78,14,25,2,2,13,3,2,6,31,Yes
46,Female,Bachelors,Chittagong,12,60534,4469.78,98.29,6,23,0,1,12,3,9,5,14,No
35,Male,Bachelors,Rajshahi,3,79162,9859.62,85.77,7,9,1,4,12,1,10,5,41,Yes
32,Male,Bachelors,Khulna,1,59711,3792.67,98.2,10,25,3,4,84,0,5,5,13,No
56,Female,High School,Dhaka,5,110980,21225.95,83.39,20,16,2,5,78,0,5,1,40,No
35,Male,High School,Khulna,5,35143,5120.63,94.01,10,23,4,1,37,2,1,5,14,Yes
51,Female,Bachelors,Barisal,10,123380,21977.99,98.78,17,23,2,1,32,1,6,3,6,No
25,Female,High School,Khulna,5,56423,11270.17,91.15,8,8,3,3,39,3,10,6,6,No
25,Other,Bachelors,Dhaka,14,56713,4389.58,91.94,19,12,3,2,71,2,10,9,7,No
49,Male,Bachelors,Barisal,13,89310,13764.59,77.57,10,26,4,3,96,0,10,3,18,No
29,Male,Masters,Barisal,9,17205,3149.34,86.86,5,28,4,3,60,1,10,1,17,Yes
23,Male,Bachelors,Dhaka,6,68266,9310.85,97.17,13,12,1,3,50,2,3,8,16,No
43,Male,Bachelors,Barisal,6,96863,14137.59,81.02,16,19,0,2,95,0,10,9,17,No
37,Male,Bachelors,Chittagong,3,141233,15698.14,94.71,15,24,2,3,73,3,3,10,18,No
50,Male,Bachelors,Rajshahi,5,17808,2692.82,91.89,17,17,1,1,52,0,3,4,39,Yes
51,Other,High School,Chittagong,10,28851,3154.47,80.57,5,29,0,2,85,0,4,10,12,Yes
33,Female,Masters,Chittagong,7,145982,17735.78,82.07,23,15,1,4,67,1,9,5,10,No
56,Male,High School,Dhaka,3,29620,1938.24,85.69,8,22,4,5,68,3,8,3,6,No
32,Male,Bachelors,Dhaka,2,77995,3991.1,78.13,9,18,4,5,49,1,6,8,26,No
42,Male,Masters,Rajshahi,5,51681,3011.59,97.83,21,7,3,1,55,3,8,3,36,No
42,Male,Bachelors,Khulna,3,79509,6271.53,93.48,9,13,2,5,71,2,8,4,4,No
26,Female,Masters,Chittagong,5,82703,9799.53,84.12,23,19,2,5,58,0,1,10,7,No
41,Female,Bachelors,Barisal,9,57136,3036.73,82.49,7,16,2,5,88,1,9,7,9,No
58,Female,Masters,Rajshahi,11,108699,7977.47,92.24,15,11,1,4,32,3,1,2,36,No
24,Female,Masters,Chittagong,10,103456,17299.57,85.61,6,26,1,5,53,1,2,1,25,Yes
54,Male,PhD,Khulna,1,98086,16117.98,80.73,18,5,2,3,53,0,9,4,14,No
30,Female,Masters,Barisal,4,132529,22325.77,85.75,10,26,3,1,28,0,7,8,15,Yes
30,Male,Masters,Chittagong,10,33254,6259.44,96.78,23,2,0,1,53,2,10,1,28,No
25,Female,Masters,Sylhet,5,76273,5175.94,76.72,5,1,1,1,20,3,1,10,27,Yes
56,Male,Bachelors,Rajshahi,2,132574,9872.92,84.21,11,16,2,4,69,3,3,3,9,No
38,Male,High School,Dhaka,12,129847,12988.99,99.06,6,5,4,4,47,2,1,4,39,No
55,Male,Bachelors,Chittagong,2,120547,22574.98,75.37,23,25,1,5,12,2,5,4,3,No
45,Male,PhD,Barisal,1,27926,4644.7,97.27,5,25,0,3,25,3,4,3,45,Yes
53,Female,Masters,Barisal,14,104527,10308.26,84.37,13,7,1,5,18,3,8,3,39,No
22,Male,Masters,Rajshahi,8,122387,7728.17,79.74,21,9,0,1,50,1,9,7,13,No
29,Male,Masters,Rajshahi,2,42563,6063.4,75.37,14,4,0,3,47,3,4,8,43,Yes
44,Male,High School,Barisal,3,15925,1409.73,76.76,10,19,1,1,78,1,3,10,32,Yes
33,Female,Bachelors,Barisal,12,66595,8635.57,79.3,7,27,0,3,74,1,4,4,17,No
33,Male,Bachelors,Barisal,2,145249,27781.85,75.64,24,20,1,2,44,1,3,8,11,No
36,Other,High School,Chittagong,4,31321,4256.29,83.4,19,15,1,4,44,1,6,8,9,No
40,Female,Bachelors,Barisal,14,31151,5874.3,76.12,24,7,3,4,85,0,1,6,20,No
47,Female,PhD,Dhaka,1,91133,9929.47,92.31,10,24,4,1,94,2,2,1,32,Yes
50,Female,Masters,Barisal,3,49187,7132.25,95.47,7,18,0,1,57,2,8,7,13,No
43,Male,Bachelors,Dhaka,5,58835,10830.55,97.19,14,5,1,2,17,3,3,7,8,No
42,Male,High School,Chittagong,10,15059,2081.13,88.73,16,21,0,5,36,2,4,5,25,No
59,Female,Bachelors,Rajshahi,1,42235,6007.29,98.66,5,29,1,3,18,2,1,6,14,Yes
41,Male,Bachelors,Dhaka,4,109208,17194.38,75.14,20,25,1,2,39,0,3,9,20,No
50,Male,Bachelors,Chittagong,6,82114,14970.71,78.35,21,29,1,2,23,1,1,3,21,Yes
25,Female,High School,Barisal,4,144191,9116.77,82.33,14,29,4,1,32,1,10,4,45,Yes
28,Male,Bachelors,Chittagong,7,127831,12850.71,94.73,16,13,0,1,38,1,5,9,40,No
49,Female,Bachelors,Barisal,14,136889,15010.25,97.13,23,3,4,5,35,2,1,10,42,Yes
49,Male,Masters,Chittagong,7,96583,18008.52,90.45,12,28,4,5,95,2,9,2,4,No
25,Female,High School,Rajshahi,6,47160,9120.8,84.58,12,6,4,1,24,3,7,9,43,Yes
43,Male,High School,Dhaka,9,114011,7759.25,91.65,14,26,4,4,82,0,8,5,15,No
33,Female,High School,Rajshahi,2,20277,1376.12,79.52,14,12,3,5,99,0,9,3,34,No
24,Male,Bachelors,Sylhet,13,147852,28125.78,86.45,22,21,0,2,90,3,10,8,4,No
43,Male,Bachelors,Barisal,10,132101,12465.81,87.69,14,18,0,1,82,3,8,9,25,No
23,Female,Masters,Dhaka,8,75750,6535.12,77.62,11,18,1,3,76,3,3,1,25,No
45,Male,Bachelors,Rajshahi,8,71902,3979.3,75.85,8,4,0,3,25,1,7,5,4,No
55,Male,Bachelors,Dhaka,11,131849,12043.01,93.75,5,28,4,4,22,1,7,9,49,Yes
48,Male,Bachelors,Sylhet,10,112052,17259.25,88.37,15,20,2,1,99,1,7,2,35,No
22,Female,Bachelors,Khulna,14,142894,16276.4,83.31,23,23,0,2,90,1,8,1,23,No
29,Male,High School,Barisal,14,64460,8220.62,85.93,9,14,2,4,33,3,4,8,14,No
44,Female,Bachelors,Barisal,11,144424,27093.12,98.94,12,28,3,2,71,3,6,6,29,Yes
59,Male,Masters,Chittagong,4,85975,5777.82,84.62,6,14,1,3,66,3,2,2,4,No
27,Male,Masters,Barisal,6,148436,9008.0,77.59,6,1,1,2,45,1,7,3,39,No
43,Female,Masters,Barisal,11,31568,5612.46,86.59,18,11,1,3,69,1,9,5,47,Yes
46,Female,Bachelors,Rajshahi,6,77679,12912.45,91.2,13,22,3,5,95,2,5,1,21,No
39,Female,Bachelors,Barisal,5,80781,7234.76,75.3,14,27,4,3,82,3,4,2,32,No
38,Other,PhD,Barisal,14,23430,2311.02,83.31,17,29,2,3,31,0,2,1,4,Yes
33,Male,High School,Sylhet,1,53692,5183.52,84.84,5,9,0,4,93,0,7,7,31,No
27,Male,High School,Sylhet,3,45086,6635.37,86.59,18,18,4,4,12,2,2,7,49,Yes
47,Male,High School,Dhaka,7,64671,3827.34,82.54,6,28,1,1,45,1,2,10,47,Yes
48,Female,Bachelors,Dhaka,8,18907,2333.32,91.67,8,5,1,1,91,3,9,5,22,Yes
29,Female,Bachelors,Barisal,2,43604,3055.81,98.62,23,10,4,3,45,1,2,10,9,Yes
40,Male,Bachelors,Barisal,3,52869,9144.26,97.85,5,15,2,5,19,1,10,6,35,No
22,Male,Bachelors,Chittagong,4,134261,14379.28,91.61,8,27,4,1,30,0,3,3,49,Yes
50,Male,Masters,Dhaka,14,129639,16741.04,87.67,15,10,3,3,98,0,3,2,16,No
56,Female,High School,Rajshahi,11,126690,6891.64,95.65,17,16,1,4,58,3,2,10,26,Yes
35,Male,Bachelors,Barisal,5,140592,8258.32,95.9,22,4,2,1,18,3,10,9,44,Yes
56,Male,Bachelors,Rajshahi,3,21073,3187.46,95.74,14,4,0,1,88,1,3,2,7,Yes
41,Male,Bachelors,Barisal,5,33101,5462.18,78.95,9,8,1,3,61,1,9,1,39,No
34,Female,Bachelors,Rajshahi,8,109877,17196.34,75.64,5,6,4,3,57,2,3,9,43,Yes
59,Female,Masters,Khulna,8,22313,3582.41,99.58,18,23,2,2,69,1,5,8,49,Yes
29,Female,High School,Rajshahi,14,74668,4905.16,98.99,20,11,1,2,59,2,7,8,5,No
41,Male,Masters,Dhaka,2,106956,16473.11,89.11,22,28,0,5,48,1,1,7,6,Yes
54,Male,Bachelors,Barisal,6,130087,10050.8,99.83,7,25,0,1,25,1,1,9,25,Yes
47,Female,High School,Dhaka,4,134451,8699.29,94.26,7,13,4,2,37,1,10,3,16,No
42,Other,Masters,Rajshahi,9,107675,17612.84,87.93,8,19,3,3,15,3,2,8,36,No
30,Male,Bachelors,Sylhet,10,106634,19557.84,84.73,11,11,4,1,70,3,1,1,22,Yes
45,Male,High School,Sylhet,2,124119,19549.55,89.82,17,2,2,2,15,3,1,1,26,Yes
58,Male,High School,Sylhet,8,86791,14827.03,87.9,13,3,4,5,75,2,10,6,39,No
38,Male,High School,Barisal,1,97158,19301.72,99.85,7,15,2,5,49,2,4,8,18,No
45,Female,Bachelors,Chittagong,11,44715,3139.59,87.26,21,24,3,5,80,3,10,8,26,No
42,Male,High School,Khulna,6,103260,20112.25,95.9,19,13,4,5,71,2,3,10,24,No
34,Male,Bachelors,Rajshahi,11,149724,20988.26,95.34,14,25,0,3,37,3,1,1,39,Yes
32,Male,High School,Chittagong,11,41297,7102.59,76.79,19,10,2,5,89,0,3,1,24,No
40,Male,Masters,Sylhet,14,21307,3143.32,77.18,5,5,2,4,56,3,1,9,20,Yes
32,Male,Masters,Rajshahi,12,73616,9975.39,91.5,14,24,0,5,18,0,3,9,24,No
34,Male,Masters,Chittagong,10,134828,20971.53,81.48,11,11,4,2,61,1,4,7,6,No
22,Male,High School,Dhaka,13,23727,2326.17,91.44,11,23,3,1,24,2,8,1,34,No
40,Female,Masters,Sylhet,1,32332,6099.13,78.62,7,28,1,2,43,2,3,10,5,Yes
33,Male,Bachelors,Chittagong,2,128741,8663.48,84.93,11,14,4,1,29,3,3,2,39,No
29,Male,Masters,Barisal,3,147475,14409.0,77.56,13,28,4,3,87,1,9,8,49,Yes
29,Other,Bachelors,Dhaka,9,71971,3934.97,82.05,12,29,2,1,69,1,9,8,14,Yes
33,Female,Bachelors,Sylhet,5,88042,7985.27,77.21,7,25,2,4,67,1,6,5,23,No
54,Female,Masters,Khulna,10,110195,9116.65,99.26,9,20,3,5,84,1,10,2,48,Yes
47,Male,High School,Sylhet,10,142144,8165.41,84.88,17,15,3,2,76,2,4,3,3,No
49,Male,Bachelors,Barisal,12,27996,3464.96,97.53,17,13,3,1,11,3,10,5,6,No
26,Male,Masters,Khulna,2,67485,8118.14,99.28,12,26,0,2,59,3,5,3,29,Yes
29,Male,Masters,Khulna,10,62830,3874.21,97.74,22,3,1,5,23,0,9,10,16,No
46,Male,PhD,Khulna,5,49370,4407.63,86.37,11,9,1,3,65,2,1,1,37,No
48,Female,Bachelors,Rajshahi,5,72572,14006.27,94.47,14,8,3,5,78,0,7,6,29,No
44,Male,Bachelors,Rajshahi,1,44098,2937.39,78.84,14,15,2,3,53,1,7,5,44,Yes
51,Male,High School,Khulna,3,17196,1646.57,77.37,15,23,1,2,55,3,10,3,38,Yes
44,Female,Bachelors,Dhaka,5,64262,3558.79,96.92,16,1,4,3,15,0,1,9,8,No
41,Male,Bachelors,Khulna,9,35543,2570.93,75.78,17,2,0,3,17,2,1,10,18,No
39,Female,Bachelors,Chittagong,10,117171,18150.91,99.31,12,9,2,3,48,3,9,8,12,No
39,Female,High School,Khulna,1,85540,8982.34,91.8,21,21,0,3,53,2,7,7,46,Yes
23,Female,Bachelors,Rajshahi,8,55972,6594.14,85.49,18,17,4,3,36,3,4,2,48,Yes
25,Other,Masters,Rajshahi,1,87613,6443.65,78.53,21,9,1,1,25,2,9,10,36,No
51,Male,PhD,Chittagong,9,110384,16813.8,93.08,23,1,0,3,48,2,5,5,18,No
54,Male,Masters,Chittagong,6,93062,15143.82,89.08,20,8,0,3,10,3,3,5,5,No
57,Female,Masters,Sylhet,1,18261,1409.14,92.78,13,5,0,5,60,2,2,6,11,Yes
39,Female,Bachelors,Dhaka,8,32046,1818.58,85.45,24,11,4,5,72,2,9,6,14,No
58,Male,PhD,Dhaka,5,28397,1764.62,76.66,14,28,2,5,42,1,4,3,46,Yes
40,Female,Bachelors,Dhaka,7,105805,15718.06,82.87,13,6,2,3,59,3,7,4,2,No
49,Male,Masters,Barisal,7,40757,2866.3,82.88,5,17,4,5,63,0,1,1,3,No
41,Female,Masters,Rajshahi,7,147974,18361.77,75.22,7,18,0,1,36,3,9,1,36,No
54,Male,Masters,Dhaka,6,133859,9757.82,75.24,15,23,0,2,90,3,9,5,37,No
33,Male,Bachelors,Sylhet,11,57399,4334.9,83.27,11,18,3,5,88,1,10,4,5,No
36,Female,High School,Sylhet,8,63330,3207.92,93.19,22,5,1,5,95,0,6,7,48,Yes
23,Male,High School,Dhaka,9,149918,14710.5,90.6,17,27,1,1,28,0,6,7,27,Yes
50,Male,High School,Chittagong,12,83056,5271.53,80.98,22,25,2,4,37,0,6,4,7,No
31,Male,High School,Sylhet,2,55832,6090.95,90.07,20,5,4,4,32,2,5,10,30,No
23,Other,High School,Chittagong,7,132095,18449.4,91.18,20,28,0,1,73,2,1,2,20,Yes
32,Female,Bachelors,Rajshahi,2,119987,12614.21,88.06,14,19,1,5,48,2,4,10,44,Yes
34,Female,Bachelors,Barisal,6,103672,16148.18,88.03,13,27,4,2,58,0,10,4,28,Yes
31,Female,Masters,Sylhet,2,50885,8203.57,84.24,12,13,4,5,68,3,1,8,14,No
35,Female,Bachelors,Chittagong,10,36157,5585.93,78.08,23,22,0,1,29,3,5,2,48,Yes
39,Male,Bachelors,Dhaka,6,34674,6605.64,84.64,7,7,4,1,70,0,4,5,23,No
30,Male,Masters,Rajshahi,2,47357,4053.48,83.63,13,26,1,3,18,0,8,7,20,No
49,Female,Bachelors,Khulna,1,27578,2162.62,89.8,6,14,3,1,32,1,1,10,48,Yes
24,Male,Masters,Khulna,7,143457,20292.96,96.41,23,27,1,3,16,2,8,6,22,No
41,Male,High School,Dhaka,3,148323,20651.24,84.38,12,26,3,1,40,2,8,9,30,Yes
27,Male,High School,Rajshahi,14,118229,14957.71,92.74,22,27,4,3,69,2,1,2,33,Yes
48,Male,Bachelors,Rajshahi,12,138981,7039.8,95.3,12,8,1,3,70,1,9,4,27,No
23,Female,High School,Rajshahi,14,52077,6941.12,80.29,9,3,0,5,84,1,9,7,31,No
50,Male,Bachelors,Rajshahi,13,130136,24715.39,97.54,10,27,4,3,90,1,6,8,21,No
59,Female,Bachelors,Khulna,4,75530,7567.1,76.76,14,4,0,4,35,0,1,5,2,No
24,Male,Bachelors,Chittagong,13,133179,25988.53,97.54,19,10,3,1,91,1,7,5,8,No
37,Male,High School,Rajshahi,6,42122,4360.2,79.09,8,4,2,2,63,3,7,4,5,No
51,Male,Bachelors,Chittagong,5,44381,3150.08,83.43,7,18,2,1,40,0,9,9,0,No
23,Female,Bachelors,Rajshahi,4,120614,13238.65,90.13,13,23,3,5,50,0,1,10,21,No
38,Female,Bachelors,Sylhet,9,128271,15930.19,97.64,20,12,2,5,37,2,8,4,3,No
33,Female,High School,Barisal,6,112354,16226.13,81.39,20,20,4,3,99,2,8,3,44,Yes
56,Female,High School,Sylhet,6,142728,17945.44,94.09,19,20,4,5,15,1,7,9,7,No
22,Female,High School,Barisal,2,27822,3630.99,92.76,13,15,1,5,43,3,6,7,36,No
36,Female,High School,Sylhet,6,147508,7907.91,78.99,21,13,4,1,18,0,1,9,41,Yes
47,Female,Masters,Rajshahi,7,126201,11111.12,86.99,16,12,2,4,21,0,10,4,18,No
58,Female,High School,Chittagong,8,42281,4084.53,87.04,12,8,0,4,25,0,8,3,43,Yes
42,Male,Masters,Barisal,14,103017,20403.88,82.62,18,22,1,3,80,2,5,10,0,No
52,Male,Masters,Khulna,8,111005,10471.67,94.5,22,22,0,5,40,2,4,8,40,No
46,Female,High School,Dhaka,9,99403,18338.54,98.15,16,27,2,5,42,3,5,4,23,No
44,Female,Bachelors,Barisal,10,121023,11583.16,92.91,18,9,0,4,16,2,5,10,47,Yes
45,Male,PhD,Barisal,11,37766,2432.76,99.32,24,20,2,3,12,3,10,3,16,No
59,Female,Masters,Khulna,13,108891,9489.05,76.26,9,9,4,5,29,2,3,4,31,No
49,Other,Bachelors,Rajshahi,12,77239,7022.9,75.93,5,17,1,3,14,3,4,2,49,Yes
42,Male,Masters,Sylhet,3,148866,29287.49,97.35,17,27,3,1,76,2,4,4,13,Yes
39,Female,Masters,Sylhet,10,71764,10846.68,97.45,18,25,2,5,47,2,8,7,16,No
57,Male,Bachelors,Chittagong,7,45858,8701.65,77.68,6,1,4,5,88,1,5,3,31,No
56,Male,Masters,Rajshahi,7,57850,10138.17,83.94,20,23,0,5,65,1,6,1,32,No
30,Male,Bachelors,Khulna,1,142171,19447.54,95.88,9,6,4,4,32,1,10,10,29,No
59,Male,Bachelors,Rajshahi,8,98017,14830.77,78.21,5,7,0,4,11,3,2,8,46,Yes
51,Female,PhD,Rajshahi,4,65790,9455.71,81.69,16,9,0,5,30,3,9,6,33,No
55,Male,Masters,Sylhet,5,96120,14412.18,92.02,23,10,0,5,87,3,8,3,27,No
53,Male,Bachelors,Khulna,14,24850,2229.44,99.55,14,4,0,1,23,3,8,8,23,No
24,Male,High School,Dhaka,6,121759,13541.89,94.93,16,16,1,1,71,1,10,6,13,No
24,Male,Bachelors,Barisal,3,80696,11208.06,94.43,23,12,0,3,20,0,5,1,33,No
49,Male,Masters,Sylhet,5,102826,5695.46,83.57,20,9,1,3,13,2,5,9,46,Yes
36,Female,Bachelors,Khulna,10,138152,16913.29,91.53,21,3,3,4,56,2,3,9,0,No
44,Male,PhD,Chittagong,5,22081,3951.59,77.83,17,26,1,2,29,3,2,9,21,Yes
32,Female,Masters,Barisal,1,117716,14579.73,99.81,11,27,0,1,61,1,9,6,32,Yes
53,Female,Bachelors,Barisal,3,33722,4479.92,87.01,7,27,3,3,25,0,6,6,43,Yes
57,Male,High School,Sylhet,3,102508,8229.93,90.97,9,9,4,1,54,1,8,4,46,Yes
54,Female,Bachelors,Chittagong,1,144752,24485.02,96.9,8,29,1,1,17,2,4,8,17,Yes
45,Male,Bachelors,Sylhet,13,32985,3424.89,75.02,19,17,4,2,71,3,5,9,46,Yes
55,Male,Bachelors,Rajshahi,7,135234,26166.17,99.4,21,14,3,1,93,3,10,7,38,No
49,Male,Bachelors,Khulna,1,98845,19675.81,83.98,16,5,1,2,30,1,5,7,11,No
58,Male,Bachelors,Chittagong,7,138446,25944.79,83.49,18,26,0,2,73,3,10,2,9,Yes
28,Male,Bachelors,Barisal,4,121747,7637.37,78.63,8,21,1,1,39,0,4,2,1,No
25,Female,Bachelors,Sylhet,9,37036,3702.77,96.45,21,1,0,1,45,2,2,10,1,Yes
58,Male,Bachelors,Barisal,7,44346,8504.26,96.77,15,1,2,3,14,0,6,2,5,No
22,Female,High School,Chittagong,5,128507,21933.57,75.5,10,3,1,1,94,1,4,4,19,No
22,Male,Bachelors,Barisal,7,129673,24207.04,76.39,8,9,1,1,47,2,4,9,37,No
41,Female,Bachelors,Sylhet,9,41691,5665.1,97.96,17,23,4,1,96,0,10,5,27,No
40,Male,Bachelors,Sylhet,10,120578,14717.71,78.07,24,6,4,3,28,0,3,2,41,Yes
50,Male,High School,Dhaka,6,32986,2176.23,90.52,19,9,3,2,83,0,8,4,2,No
31,Male,Masters,Barisal,1,64665,11375.91,90.49,22,4,0,3,36,2,6,7,47,Yes
39,Male,Bachelors,Dhaka,6,128408,20772.72,96.74,21,20,4,1,22,2,9,5,36,No
49,Male,Bachelors,Dhaka,1,88728,5220.0,89.32,23,19,3,5,18,3,5,8,36,No
56,Female,Masters,Barisal,13,65054,5296.19,85.85,14,5,0,1,26,1,6,1,41,Yes
52,Male,Bachelors,Chittagong,12,96499,12891.46,99.36,9,5,0,3,53,3,9,5,24,No
48,Female,Bachelors,Rajshahi,4,114159,17427.55,80.72,16,28,0,3,54,1,4,4,22,No
32,Female,PhD,Sylhet,14,81553,5761.76,81.57,19,14,2,4,97,2,10,3,12,No
59,Female,Masters,Khulna,8,20279,1758.67,77.12,8,10,0,5,51,0,7,7,23,No
26,Male,PhD,Dhaka,5,22712,1793.49,99.38,12,23,3,3,60,3,10,10,2,No
29,Male,Masters,Chittagong,5,30817,2557.8,92.66,24,16,0,2,92,2,10,1,49,Yes
55,Female,High School,Barisal,13,108616,20431.43,75.3,21,23,0,1,67,2,6,6,37,No
33,Female,High School,Chittagong,10,95667,15055.4,92.61,10,6,3,2,67,2,6,8,27,No
59,Male,Bachelors,Chittagong,11,41093,6598.14,85.1,20,20,1,3,39,3,6,2,25,No
22,Male,Bachelors,Barisal,8,126030,21311.58,99.19,9,23,0,3,14,2,4,6,19,No
52,Male,Bachelors,Khulna,8,132385,13699.99,81.93,18,14,3,2,17,1,10,1,26,No
25,Female,Masters,Barisal,1,44030,7268.37,92.76,6,18,4,2,46,1,6,6,0,No
26,Female,Bachelors,Khulna,13,59067,11622.14,90.69,21,29,3,4,56,0,7,6,9,No
51,Male,Bachelors,Barisal,13,91433,14150.09,75.3,10,28,2,1,98,3,2,5,9,Yes
45,Female,Masters,Dhaka,5,41639,4684.93,97.13,15,9,4,2,54,3,9,7,0,No
24,Female,Masters,Khulna,12,148864,23439.23,78.49,6,7,1,1,14,3,7,5,31,No
32,Male,Bachelors,Dhaka,5,15420,2854.54,91.59,5,18,1,5,72,3,3,8,31,No
25,Female,Masters,Khulna,8,34198,2370.41,94.39,9,10,3,3,95,3,10,2,42,Yes
47,Female,Masters,Khulna,1,97951,8795.43,90.77,12,2,3,2,56,2,10,6,26,No
48,Male,Bachelors,Barisal,7,32875,6177.03,77.43,8,13,0,5,34,2,7,5,12,No
48,Female,High School,Khulna,7,85511,16412.55,99.38,23,6,0,3,59,1,10,10,16,No
27,Male,High School,Dhaka,13,106997,13120.07,80.92,9,27,2,4,54,3,10,2,27,No
36,Male,Bachelors,Barisal,9,36331,3857.72,90.7,9,23,0,3,39,3,5,7,24,No
51,Male,Bachelors,Sylhet,2,31893,2947.46,94.93,20,9,3,2,57,3,9,4,49,Yes
58,Male,PhD,Dhaka,3,33243,4149.15,98.48,22,20,3,5,60,1,6,6,35,No
58,Male,Masters,Sylhet,4,30535,5807.14,90.1,15,8,0,5,64,3,7,5,46,Yes
58,Male,Masters,Chittagong,1,82394,5971.21,81.48,21,10,2,5,64,3,4,4,1,No
56,Female,PhD,Barisal,7,94214,10643.79,95.92,7,16,3,3,55,2,2,2,31,No
44,Male,Masters,Chittagong,14,135295,25265.15,79.08,22,15,2,1,40,1,4,7,31,No
27,Female,Bachelors,Barisal,10,115369,11810.08,75.56,8,13,3,1,43,2,9,5,5,No
25,Male,High School,Barisal,3,127695,21096.77,97.7,23,18,2,3,83,0,3,3,30,No
39,Female,Masters,Dhaka,3,28346,3072.39,89.38,13,6,2,2,77,3,7,6,8,No
30,Female,Bachelors,Sylhet,3,137580,23490.27,76.74,9,20,2,3,42,0,4,8,42,Yes
50,Male,Bachelors,Barisal,8,90324,17807.41,89.49,8,24,0,1,65,3,3,10,15,No
34,Female,Bachelors,Sylhet,9,117746,12736.97,78.63,20,9,1,3,67,0,5,10,24,No
38,Male,Masters,Barisal,10,89783,15870.47,75.78,14,18,2,5,66,2,2,2,39,No
53,Female,Bachelors,Sylhet,13,31959,6336.27,77.91,13,7,2,2,26,1,10,10,27,No
43,Male,Masters,Chittagong,14,104343,20615.52,94.38,20,23,3,2,20,0,4,4,16,No
25,Female,Bachelors,Dhaka,2,66150,7611.59,93.89,24,24,1,4,80,2,7,3,30,No
26,Female,Bachelors,Barisal,10,36734,4513.29,90.11,21,29,3,3,90,0,2,7,22,Yes
58,Male,High School,Rajshahi,10,32400,3094.53,80.23,22,5,3,5,26,0,10,10,30,No
34,Male,Masters,Sylhet,1,113329,11004.56,93.47,19,11,2,3,19,1,6,8,25,No
55,Female,High School,Sylhet,14,139438,17272.27,85.2,24,13,4,4,35,2,5,8,3,No
43,Male,Masters,Rajshahi,9,112753,9029.01,87.77,13,3,1,4,15,1,3,4,38,No
44,Male,High School,Dhaka,6,123863,19405.43,97.44,10,1,3,3,90,3,5,10,42,Yes
24,Male,Bachelors,Sylhet,14,19746,2575.79,86.45,10,4,4,3,25,1,10,2,42,Yes
55,Male,Bachelors,Dhaka,9,138765,25631.31,90.66,15,19,4,3,99,1,7,6,42,Yes
53,Other,Bachelors,Sylhet,6,78184,13415.39,99.04,24,18,3,1,13,0,3,3,14,No
42,Male,High School,Khulna,2,103898,10220.52,86.28,7,6,2,4,71,0,8,8,36,No
42,Male,Bachelors,Sylhet,1,56835,7153.86,89.02,16,23,0,2,93,0,7,3,37,No
32,Female,Masters,Khulna,14,24133,3923.48,89.61,19,10,3,1,73,2,4,2,22,No
25,Female,Bachelors,Barisal,8,116345,9188.93,81.02,11,7,2,5,65,1,5,9,4,No
22,Male,High School,Dhaka,3,55533,3039.86,93.42,22,12,1,2,84,3,10,9,40,No
49,Male,Masters,Sylhet,1,43725,7776.3,93.17,19,8,2,2,32,0,4,9,42,Yes
45,Female,High School,Chittagong,8,142240,10046.77,80.34,12,13,4,2,42,3,2,3,24,Yes
56,Female,Bachelors,Chittagong,12,16236,2977.87,75.33,13,18,1,4,40,1,9,2,29,No
34,Male,Bachelors,Rajshahi,1,82916,15508.71,99.97,19,14,1,5,16,1,1,4,25,No
55,Male,Bachelors,Chittagong,8,120481,14349.9,89.54,20,11,0,1,95,1,8,2,2,No
32,Male,Bachelors,Khulna,1,143357,24516.52,79.53,24,28,0,5,14,3,4,8,3,No
57,Male,PhD,Chittagong,9,29538,3086.09,82.09,7,10,3,1,46,3,9,10,46,Yes
38,Male,Bachelors,Chittagong,14,114821,20523.07,90.44,9,29,2,4,10,3,3,1,17,No
56,Female,Bachelors,Chittagong,9,53655,9320.0,78.44,7,6,3,5,79,1,7,2,36,No
39,Male,Bachelors,Sylhet,12,75784,4681.77,75.93,6,13,0,2,54,1,3,6,10,No
43,Female,Masters,Rajshahi,13,137547,18897.62,94.96,6,22,4,5,56,0,10,9,10,No
45,Male,Bachelors,Dhaka,9,133177,19443.82,92.9,8,10,0,4,77,2,7,10,35,No
40,Female,Masters,Rajshahi,3,105982,5312.73,82.74,7,12,2,4,39,3,2,5,15,No
58,Female,Masters,Khulna,4,59191,11659.9,76.46,13,1,4,4,90,2,3,5,42,Yes
42,Male,Masters,Sylhet,5,69112,7670.4,87.16,16,18,3,1,69,3,8,3,24,No
29,Male,Masters,Barisal,6,26399,3368.55,81.9,13,13,3,5,33,3,7,8,0,No
49,Male,High School,Sylhet,9,119365,9456.17,84.94,23,25,0,2,40,2,3,6,25,No
26,Female,Masters,Chittagong,13,27685,3921.24,81.85,16,24,0,2,37,2,8,10,44,Yes
38,Female,Bachelors,Chittagong,11,102777,17635.81,79.38,20,28,3,3,54,3,9,2,29,No
58,Male,Masters,Khulna,12,19487,2686.94,84.67,5,29,3,4,13,1,2,5,5,Yes
57,Male,Bachelors,Barisal,4,27018,4544.57,99.12,14,4,1,2,70,0,2,4,26,Yes
40,Male,Masters,Sylhet,14,98220,15682.41,81.66,14,6,2,4,48,3,7,10,18,No
48,Female,Bachelors,Barisal,14,58118,4977.73,83.4,8,18,1,2,92,0,8,9,37,No
55,Male,Bachelors,Dhaka,6,74615,8608.48,83.23,15,28,1,5,33,1,5,4,44,Yes
32,Male,PhD,Rajshahi,13,94946,6864.03,87.01,15,5,3,3,80,1,2,8,42,Yes
33,Male,High School,Sylhet,1,136869,7704.41,96.09,15,18,2,4,55,0,10,1,18,No
42,Male,Bachelors,Barisal,2,30105,1790.05,85.05,10,29,3,1,62,3,5,5,38,Yes
32,Female,Bachelors,Dhaka,8,116564,22307.43,95.15,19,5,1,1,57,0,3,9,43,Yes
49,Male,PhD,Dhaka,4,62342,12323.81,77.88,6,7,1,2,18,3,9,3,31,No
26,Female,High School,Rajshahi,10,127016,8160.35,97.37,7,23,3,5,31,2,2,6,47,Yes
38,Male,High School,Dhaka,7,75506,7571.67,79.63,9,9,0,4,11,3,9,10,0,No
41,Male,High School,Khulna,4,39967,2684.31,75.98,15,3,0,3,25,2,2,6,24,No
33,Female,High School,Dhaka,14,51023,8935.88,78.96,16,12,3,5,14,2,1,6,46,Yes
27,Other,Masters,Barisal,9,69288,8622.51,79.77,7,20,4,2,21,0,10,4,12,No
38,Female,Masters,Khulna,9,139939,20037.76,87.71,13,25,4,5,61,2,6,7,9,No
40,Male,Bachelors,Dhaka,4,116541,15265.31,86.25,7,14,0,3,35,0,6,3,17,No
47,Male,Bachelors,Chittagong,13,41622,6515.43,92.9,6,8,2,5,24,0,4,6,35,No
53,Female,Masters,Dhaka,8,60201,5891.86,76.27,10,12,1,4,76,1,2,10,21,No
27,Male,High School,Khulna,6,31350,2214.06,87.44,10,7,2,2,82,0,10,5,5,No
57,Male,Bachelors,Dhaka,1,69820,3675.53,83.31,21,24,0,3,68,1,3,3,26,No
59,Female,Bachelors,Dhaka,7,63709,7444.65,90.77,12,9,3,2,48,1,6,2,7,No
32,Female,High School,Dhaka,1,103232,19219.23,76.09,5,12,4,4,72,0,4,1,23,No
54,Other,Bachelors,Khulna,3,97418,9331.67,75.87,12,4,0,3,34,3,5,8,19,No
45,Female,Bachelors,Dhaka,8,112739,8950.75,85.68,19,5,2,3,50,3,9,1,21,No
44,Female,High School,Rajshahi,9,70214,13263.87,95.28,22,9,2,2,37,0,5,5,8,No
36,Male,High School,Barisal,3,149016,9807.83,91.78,17,7,0,5,30,2,10,5,39,No
48,Male,Masters,Rajshahi,1,39336,2272.45,75.42,12,14,1,5,98,0,8,1,49,Yes
32,Female,High School,Khulna,1,53624,9754.85,79.46,24,20,2,1,70,2,2,9,38,Yes
38,Male,Masters,Chittagong,7,80206,12442.87,80.67,22,22,1,1,66,3,6,5,18,No
35,Male,High School,Rajshahi,5,59764,6771.88,85.58,17,27,1,3,20,2,6,9,49,Yes
48,Male,Masters,Barisal,13,109325,17803.75,89.67,18,17,3,2,28,0,5,6,0,No
39,Male,Masters,Sylhet,14,60420,9740.67,80.41,19,1,0,3,84,2,6,7,10,No
49,Female,Masters,Barisal,1,119381,6686.42,84.56,10,25,0,2,98,1,5,7,40,No
25,Male,Masters,Rajshahi,6,80671,12216.58,89.6,5,15,1,4,10,1,2,2,41,Yes
28,Male,Bachelors,Sylhet,14,122596,17915.06,84.59,11,24,3,1,41,0,5,5,9,No
56,Male,Bachelors,Khulna,6,41447,8064.21,78.58,5,15,2,3,94,0,1,2,0,Yes
30,Female,Bachelors,Barisal,14,35497,6921.68,87.29,19,29,2,4,86,0,3,4,26,No
29,Male,High School,Chittagong,4,94714,10103.13,83.1,10,1,0,5,43,3,7,3,16,No
38,Male,High School,Sylhet,7,141892,19648.68,96.6,9,29,1,1,26,3,4,6,43,Yes
38,Female,Masters,Sylhet,7,74870,5331.01,94.39,16,15,3,2,64,3,8,5,43,Yes
54,Male,Bachelors,Barisal,12,112847,6767.26,79.76,7,27,3,5,28,1,3,1,16,No
53,Male,Bachelors,Rajshahi,9,111134,12771.18,78.82,24,2,2,5,83,2,7,2,38,No
29,Male,Masters,Sylhet,12,116110,17820.83,83.69,18,29,2,4,51,1,2,7,42,Yes
40,Male,Bachelors,Khulna,1,86918,11748.2,85.3,10,4,4,3,68,2,8,9,1,No
59,Female,Bachelors,Barisal,5,18159,2078.27,98.3,8,17,4,3,82,2,3,1,47,Yes
24,Male,Masters,Khulna,10,86192,14886.81,82.54,19,16,1,4,84,0,6,4,22,No
26,Female,High School,Barisal,3,81988,13869.43,96.69,21,18,4,5,47,0,2,3,40,No
34,Male,Bachelors,Khulna,7,122739,19612.63,87.63,9,21,3,1,40,3,7,5,9,No
52,Male,PhD,Rajshahi,4,33706,2074.77,97.14,10,16,4,5,75,0,4,5,41,Yes
37,Female,Masters,Barisal,4,25219,4273.88,92.55,14,8,0,4,97,1,6,10,29,No
53,Male,Masters,Chittagong,13,104017,19546.17,92.71,13,6,0,5,78,1,2,10,34,Yes
43,Male,Bachelors,Rajshahi,12,49536,2918.48,87.97,8,22,2,5,59,1,3,2,24,No
50,Male,Masters,Khulna,1,86632,9551.24,96.01,13,20,2,5,39,0,3,5,16,No
43,Male,High School,Barisal,1,123798,24543.36,81.36,12,2,1,5,44,0,4,4,45,Yes
24,Female,High School,Rajshahi,10,48937,6845.59,97.68,7,19,0,1,68,2,1,1,18,Yes
31,Male,Bachelors,Khulna,2,36094,4585.26,90.92,24,13,1,2,26,2,6,1,17,No
42,Female,Bachelors,Dhaka,2,140312,10750.27,85.97,5,22,1,2,75,0,6,1,17,No
37,Female,Bachelors,Dhaka,1,119894,16164.46,99.55,24,22,4,3,89,1,4,8,45,Yes
33,Male,Bachelors,Sylhet,8,132118,15306.73,96.55,9,21,2,2,30,0,8,3,34,No
23,Male,High School,Chittagong,6,98325,6795.88,94.3,7,6,1,2,61,3,5,9,9,No
45,Male,Bachelors,Dhaka,6,146195,17492.22,81.85,8,27,1,2,74,3,10,10,22,Yes
56,Female,Masters,Khulna,10,86445,6453.97,99.34,23,6,2,5,23,1,4,2,44,Yes
51,Male,Bachelors,Rajshahi,10,46854,7477.88,93.57,19,13,2,5,25,3,7,9,21,No
51,Female,High School,Barisal,9,75796,14859.6,90.13,23,1,0,1,64,0,10,9,43,Yes
56,Male,Bachelors,Rajshahi,5,84432,10168.7,98.04,20,22,2,5,18,0,10,4,8,No
40,Female,Bachelors,Sylhet,4,32111,4651.45,79.05,12,21,4,5,17,2,8,4,31,No
29,Male,Bachelors,Rajshahi,11,87575,10040.15,78.48,18,24,0,2,82,3,2,4,25,Yes
47,Female,Bachelors,Dhaka,6,125380,8872.9,89.09,9,9,1,1,43,3,1,1,28,Yes
28,Male,Bachelors,Rajshahi,8,39099,7647.11,76.42,5,22,4,1,42,3,6,5,41,Yes
51,Male,PhD,Dhaka,14,123871,8601.21,91.6,23,29,4,2,95,3,2,6,18,Yes
28,Male,High School,Dhaka,1,30029,2004.26,81.02,9,12,0,2,16,1,8,4,47,Yes
24,Male,Bachelors,Chittagong,7,30793,3660.55,77.98,7,12,1,1,91,1,5,8,28,No
22,Other,Bachelors,Sylhet,8,63106,9392.26,85.24,21,26,0,4,30,0,2,3,34,Yes
57,Male,Bachelors,Khulna,9,100662,10392.19,86.65,11,4,3,2,14,3,5,9,11,No
46,Male,High School,Dhaka,11,147044,11598.47,79.26,21,19,3,2,80,2,2,7,7,Yes
