Age,Gender,Educational Qualification,Location,Tenure,Monthly Salary,Incentive Earnings,Attendance %,Leave Utilization,Distance from Workplace,Number of Transfers,Performance Rating,Training Hours,Promotion History,Manager Effectiveness Score,Employee Engagement Score,Overtime Hours,Previous Attrition Label
39,Male,Bachelors,Rajshahi,11,79623,8047.7,92.84,19,15,4,5,91,3,10,2,27,No
49,Male,High School,Dhaka,14,148125,29530.61,90.62,20,3,3,2,79,0,1,5,28,Yes
56,Female,Bachelors,Rajshahi,2,68474,10296.0,75.49,11,6,0,3,94,2,6,10,15,No
55,Male,Bachelors,Khulna,9,102046,16620.42,94.95,11,7,3,2,24,2,7,2,12,No
34,Female,Bachelors,Barisal,5,88948,17588.61,97.03,22,5,1,4,27,2,10,7,29,No
44,Male,Masters,Chittagong,9,85408,14526.91,79.54,12,12,3,3,27,2,10,3,0,No
53,Female,High School,Sylhet,1,88555,15819.82,95.29,16,29,2,4,63,3,7,3,38,No
26,Female,Bachelors,Dhaka,7,109955,15841.34,99.31,20,5,0,1,95,3,8,1,46,Yes
24,Male,Masters,Chittagong,10,133003,22802.88,87.23,24,20,1,4,44,0,5,7,48,Yes
45,Male,Masters,Sylhet,6,149376,15169.81,79.39,14,28,0,5,54,3,8,6,29,No
26,Male,High School,Barisal,1,100916,16399.88,76.51,20,6,4,4,50,3,6,3,7,No
27,Female,Bachelors,Dhaka,4,122769,12157.52,83.63,21,9,3,5,83,1,9,10,43,Yes
42,Female,Bachelors,Barisal,6,107942,12909.98,75.92,10,27,4,4,57,0,2,7,26,Yes
38,Male,PhD,Sylhet,7,116545,11920.97,77.18,8,21,2,3,33,2,9,10,48,Yes
54,Other,High School,Rajshahi,10,34710,6061.88,87.89,18,5,2,5,15,3,5,8,27,No
26,Female,Masters,Sylhet,13,38138,6644.7,95.48,24,2,3,4,91,1,7,4,16,No
46,Male,Bachelors,Khulna,14,113768,21255.08,91.5,9,12,1,4,54,3,2,10,12,No
23,Male,High School,Khulna,3,138876,10311.52,79.3,21,7,2,3,40,3,2,6,35,Yes
24,Female,Bachelors,Chittagong,7,17098,2404.79,95.61,22,27,3,2,17,1,7,1,0,Yes
48,Other,Bachelors,Sylhet,5,148069,16365.04,83.15,18,20,2,1,78,3,4,3,41,Yes
38,Male,Bachelors,Chittagong,1,100173,9415.15,99.39,9,23,3,5,68,3,2,3,7,Yes
37,Female,High School,Chittagong,2,77947,9968.04,85.4,24,29,1,1,37,1,7,4,28,Yes
32,Male,Bachelors,Khulna,6,41360,7653.08,90.97,15,26,1,4,17,1,7,1,31,No
50,Female,High School,Barisal,14,46195,4624.1,77.24,14,13,4,1,50,2,7,8,41,Yes
54,Female,Masters,Barisal,12,92535,5023.01,86.83,17,29,0,1,58,0,10,1,22,Yes
24,Male,Bachelors,Barisal,1,102498,8356.05,87.98,24,24,3,5,63,2,3,10,11,No
54,Male,Bachelors,Dhaka,2,42083,8197.61,98.03,20,18,4,5,73,2,4,1,3,No
58,Female,Bachelors,Chittagong,6,49685,5596.69,75.11,18,15,1,1,43,1,2,8,32,Yes
54,Male,PhD,Chittagong,1,32429,5577.83,88.93,20,10,1,2,88,3,2,3,8,Yes
31,Female,Bachelors,Dhaka,11,72175,13578.28,87.83,8,29,0,4,29,2,5,9,24,No
58,Male,Bachelors,Sylhet,13,130370,9520.51,79.24,20,8,0,5,56,0,7,8,19,No
50,Male,Masters,Barisal,5,110898,11067.96,86.14,11,18,2,1,81,2,2,7,41,Yes
35,Male,Bachelors,Chittagong,10,40261,5087.45,98.86,18,20,0,4,21,3,10,7,40,No
34,Male,Bachelors,Khulna,7,132201,15530.58,91.23,20,29,0,1,76,2,4,10,14,Yes
36,Male,High School,Khulna,10,69287,4208.54,97.44,22,24,1,2,21,3,6,10,5,No
37,Male,Masters,Barisal,8,35539,4343.28,85.43,5,4,0,1,34,0,2,8,41,Yes
53,Female,High School,Chittagong,10,80349,7381.33,77.61,7,28,4,2,66,2,4,2,4,Yes
28,Female,Bachelors,Khulna,1,103520,8124.76,84.74,7,18,3,4,92,3,9,2,3,No
29,Female,High School,Dhaka,1,148394,20268.92,80.75,5,24,3,2,86,3,7,8,0,No
46,Female,Masters,Chittagong,8,88785,16405.91,96.5,18,5,3,2,20,2,7,7,45,Yes
40,Male,Masters,Dhaka,12,45783,7924.74,83.09,20,7,3,5,76,0,2,1,0,Yes
52,Male,Bachelors,Sylhet,12,58569,9577.6,83.11,5,28,0,5,44,3,10,5,24,No
48,Male,High School,Khulna,2,97061,7553.07,83.78,6,11,4,4,87,0,1,8,29,Yes
38,Female,Bachelors,Sylhet,6,81903,6626.36,77.11,15,26,3,2,17,2,6,2,39,Yes
49,Male,Bachelors,Dhaka,8,51814,4075.38,95.7,18,1,3,2,81,0,7,1,34,No
35,Other,Masters,Barisal,12,54198,7488.46,85.83,5,25,0,1,97,3,7,5,36,No
22,Male,Bachelors,Rajshahi,11,36514,6106.68,77.3,17,26,0,5,33,2,6,3,23,No
33,Male,Bachelors,Chittagong,6,57877,7130.93,88.11,15,11,4,1,76,1,6,5,34,No
47,Male,Masters,Sylhet,8,103108,17308.46,93.45,11,23,1,1,53,3,9,6,33,No
58,Female,Masters,Sylhet,2,143987,18777.72,82.73,12,11,0,5,83,0,2,5,34,No
51,Male,Masters,Chittagong,12,88702,8591.55,94.63,21,26,0,1,78,0,2,5,24,Yes
40,Male,Bachelors,Rajshahi,3,32260,1966.56,86.9,9,23,0,1,40,3,10,7,9,No
56,Male,PhD,Chittagong,10,135544,20365.48,85.49,8,20,3,5,84,3,4,4,29,No
41,Female,Bachelors,Khulna,13,118126,22633.65,84.89,8,15,0,4,65,1,5,9,22,No
22,Male,Bachelors,Sylhet,6,28676,3068.89,76.96,18,7,2,3,52,0,9,9,4,No
38,Male,Masters,Rajshahi,8,85060,9638.06,92.89,11,15,0,5,79,0,1,1,14,No
46,Female,Masters,Sylhet,9,60324,7075.31,94.11,12,8,2,4,55,3,5,8,9,No
31,Female,Masters,Rajshahi,12,115176,12972.34,83.42,9,19,1,4,63,1,9,6,3,No
47,Male,High School,Chittagong,10,145751,24065.89,77.74,20,25,0,2,59,2,7,6,42,Yes
55,Male,PhD,Barisal,13,135620,24135.79,94.0,14,16,4,1,44,3,6,4,42,Yes
31,Female,Masters,Rajshahi,5,99547,8912.95,78.1,14,12,0,3,46,0,2,8,44,Yes
44,Other,Bachelors,Sylhet,12,33184,5624.08,86.56,10,14,1,2,11,1,7,2,11,No
31,Female,Bachelors,Khulna,8,57178,5838.3,78.98,24,4,1,3,65,3,2,6,14,No
28,Male,Bachelors,Khulna,8,119340,11867.02,77.07,23,7,3,1,44,0,6,5,5,No
29,Male,Masters,Khulna,1,67507,4722.24,91.32,17,19,0,4,16,2,8,9,13,No
53,Male,Masters,Khulna,6,15074,1074.73,78.2,9,29,2,3,32,2,9,9,11,Yes
35,Female,Bachelors,Sylhet,3,101304,13213.69,97.73,5,16,1,4,24,3,9,6,47,Yes
58,Female,Bachelors,Chittagong,3,70467,5843.36,82.79,6,7,1,3,67,1,8,8,31,No
26,Male,Bachelors,Barisal,5,54250,3297.92,94.41,16,28,2,4,99,0,10,5,17,No
25,Male,Bachelors,Dhaka,3,89352,14002.54,84.62,15,10,3,2,49,1,7,4,33,No
42,Male,Masters,Sylhet,9,33420,4069.99,94.22,8,20,1,1,93,0,3,10,0,No
40,Male,Masters,Chittagong,12,92190,8033.57,93.21,8,29,0,1,86,2,10,9,3,Yes
48,Male,High School,Chittagong,3,29766,2896.87,81.48,10,15,4,4,32,3,9,9,29,No
40,Female,Bachelors,Rajshahi,1,83367,4497.44,95.91,17,4,2,3,21,0,6,3,40,No
55,Male,High School,Chittagong,14,93486,7870.71,97.83,17,8,1,4,39,3,1,6,45,Yes
32,Male,Bachelors,Rajshahi,4,113564,11525.24,90.29,16,20,4,5,37,3,7,1,6,No
48,Female,Masters,Dhaka,4,68613,12797.69,91.24,11,16,3,3,48,3,9,9,2,No
23,Female,High School,Chittagong,5,15175,1035.1,93.48,14,16,2,1,94,1,1,3,11,Yes
34,Male,High School,Dhaka,10,23165,1851.51,78.03,12,20,3,3,10,1,5,7,25,No
38,Male,Bachelors,Barisal,11,109671,12322.03,95.88,23,24,4,4,75,1,2,8,26,No
27,Male,Bachelors,Dhaka,7,18012,2228.43,98.11,20,11,1,1,72,3,2,7,41,Yes
34,Male,Bachelors,Sylhet,13,147563,18154.88,81.23,12,3,1,3,83,0,9,10,20,No
52,Other,PhD,Dhaka,5,41535,5134.68,88.52,5,10,4,5,30,1,9,10,17,No
30,Female,Bachelors,Barisal,10,31756,5648.21,97.13,11,11,2,2,31,3,2,5,46,Yes
51,Male,Masters,Dhaka,12,141938,23496.15,91.68,10,28,3,3,82,2,3,2,14,No
27,Female,PhD,Chittagong,1,89643,16615.54,88.01,15,16,4,2,11,3,1,4,32,Yes
37,Male,Masters,Barisal,13,128152,15624.61,93.56,14,29,0,3,93,3,6,1,25,No
42,Male,Bachelors,Dhaka,4,57885,4179.48,78.42,8,11,4,1,25,3,2,10,7,Yes
59,Female,Bachelors,Sylhet,6,109016,14314.92,91.99,19,9,3,1,41,1,3,4,14,No
49,Male,Bachelors,Rajshahi,2,117444,13357.95,93.45,6,5,1,4,11,1,8,4,34,No
43,Male,Bachelors,Chittagong,4,132748,17473.25,91.03,20,29,1,3,91,0,3,3,6,No
29,Male,Bachelors,Sylhet,5,132133,24824.16,94.19,21,10,0,2,39,3,5,5,26,No
27,Female,High School,Barisal,2,103032,17438.75,83.07,16,16,4,3,75,3,1,4,6,No
55,Female,Bachelors,Sylhet,3,90728,14477.5,86.13,12,7,3,2,55,2,2,1,42,Yes
35,Male,Bachelors,Khulna,6,142821,25788.65,91.15,24,23,2,5,90,0,6,9,36,No
54,Male,Bachelors,Sylhet,9,83190,6782.49,75.85,9,28,1,4,94,2,3,9,9,No
41,Male,Masters,Rajshahi,1,79147,5043.59,79.38,12,19,1,5,92,3,6,3,46,Yes
52,Female,Masters,Sylhet,14,20273,3549.26,83.57,24,13,0,1,53,0,2,9,13,Yes
53,Male,Masters,Khulna,12,65437,8750.92,92.82,10,9,3,4,52,3,9,8,41,Yes
53,Other,Bachelors,Khulna,5,44580,8201.91,95.45,24,9,4,4,26,2,10,7,6,No
50,Male,Masters,Sylhet,1,98568,8773.62,85.15,15,24,2,1,90,1,9,3,15,No
40,Male,Bachelors,Dhaka,3,125663,15291.99,85.37,7,5,4,5,15,3,9,5,44,Yes
51,Female,PhD,Barisal,5,108741,21176.96,91.39,6,19,1,1,54,1,3,8,30,No
31,Female,Bachelors,Barisal,8,118377,10816.18,87.17,9,28,3,3,52,1,7,1,18,No
24,Female,Bachelors,Khulna,5,52606,7626.03,85.54,7,11,0,2,16,1,4,4,43,Yes
27,Male,High School,Chittagong,13,98617,16898.4,92.28,21,12,0,4,34,3,4,5,32,No
51,Male,Bachelors,Rajshahi,9,63561,7114.83,81.03,7,26,1,1,59,3,8,3,35,Yes
58,Female,Bachelors,Rajshahi,14,87268,11776.0,82.2,10,7,4,1,76,3,3,2,0,No
54,Female,Bachelors,Barisal,8,29881,4651.13,88.39,17,22,2,2,96,3,6,10,24,No
58,Female,Bachelors,Sylhet,3,110833,21201.07,82.29,15,1,0,5,60,2,5,9,15,No
57,Female,High School,Chittagong,8,142593,22553.07,96.37,19,14,0,1,43,0,8,4,17,No
43,Male,Masters,Chittagong,4,112901,6272.06,90.61,12,11,1,1,22,3,7,8,42,Yes
38,Male,Bachelors,Barisal,1,93867,5455.68,97.85,17,6,2,5,99,0,9,6,14,No
34,Female,Bachelors,Dhaka,12,73451,13223.24,91.02,19,15,1,5,14,0,1,9,7,Yes
40,Male,High School,Dhaka,3,20313,1408.66,95.4,18,19,4,2,80,1,8,10,47,Yes
39,Female,Bachelors,Chittagong,6,122907,12675.37,85.92,18,7,4,5,94,3,10,3,20,No
24,Male,Bachelors,Barisal,3,80965,8219.71,96.61,24,3,4,2,85,0,2,8,28,Yes
22,Male,High School,Barisal,1,46940,8386.53,90.93,9,24,0,2,58,2,3,10,42,Yes
30,Female,Bachelors,Khulna,7,80161,13569.34,96.05,9,9,4,2,56,3,6,10,19,No
27,Female,Bachelors,Chittagong,5,121689,17173.15,76.28,14,22,2,1,23,1,5,8,36,No
59,Male,Masters,Dhaka,3,45692,3777.39,91.88,9,10,4,5,60,0,7,1,23,No
43,Other,Bachelors,Rajshahi,1,132877,12936.63,95.13,10,19,3,2,32,1,7,3,6,No
52,Male,High School,Barisal,11,105416,17543.5,77.19,19,16,3,3,11,3,10,4,13,No
50,Female,Bachelors,Chittagong,13,17560,3505.87,84.05,7,9,0,3,20,2,10,8,38,No
30,Female,Bachelors,Barisal,5,145227,25572.27,81.92,7,27,3,2,67,3,5,10,46,Yes
49,Female,Bachelors,Sylhet,6,87192,8446.77,89.82,6,5,1,5,94,3,1,4,42,Yes
34,Female,Masters,Barisal,13,25503,2520.93,82.18,12,22,0,3,89,1,3,4,43,Yes
38,Female,Bachelors,Rajshahi,7,99203,19349.39,97.14,6,2,3,3,51,0,10,7,36,No
49,Female,PhD,Chittagong,6,26065,3320.02,82.68,11,8,1,5,20,0,9,2,4,No
56,Female,Masters,Sylhet,7,147721,23025.09,81.14,16,19,2,5,32,3,6,8,13,No
29,Female,Bachelors,Barisal,14,18595,1494.74,77.86,18,17,1,1,77,0,3,7,35,Yes
58,Female,High School,Khulna,2,110435,18719.91,80.45,14,29,1,3,43,3,6,9,4,No
29,Male,Bachelors,Rajshahi,9,56029,10362.68,75.89,21,4,1,1,88,3,5,3,21,No
46,Male,Bachelors,Dhaka,7,58258,3534.31,83.0,7,10,4,1,10,3,1,7,10,Yes
53,Other,PhD,Barisal,9,80874,15382.74,88.55,24,20,0,5,32,3,5,2,38,No
48,Other,Bachelors,Rajshahi,2,23629,4598.58,87.88,7,13,4,4,35,3,5,7,41,Yes
36,Male,Bachelors,Khulna,5,105459,9657.98,88.24,8,2,3,4,20,3,2,3,15,Yes
44,Male,Bachelors,Chittagong,6,32854,5158.65,95.16,8,6,0,5,91,1,3,3,8,No
25,Male,Masters,Khulna,11,104751,20527.96,83.26,23,13,3,4,72,3,6,1,42,Yes
33,Male,High School,Sylhet,13,64022,12557.62,91.46,6,4,2,5,65,2,4,2,46,Yes
33,Male,Masters,Rajshahi,8,70171,12469.28,98.93,5,8,1,5,86,3,4,10,7,No
53,Male,High School,Barisal,12,134595,13832.7,76.42,18,28,4,3,67,3,10,10,27,No
42,Female,PhD,Sylhet,13,86755,7217.76,80.6,13,6,0,5,93,3,4,10,39,No
32,Female,High School,Khulna,8,145682,15548.97,93.6,18,8,3,2,68,3,9,2,16,No
46,Male,High School,Dhaka,3,40632,2517.89,92.97,17,23,2,5,61,0,2,8,11,Yes
40,Male,Masters,Rajshahi,11,65355,4606.55,98.06,19,8,0,1,14,2,6,2,10,No
55,Male,Masters,Dhaka,3,50296,5496.7,94.69,10,10,3,1,73,1,9,10,29,No
57,Male,Bachelors,Barisal,9,95670,18954.97,75.91,11,28,3,2,70,0,7,5,46,Yes
51,Female,Masters,Khulna,7,78978,7150.29,75.5,15,12,1,4,63,2,8,4,0,No
58,Male,Bachelors,Chittagong,9,53543,9018.72,86.54,14,9,2,1,66,0,9,5,45,Yes
26,Male,Bachelors,Chittagong,10,141948,27846.09,78.53,19,2,4,3,12,2,5,8,10,No
29,Male,Masters,Chittagong,9,108394,21135.89,99.52,11,7,3,1,74,3,6,5,31,No
40,Male,Bachelors,Khulna,2,108098,21356.64,81.2,24,19,3,3,62,2,4,2,11,No
32,Male,High School,Rajshahi,13,73246,11007.28,99.51,18,7,0,3,11,1,9,4,24,No
36,Female,Bachelors,Khulna,12,33300,5805.07,86.06,23,17,1,5,47,1,1,4,1,Yes
59,Female,High School,Barisal,11,143941,22917.34,97.96,19,4,3,4,91,1,7,5,44,Yes
23,Female,Bachelors,Khulna,1,123768,9622.19,78.34,16,25,4,4,10,3,2,5,18,Yes
37,Female,High School,Dhaka,2,97235,9508.24,85.56,24,18,2,2,77,2,4,6,25,No
43,Female,Masters,Dhaka,7,123363,14046.24,94.42,7,27,3,1,11,0,3,9,6,Yes
38,Male,Bachelors,Dhaka,7,52825,8427.55,81.32,12,5,3,3,41,0,8,6,16,No
33,Male,Masters,Rajshahi,8,80488,14384.91,97.26,23,8,3,5,34,1,6,9,9,No
35,Male,Bachelors,Dhaka,11,136866,7509.19,95.0,12,11,2,4,88,1,6,3,16,No
29,Male,Bachelors,Khulna,11,19268,1676.33,94.53,15,27,1,1,76,2,2,5,20,Yes
38,Female,Bachelors,Sylhet,6,68686,8051.67,90.4,5,3,2,1,24,3,9,10,30,No
53,Female,High School,Khulna,7,67388,7274.7,76.67,5,23,0,5,89,1,1,8,14,Yes
51,Male,Bachelors,Sylhet,8,98373,9391.78,75.39,24,10,2,2,71,0,5,10,39,No
25,Female,Bachelors,Rajshahi,12,85710,12069.34,95.6,24,28,4,4,68,0,8,9,2,No
47,Female,Masters,Barisal,3,107839,16207.18,93.24,20,21,0,1,81,3,5,2,36,No
51,Male,Bachelors,Khulna,7,126789,8982.43,85.65,16,28,0,5,41,3,2,4,26,Yes
34,Male,Bachelors,Chittagong,5,138349,9033.1,82.44,8,4,2,2,22,3,9,1,14,No
40,Male,High School,Rajshahi,10,79215,6017.94,84.29,10,18,3,1,51,0,3,3,30,No
22,Male,Bachelors,Barisal,8,148005,22092.21,78.71,5,8,2,3,36,2,9,3,24,No
25,Female,Masters,Khulna,11,95255,11015.25,91.12,18,26,2,3,78,3,2,8,32,Yes
43,Male,High School,Rajshahi,14,103540,15336.68,86.67,8,17,3,3,96,1,3,2,27,No
26,Male,High School,Dhaka,2,106297,7583.43,97.82,15,12,2,5,25,3,1,7,44,Yes
29,Other,High School,Khulna,11,134787,17434.04,81.76,12,21,0,5,67,0,6,4,15,No
58,Female,Masters,Sylhet,8,97529,18664.8,96.44,5,3,2,1,70,0,6,1,19,No
30,Female,Masters,Barisal,14,69193,4156.59,87.33,21,18,2,1,92,0,5,2,37,No
30,Other,Bachelors,Barisal,2,36977,2981.92,97.25,11,29,0,3,32,2,9,10,13,No
45,Male,High School,Dhaka,13,123295,16884.27,94.19,23,26,2,1,19,3,8,8,45,Yes
31,Female,Bachelors,Khulna,2,94608,10454.63,80.59,10,9,2,4,39,0,4,3,33,No
26,Female,Masters,Dhaka,8,47561,8784.67,92.86,24,2,4,4,56,3,8,5,4,No
30,Other,High School,Chittagong,3,67030,12353.19,97.33,12,18,4,1,19,0,6,9,26,No
59,Female,Bachelors,Chittagong,8,77816,13430.47,84.46,12,18,4,3,29,3,7,10,3,No
43,Female,High School,Chittagong,13,134117,17958.97,82.21,6,13,0,1,82,0,1,1,20,Yes
49,Other,High School,Sylhet,4,58488,11121.23,81.47,17,1,1,1,60,2,8,6,15,No
25,Male,Masters,Rajshahi,14,27245,3520.4,79.38,18,27,3,3,35,3,3,5,35,No
33,Male,Bachelors,Barisal,10,83604,14919.18,77.09,7,26,4,1,45,1,4,5,11,Yes
37,Male,Masters,Dhaka,6,111712,13812.87,98.35,16,24,4,2,65,3,7,4,40,No
55,Female,Bachelors,Dhaka,3,85773,5980.58,87.62,21,17,4,1,86,2,4,6,3,No
53,Female,Bachelors,Chittagong,10,67159,9406.68,80.87,14,11,3,5,23,2,4,5,15,No
37,Male,Bachelors,Barisal,12,26242,1801.89,96.27,18,12,0,1,52,3,9,6,36,No
24,Male,Bachelors,Rajshahi,13,25805,1547.73,76.43,12,19,0,2,34,3,10,5,21,No
55,Female,High School,Chittagong,3,44925,3357.44,92.62,17,15,0,3,27,1,3,5,39,No
37,Female,High School,Dhaka,14,109662,5894.68,88.86,22,18,4,4,45,0,5,3,47,Yes
26,Male,Bachelors,Sylhet,10,121867,11533.23,92.72,10,23,1,1,16,1,4,8,45,Yes
56,Male,Bachelors,Dhaka,11,61058,6608.37,82.15,17,27,0,4,69,0,1,2,7,Yes
53,Female,Bachelors,Khulna,14,50446,4277.97,88.43,19,8,4,2,50,3,7,5,42,Yes
28,Male,Masters,Khulna,2,17169,1471.11,85.23,21,26,4,5,66,0,10,7,9,Yes
22,Male,Bachelors,Sylhet,14,52403,3566.47,87.32,24,7,2,2,14,2,3,10,12,No
45,Female,Masters,Sylhet,11,57549,6882.95,75.63,9,2,4,2,13,3,4,4,14,No
36,Male,Bachelors,Khulna,7,40445,4333.7,85.08,7,4,3,1,69,1,3,4,12,No
29,Male,High School,Barisal,6,43869,7632.69,90.66,6,7,4,2,15,0,7,6,2,No
26,Female,Bachelors,Rajshahi,10,33234,1891.24,80.67,5,25,0,2,75,0,10,8,29,No
30,Male,Masters,Sylhet,12,26588,2290.92,75.24,12,10,3,2,70,3,10,7,19,No
58,Female,Bachelors,Dhaka,6,111120,15077.11,79.71,20,4,0,3,92,3,2,5,47,Yes
23,Male,Bachelors,Khulna,10,75111,4139.89,78.78,14,19,3,2,48,3,6,3,2,No
41,Male,Bachelors,Rajshahi,9,84995,14287.28,99.44,11,14,3,3,70,3,8,3,9,No
44,Male,Bachelors,Barisal,5,24921,2147.17,86.37,23,20,2,5,60,2,9,6,37,No
35,Female,Bachelors,Chittagong,10,145256,18621.69,76.16,24,7,3,5,16,2,8,10,16,No
28,Female,High School,Chittagong,13,50828,8857.44,92.44,7,16,0,3,39,3,1,7,18,Yes
43,Female,Bachelors,Rajshahi,12,147930,12022.16,98.06,9,1,0,3,72,3,2,7,5,Yes
51,Male,Bachelors,Sylhet,7,56631,3263.46,92.21,16,25,4,2,19,2,4,4,44,Yes
36,Male,Bachelors,Chittagong,13,60311,8855.51,89.36,15,11,2,3,22,1,6,1,19,No
33,Male,Bachelors,Sylhet,2,31958,2082.91,97.73,15,27,2,3,15,1,7,1,26,No
32,Male,High School,Chittagong,12,43047,4502.92,93.27,8,19,0,1,36,3,8,2,31,No
43,Other,Bachelors,Dhaka,11,33005,5307.52,99.48,12,16,0,3,96,1,6,5,32,No
49,Female,High School,Chittagong,2,72083,4804.04,86.93,16,25,2,4,20,3,9,10,13,No
45,Female,Masters,Sylhet,5,21337,3482.2,88.05,5,10,4,3,20,1,3,10,42,Yes
44,Male,Bachelors,Chittagong,9,102920,7140.1,76.22,24,21,4,1,24,0,2,8,18,Yes
32,Male,Bachelors,Chittagong,8,116433,20081.68,92.24,8,21,3,3,71,3,6,5,12,No
55,Male,Masters,Sylhet,3,33055,3734.95,81.43,6,4,0,5,89,3,8,9,43,Yes
40,Male,High School,Chittagong,5,28982,2532.74,96.26,23,25,0,3,31,0,8,4,35,No
25,Male,Bachelors,Chittagong,7,137247,7107.43,80.23,21,8,4,5,33,1,3,2,42,Yes
48,Female,PhD,Chittagong,6,95513,7263.93,97.06,20,17,0,5,21,0,4,10,45,Yes
42,Female,Bachelors,Khulna,6,116836,10617.39,87.45,15,11,1,3,68,2,10,3,45,Yes
42,Other,Bachelors,Khulna,10,62215,11660.15,78.81,14,8,4,5,78,1,7,2,47,Yes
48,Female,Bachelors,Rajshahi,13,123558,19715.68,82.52,8,16,0,3,98,2,8,3,33,No
25,Female,Masters,Chittagong,7,146794,21198.75,87.64,5,29,4,3,47,1,6,2,16,No
57,Male,Masters,Dhaka,7,62509,10312.78,90.04,8,13,4,5,57,3,3,7,22,No
34,Female,Masters,Dhaka,5,83926,8525.28,90.32,9,14,0,5,56,1,1,3,17,Yes
41,Male,Bachelors,Khulna,9,53894,3070.52,80.15,13,12,4,4,84,3,7,3,37,No
53,Female,Masters,Sylhet,14,42695,3366.86,78.98,20,18,4,1,92,0,1,4,12,Yes
27,Male,PhD,Dhaka,8,49652,6474.85,81.52,22,6,3,3,93,3,3,1,11,No
44,Male,Bachelors,Chittagong,6,105241,14206.06,99.04,6,18,3,3,91,2,1,8,3,Yes
45,Male,Masters,Sylhet,12,48696,8222.17,87.16,20,22,4,5,42,3,10,9,3,No
41,Male,Masters,Rajshahi,5,133390,17776.1,80.24,22,20,4,2,95,2,4,4,19,No
54,Male,Masters,Chittagong,1,117710,9261.81,81.45,7,2,4,1,68,3,10,1,18,No
24,Female,Bachelors,Chittagong,11,56360,6991.24,78.2,21,23,0,1,42,2,5,8,28,No
41,Female,Bachelors,Dhaka,5,90132,11461.53,86.0,6,10,2,1,11,2,9,8,6,No
25,Female,Masters,Rajshahi,5,118187,17051.48,98.95,19,5,2,3,55,1,8,2,34,No
39,Other,Bachelors,Rajshahi,4,79711,9196.66,98.23,20,12,1,4,47,2,4,5,4,No
23,Male,High School,Khulna,4,32922,6109.5,86.62,7,7,1,2,99,1,2,4,29,Yes
26,Male,High School,Rajshahi,1,19941,1268.63,79.63,11,21,3,5,90,1,1,7,4,Yes
52,Male,Masters,Chittagong,4,28976,5256.33,77.19,13,9,0,3,37,3,9,6,47,Yes
55,Male,Bachelors,Sylhet,4,126047,8227.76,96.6,9,24,0,2,50,2,7,2,15,No
50,Male,Bachelors,Sylhet,12,103027,12101.18,75.62,8,3,0,3,67,3,7,7,23,No
30,Female,Bachelors,Sylhet,1,107841,7773.91,79.85,19,28,2,5,71,3,5,10,41,Yes
40,Female,Masters,Barisal,8,31508,2563.71,84.13,5,21,1,3,60,1,10,9,20,No
37,Male,Bachelors,Chittagong,13,103815,13797.88,99.19,22,5,1,3,54,1,1,5,2,Yes
42,Male,Bachelors,Barisal,9,18493,2178.01,76.46,21,8,2,5,30,1,5,3,47,Yes
44,Female,High School,Chittagong,1,67933,12849.62,77.94,14,9,4,1,33,2,6,5,12,No
24,Male,PhD,Sylhet,12,65710,7478.31,75.46,17,16,1,1,82,1,8,9,33,No
50,Male,High School,Chittagong,13,94739,15573.18,87.66,23,7,1,2,85,2,2,4,17,Yes
47,Male,Bachelors,Rajshahi,14,114835,5953.25,78.71,12,15,2,4,37,3,1,9,3,Yes
52,Female,Bachelors,Rajshahi,3,66830,12761.07,98.42,12,3,4,3,90,1,8,10,11,No
43,Male,Bachelors,Chittagong,12,148057,26759.13,78.3,10,5,2,1,86,0,1,3,14,Yes
44,Female,Bachelors,Rajshahi,4,25175,4672.42,94.46,20,22,3,3,63,3,10,1,15,No
27,Female,Bachelors,Sylhet,2,129781,18612.72,93.54,19,12,0,2,51,1,2,3,7,Yes
24,Female,Bachelors,Barisal,12,15102,2539.08,76.17,17,7,3,5,26,1,3,7,2,No
27,Female,High School,Dhaka,4,72740,10156.59,94.16,13,7,0,3,58,2,4,7,45,Yes
55,Female,Bachelors,Chittagong,14,65451,6042.39,93.52,5,4,3,5,55,3,10,1,46,Yes
47,Female,High School,Chittagong,3,43655,4540.36,80.94,15,6,0,1,55,3,6,9,35,No
50,Male,Masters,Barisal,2,104465,9538.98,87.44,14,23,4,2,15,1,4,6,34,No
53,Male,Masters,Barisal,7,127486,13595.23,90.83,13,26,2,5,51,2,7,10,1,No
37,Male,Masters,Dhaka,1,67992,13077.35,91.69,22,12,3,3,45,3,10,5,42,Yes
41,Male,Masters,Barisal,1,104598,8144.17,93.43,10,10,4,3,37,0,9,9,37,No
53,Female,Bachelors,Dhaka,12,108355,7330.28,95.01,14,8,3,3,50,2,1,4,47,Yes
59,Male,High School,Rajshahi,13,111562,20116.21,77.65,18,2,1,5,82,3,6,5,17,No
49,Male,Bachelors,Dhaka,11,141749,17015.53,92.38,6,19,3,4,69,2,2,10,29,Yes
59,Male,Bachelors,Rajshahi,4,133966,25473.45,96.92,10,6,0,2,25,3,5,2,35,No
24,Male,Masters,Rajshahi,8,35883,5268.14,93.09,24,22,2,2,41,1,6,4,0,No
58,Male,High School,Rajshahi,1,107761,15860.52,99.38,10,17,3,1,77,0,7,8,22,No
45,Female,Masters,Chittagong,3,41373,6290.21,91.02,9,7,3,2,72,3,6,2,0,No
51,Female,High School,Sylhet,3,71889,7715.5,96.19,24,11,2,4,86,1,5,7,38,No
59,Female,Masters,Sylhet,12,82045,14061.4,92.7,17,29,4,2,47,2,8,7,39,Yes
25,Female,Bachelors,Khulna,5,78680,9249.12,92.09,18,11,2,2,46,1,9,2,26,No
43,Female,Bachelors,Chittagong,6,138316,24236.21,95.96,19,7,2,1,43,3,1,10,34,Yes
40,Male,Bachelors,Chittagong,4,138742,11478.76,87.44,21,12,1,1,68,1,4,3,38,No
58,Male,Masters,Dhaka,11,99041,13597.75,90.62,19,13,4,1,48,1,1,6,49,Yes
52,Male,High School,Barisal,7,54071,5211.47,99.02,16,6,3,5,46,0,9,6,43,Yes
40,Male,Bachelors,Khulna,12,57156,10036.23,92.19,15,14,1,2,87,1,2,3,19,Yes
36,Male,High School,Chittagong,4,38114,3903.59,82.43,10,3,4,4,67,2,6,9,33,No
32,Male,High School,Sylhet,7,100683,6187.1,80.95,6,2,3,1,90,3,9,3,35,No
45,Male,Bachelors,Sylhet,7,101600,11464.69,86.47,13,26,3,3,22,2,9,1,48,Yes
26,Male,High School,Barisal,1,25679,4226.76,76.55,8,13,0,3,12,2,6,9,27,No
54,Male,High School,Khulna,5,136631,12214.68,91.81,23,16,0,1,58,1,10,5,48,Yes
45,Female,Bachelors,Sylhet,12,20251,2974.27,86.59,9,4,0,4,96,3,2,10,38,Yes
56,Male,High School,Sylhet,5,17477,3128.0,80.7,5,5,0,2,24,2,3,1,14,Yes
59,Male,High School,Chittagong,3,127919,12707.88,90.49,22,24,0,4,47,3,9,4,15,No
24,Male,High School,Dhaka,6,100099,17018.52,93.65,7,2,2,3,32,3,2,8,28,Yes
23,Female,Bachelors,Sylhet,9,134182,24060.88,98.22,12,7,2,5,34,0,7,4,2,No
35,Male,Masters,Khulna,7,147458,14470.27,79.19,18,17,4,1,24,2,9,3,29,No
51,Female,Masters,Sylhet,5,131784,25002.0,99.55,24,19,2,2,35,3,10,1,23,No
25,Female,High School,Dhaka,12,108424,11551.5,84.26,14,24,4,3,67,0,8,2,18,No
42,Female,PhD,Khulna,3,102671,15248.97,77.95,12,8,3,3,80,0,3,1,34,No
49,Female,Bachelors,Dhaka,4,18246,2980.79,83.63,20,8,0,4,80,0,9,6,4,No
53,Male,Masters,Sylhet,7,80319,14523.72,89.13,16,26,0,1,50,1,5,1,40,Yes
37,Female,Masters,Sylhet,7,70919,7708.63,89.58,12,2,4,1,30,3,4,2,32,No
36,Male,PhD,Barisal,1,48911,9053.8,88.1,9,11,4,4,19,3,9,9,0,No
53,Male,Masters,Chittagong,4,84697,9518.55,82.51,19,5,1,2,49,2,4,1,18,No
49,Male,Bachelors,Rajshahi,11,37020,1982.3,94.76,11,21,2,2,41,0,3,6,48,Yes
27,Male,Bachelors,Dhaka,8,120947,17401.26,86.28,13,9,2,2,99,2,7,5,33,No
22,Male,Bachelors,Barisal,11,50770,4676.81,77.52,7,5,0,5,22,1,2,10,24,Yes
43,Female,Masters,Khulna,4,104106,12333.93,76.06,6,10,3,2,99,3,7,8,31,No
23,Male,Bachelors,Khulna,11,89893,17089.88,79.51,6,2,0,3,87,0,6,10,1,No
48,Male,High School,Dhaka,12,118012,19112.5,86.71,14,13,1,5,64,3,10,1,47,Yes
40,Female,Masters,Dhaka,7,36744,2164.41,83.63,18,25,0,2,76,2,4,9,26,No
49,Male,High School,Khulna,1,21709,4062.04,90.89,16,12,4,5,34,3,10,2,6,No
48,Female,Masters,Sylhet,13,87528,11841.48,92.53,22,11,1,3,36,1,9,4,47,Yes
28,Female,Masters,Dhaka,3,92518,12850.8,87.59,20,27,0,4,29,2,10,7,0,No
29,Male,Bachelors,Dhaka,11,135588,25724.78,95.3,7,23,0,2,83,3,9,5,7,No
50,Female,High School,Rajshahi,7,60801,3872.38,92.13,22,12,4,2,68,2,4,1,9,No
42,Other,Bachelors,Khulna,6,69087,8060.72,91.23,23,28,0,1,11,0,9,6,18,Yes
43,Other,Bachelors,Dhaka,2,35635,5608.99,96.62,17,29,0,1,85,1,2,10,38,Yes
48,Male,Bachelors,Chittagong,9,17664,1002.2,86.11,7,16,2,1,12,1,6,1,35,Yes
34,Female,Bachelors,Sylhet,13,131635,20966.04,98.92,8,17,4,3,14,2,10,1,18,No
42,Female,Masters,Rajshahi,7,35934,4150.7,79.83,8,1,2,3,83,3,9,10,0,No
22,Male,Masters,Sylhet,12,94070,15919.9,82.58,14,18,2,5,30,0,10,9,2,No
39,Other,Bachelors,Chittagong,10,59236,10482.12,75.63,13,24,2,2,77,2,4,9,47,Yes
23,Male,Masters,Rajshahi,14,135509,13391.43,92.62,13,6,1,3,95,0,8,4,11,No
22,Female,Bachelors,Dhaka,2,146429,15678.32,86.35,20,21,4,2,81,3,5,3,25,No
50,Male,Bachelors,Barisal,12,103178,15727.41,78.18,5,16,1,2,73,3,4,6,30,No
32,Male,Bachelors,Chittagong,9,72476,4029.12,86.58,24,19,0,2,83,0,3,1,5,No
32,Male,Bachelors,Dhaka,2,99079,14447.58,94.83,18,29,1,5,75,2,5,1,8,No
40,Male,Masters,Dhaka,2,83860,12258.27,79.13,7,22,0,5,66,3,3,8,11,No
54,Male,Bachelors,Sylhet,3,71271,6960.21,99.97,12,18,2,4,54,0,1,9,22,Yes
29,Other,Masters,Dhaka,4,90906,10342.48,88.67,15,4,0,2,83,2,6,10,13,No
50,Male,High School,Barisal,10,143991,19511.49,94.87,5,13,4,4,34,0,10,6,19,No
59,Female,Bachelors,Rajshahi,14,98325,8647.28,78.41,9,19,3,1,56,2,8,10,46,Yes
49,Female,High School,Rajshahi,1,83663,11053.12,84.62,20,15,3,2,60,1,10,1,7,No
24,Male,Masters,Barisal,12,114177,12087.55,86.84,9,9,3,3,17,0,4,1,28,No
30,Female,Bachelors,Sylhet,7,35775,6198.27,90.77,8,14,4,4,32,1,6,5,28,No
24,Female,Bachelors,Barisal,1,34416,6836.27,76.29,5,10,4,2,20,1,10,3,14,No
30,Female,Masters,Dhaka,3,102056,18448.72,83.76,5,21,1,1,12,2,5,7,48,Yes
55,Female,High School,Rajshahi,1,133276,11935.2,82.04,23,22,3,3,56,2,1,9,22,No
50,Female,Masters,Sylhet,14,86713,14816.75,82.97,20,13,4,4,68,3,8,8,4,No
35,Male,Bachelors,Chittagong,13,147611,29234.11,85.1,5,19,3,5,68,0,6,4,17,No
41,Female,Bachelors,Barisal,13,93533,6034.62,98.12,17,19,2,3,28,1,8,6,34,No
26,Female,PhD,Barisal,6,29081,2566.81,77.11,20,14,1,5,10,2,6,2,25,No
46,Female,Bachelors,Sylhet,3,63531,5797.12,83.6,18,2,4,3,40,3,1,4,4,No
27,Male,Bachelors,Sylhet,10,66051,4889.64,79.53,20,29,2,2,65,2,10,2,11,Yes
42,Female,Bachelors,Khulna,9,99297,8531.16,78.37,22,22,2,3,49,0,1,6,42,Yes
58,Male,High School,Dhaka,1,89129,7960.77,88.77,11,12,1,1,51,3,9,7,18,No
52,Male,High School,Dhaka,4,109605,15577.42,80.24,22,29,3,4,67,2,1,8,22,Yes
44,Male,High School,Rajshahi,6,116682,20176.47,99.57,24,13,2,1,23,0,2,9,11,Yes
22,Male,PhD,Chittagong,12,123520,18120.83,75.06,19,21,0,4,64,0,6,9,33,No
41,Male,Bachelors,Chittagong,12,72713,10827.4,92.23,13,16,2,1,57,3,4,2,46,Yes
34,Male,Bachelors,Sylhet,10,72936,11122.46,89.68,19,2,2,3,29,2,1,8,0,No
22,Male,Bachelors,Barisal,11,58051,3616.67,78.71,12,17,0,2,19,1,10,10,23,No
42,Other,Bachelors,Chittagong,3,149164,11937.83,81.06,20,6,0,3,74,2,1,5,2,No
32,Female,PhD,Chittagong,10,103276,14361.64,88.8,14,7,3,2,46,0,4,7,44,Yes
35,Female,Bachelors,Khulna,11,124746,16950.31,84.22,14,10,3,2,45,1,8,8,24,No
48,Female,Bachelors,Sylhet,5,82576,12794.12,89.39,14,29,2,3,51,1,7,3,38,No
22,Male,Bachelors,Khulna,9,24884,3476.35,78.59,11,21,0,5,50,3,10,6,22,No
49,Male,Masters,Barisal,4,39561,4647.74,86.33,7,11,1,1,89,3,2,10,10,Yes
24,Male,High School,Sylhet,6,91624,15415.72,92.02,16,7,3,2,15,1,3,6,24,No
26,Male,Masters,Chittagong,1,51941,3092.7,91.85,7,9,0,4,66,0,6,2,12,No
39,Female,Masters,Dhaka,7,135404,24990.75,86.04,23,24,3,3,27,1,2,6,11,No
37,Male,Bachelors,Chittagong,2,28007,5328.41,87.26,23,3,4,3,19,0,5,3,19,No
24,Other,Masters,Dhaka,10,107380,10394.58,92.48,11,22,0,2,19,3,7,3,37,No
58,Male,Bachelors,Khulna,5,72905,11249.42,80.9,19,8,1,1,62,0,8,7,17,No
30,Male,Masters,Khulna,12,118010,13247.37,89.3,12,8,1,5,15,3,4,9,30,No
58,Other,High School,Rajshahi,14,81797,12147.25,81.23,13,15,3,1,97,1,4,4,34,No
39,Female,Masters,Barisal,13,105272,19115.7,90.03,10,10,4,3,13,1,8,10,47,Yes
40,Male,Bachelors,Sylhet,6,102109,5451.74,93.04,7,10,3,2,89,0,6,9,28,No
57,Female,Bachelors,Barisal,7,71578,9201.85,87.84,22,9,0,3,29,2,8,6,15,No
27,Male,Masters,Dhaka,6,64576,10946.94,90.12,12,2,0,2,95,1,9,5,46,Yes
42,Male,Masters,Dhaka,1,96118,11585.68,92.16,21,22,0,3,73,2,5,9,39,No
25,Male,High School,Sylhet,13,62942,4301.39,95.8,9,3,0,2,24,1,10,8,43,Yes
39,Female,High School,Dhaka,11,40117,6924.08,92.44,5,7,1,2,70,1,4,3,28,No
41,Female,Bachelors,Rajshahi,7,58186,10668.62,82.47,23,18,3,2,88,0,4,2,10,No
57,Male,High School,Khulna,6,20830,2640.6,82.69,14,12,2,1,39,1,5,3,17,Yes
54,Other,Bachelors,Rajshahi,8,75717,5235.48,79.41,11,28,3,4,62,0,9,9,19,No
23,Male,Masters,Khulna,3,133852,25296.37,98.17,12,18,2,5,19,0,10,4,11,No
39,Female,Bachelors,Dhaka,11,86852,14458.24,89.72,23,19,2,2,13,2,2,3,15,Yes
56,Male,High School,Dhaka,2,122668,13810.12,78.16,8,22,1,2,66,0,7,8,9,No
53,Male,Masters,Rajshahi,2,133484,21393.34,94.26,20,28,4,5,62,2,6,1,11,No
53,Female,High School,Chittagong,7,129395,20697.32,95.64,21,11,3,1,34,0,6,9,23,No
26,Male,Bachelors,Khulna,5,38843,7316.78,85.08,17,1,4,2,16,1,9,2,1,No
51,Male,Bachelors,Khulna,10,93535,16049.01,85.99,23,12,2,3,16,3,2,9,37,No
54,Male,Bachelors,Chittagong,14,48420,9501.18,95.53,21,15,3,4,38,1,1,9,33,No
41,Female,Masters,Dhaka,8,88768,12488.58,95.05,6,1,2,4,72,2,9,4,29,No
39,Other,High School,Sylhet,14,36532,2941.4,82.12,19,18,1,4,83,2,8,6,2,No
57,Male,Bachelors,Rajshahi,7,79034,14159.63,98.87,8,5,3,4,47,3,3,5,18,No
34,Other,Bachelors,Sylhet,3,112559,14103.6,93.94,8,23,3,5,17,3,6,2,36,No
35,Male,Bachelors,Khulna,4,92704,8737.63,80.95,11,18,0,1,66,2,4,3,24,No
58,Male,Bachelors,Sylhet,7,103818,10784.36,92.68,15,27,3,2,29,3,1,2,30,Yes
45,Male,High School,Sylhet,9,47072,6110.34,83.34,20,2,4,5,44,1,3,2,33,No
56,Female,Masters,Sylhet,1,130198,22271.63,75.99,19,17,0,5,93,0,7,9,24,No
23,Other,Masters,Dhaka,3,51619,9704.86,79.58,17,6,3,1,64,3,10,8,30,No
29,Male,Bachelors,Khulna,1,59519,5610.25,94.58,24,8,4,4,69,3,8,6,41,Yes
51,Male,Bachelors,Chittagong,13,131318,10951.35,90.23,12,27,2,2,22,2,6,10,27,Yes
53,Male,High School,Dhaka,11,75732,10549.05,81.81,18,8,4,2,66,3,8,9,40,No
52,Male,Masters,Sylhet,3,83637,12507.84,93.96,15,27,0,3,13,3,9,7,33,No
28,Male,Bachelors,Khulna,5,47118,4694.53,85.9,12,12,1,2,87,2,5,4,8,No
52,Other,Masters,Rajshahi,2,124924,22946.71,82.92,6,15,2,2,75,1,8,7,16,No
30,Female,Masters,Barisal,13,30382,4435.6,91.67,15,5,4,5,25,1,10,5,4,No
34,Female,Bachelors,Dhaka,4,61210,4144.04,96.51,9,7,1,5,91,2,8,7,21,No
56,Male,Bachelors,Chittagong,5,43538,8288.02,76.73,5,23,2,4,56,0,3,4,36,No
42,Male,Bachelors,Chittagong,2,86740,10603.05,95.46,5,17,0,2,18,3,5,1,13,No
40,Female,Masters,Chittagong,2,46025,5427.6,97.01,24,13,0,2,71,0,4,8,32,No
27,Female,High School,Sylhet,5,99311,10741.65,87.09,14,28,2,3,17,3,1,9,13,Yes
51,Male,Masters,Barisal,4,115714,20930.72,90.71,24,5,4,1,70,3,6,2,36,No
44,Male,Bachelors,Dhaka,2,56438,4449.88,97.39,22,6,3,5,97,1,3,2,42,Yes
42,Female,Bachelors,Chittagong,3,115942,22534.33,95.55,12,20,1,1,22,1,1,3,44,Yes
52,Male,Bachelors,Sylhet,8,77577,12558.3,82.87,23,20,0,1,50,3,9,1,7,No
49,Male,Bachelors,Barisal,2,107005,14475.37,99.67,13,4,1,4,16,2,4,9,39,No
24,Other,Bachelors,Sylhet,1,47774,3718.26,99.82,15,4,3,5,10,1,3,8,14,No
55,Female,PhD,Chittagong,9,95333,11708.41,81.86,8,2,0,2,39,2,9,5,18,No
31,Male,Masters,Sylhet,2,18382,3362.7,82.95,5,3,0,5,36,3,2,2,16,Yes
33,Male,Masters,Dhaka,13,111960,21090.63,95.59,20,6,0,2,71,3,8,8,23,No
41,Male,Bachelors,Rajshahi,14,26077,3319.79,77.1,21,20,3,5,99,2,10,8,49,Yes
56,Male,Masters,Chittagong,11,79914,15389.15,92.27,10,23,3,5,40,1,4,8,38,No
46,Male,Masters,Chittagong,8,24464,2253.58,83.53,22,8,1,5,29,2,6,5,7,No
30,Male,Bachelors,Khulna,6,88778,6426.74,87.04,22,3,2,1,57,3,10,8,41,Yes
33,Male,Bachelors,Dhaka,12,110605,9100.16,88.82,21,1,4,2,48,3,1,1,30,Yes
55,Male,Bachelors,Chittagong,12,121027,18541.12,83.96,11,24,1,5,62,1,5,6,3,No
25,Male,Masters,Rajshahi,1,83375,5581.39,92.81,21,23,3,1,97,0,8,2,21,No
43,Female,High School,Chittagong,9,109101,12310.12,84.91,13,4,0,1,20,2,9,2,22,No
28,Male,Bachelors,Rajshahi,6,28227,3023.54,91.05,8,13,2,1,51,3,10,5,34,No
36,Female,Masters,Chittagong,9,104719,18233.51,91.39,10,26,2,2,13,3,9,8,36,Yes
47,Female,PhD,Dhaka,11,72788,8319.52,81.47,18,26,0,4,84,2,9,6,17,No
49,Female,Bachelors,Sylhet,14,114061,17541.89,75.7,13,28,3,2,48,2,4,10,15,Yes
30,Male,Bachelors,Khulna,2,144892,14290.23,82.14,18,16,3,3,32,2,2,2,47,Yes
24,Male,Bachelors,Chittagong,7,37840,6858.41,81.11,21,1,3,3,12,2,3,3,10,No
36,Male,Bachelors,Sylhet,1,29114,5554.52,98.12,10,17,3,2,23,2,2,6,31,Yes
43,Male,Bachelors,Khulna,11,17232,1401.27,96.09,10,14,2,3,26,3,1,2,30,Yes
49,Female,Bachelors,Chittagong,5,115571,17832.12,99.39,7,17,3,3,49,2,10,2,46,Yes
36,Male,High School,Barisal,10,33832,4898.62,89.27,8,14,2,4,17,1,7,9,12,No
49,Male,Masters,Sylhet,8,120464,19858.81,76.85,16,20,1,4,71,3,6,6,18,No
31,Other,Bachelors,Barisal,13,126439,22077.45,78.75,17,23,4,2,99,1,6,10,0,No
51,Male,Masters,Chittagong,10,67702,10419.46,80.81,16,20,4,4,30,0,1,8,34,No
47,Male,Bachelors,Dhaka,4,82308,7329.12,94.9,23,6,3,1,39,0,9,8,40,No
44,Male,High School,Khulna,5,34595,6786.84,91.96,16,1,0,5,35,0,4,3,30,No
22,Male,Masters,Khulna,7,87823,15381.76,94.24,12,18,0,1,49,1,4,4,12,No
35,Male,High School,Rajshahi,1,21720,1466.12,78.83,6,2,3,4,71,0,4,8,13,No
28,Female,Masters,Barisal,4,53468,10517.68,78.85,11,7,0,2,91,2,3,10,11,No
50,Male,PhD,Khulna,8,99608,11400.86,95.66,6,4,0,5,50,2,10,10,43,Yes
42,Male,Bachelors,Rajshahi,14,141626,20556.96,86.1,7,12,0,4,13,1,2,1,18,No
42,Female,Bachelors,Chittagong,10,75192,14219.19,78.16,22,14,0,5,45,1,1,3,48,Yes
22,Other,Bachelors,Dhaka,10,82881,11715.26,86.15,24,15,4,4,44,0,8,10,34,No
55,Female,Bachelors,Chittagong,7,22339,3085.43,86.3,13,16,4,5,71,1,8,3,31,No
32,Female,High School,Khulna,4,102186,16760.68,85.14,7,2,4,3,42,3,9,6,9,No
24,Male,Bachelors,Chittagong,12,108498,12943.71,76.29,20,9,0,3,19,2,4,1,25,No
22,Female,Bachelors,Sylhet,12,16743,1330.09,82.99,6,22,4,5,32,2,3,6,36,No
56,Male,Bachelors,Sylhet,7,135853,14133.59,79.27,11,11,3,1,98,2,6,5,30,No
42,Male,Masters,Khulna,1,144929,17721.35,75.97,21,24,3,5,39,2,6,4,41,Yes
28,Female,Bachelors,Sylhet,10,147153,21766.13,92.36,13,9,1,3,12,0,10,4,43,Yes
57,Female,Masters,Sylhet,3,59113,11805.09,91.33,13,10,0,1,46,0,8,6,17,No
40,Male,Bachelors,Dhaka,13,52788,7555.73,85.27,11,13,2,2,11,0,5,2,1,No
58,Female,Masters,Sylhet,7,71172,4279.41,79.13,14,18,4,4,71,0,9,8,8,No
27,Male,Bachelors,Sylhet,14,46174,5046.73,81.24,13,29,0,4,59,0,8,5,38,No
40,Male,Bachelors,Chittagong,1,93527,10677.32,92.59,5,29,4,1,93,2,6,1,21,Yes
46,Male,Bachelors,Khulna,6,36870,3817.62,85.72,12,19,2,1,87,0,7,2,27,No
34,Female,Bachelors,Chittagong,7,92920,12592.38,82.32,19,18,4,4,44,3,9,8,6,No
51,Female,High School,Khulna,3,44028,4895.52,94.36,5,21,1,2,74,1,1,8,35,Yes
37,Male,Bachelors,Dhaka,10,47253,4412.89,76.78,17,11,1,4,34,0,1,7,10,No
56,Female,Bachelors,Khulna,7,73841,12243.87,77.71,21,16,2,5,80,0,8,9,49,Yes
27,Female,Bachelors,Dhaka,14,94779,11881.01,98.89,10,16,4,4,44,1,2,7,31,No
36,Male,Masters,Barisal,7,121288,13464.03,86.9,15,25,4,2,42,0,10,4,23,No
40,Male,Bachelors,Khulna,6,18199,1356.87,94.37,19,12,4,1,83,3,5,1,44,Yes
45,Female,Masters,Dhaka,2,145316,27138.24,87.1,8,6,1,5,19,2,1,2,32,No
33,Male,Bachelors,Dhaka,6,41801,7434.46,96.48,13,17,2,4,96,3,8,5,15,No
31,Female,Bachelors,Chittagong,6,29403,4703.18,75.37,13,29,3,4,74,0,4,6,7,No
57,Male,Bachelors,Chittagong,8,109549,14622.15,99.17,16,24,3,4,39,0,8,10,41,Yes
44,Female,Masters,Barisal,9,139231,15504.97,96.54,24,6,4,1,14,3,6,2,26,No
58,Male,Bachelors,Barisal,2,119816,8775.63,82.6,11,10,3,2,17,2,7,1,42,Yes
42,Female,High School,Khulna,4,21069,3105.68,92.67,23,23,2,2,11,0,3,8,27,Yes
44,Male,Bachelors,Barisal,5,82897,10647.84,76.21,7,21,0,5,74,0,3,7,48,Yes
31,Other,Bachelors,Sylhet,6,57996,6355.72,84.11,15,8,4,3,38,2,7,5,0,No
32,Male,Masters,Dhaka,14,149044,28635.53,80.97,19,21,1,4,94,3,9,6,3,No
47,Female,Bachelors,Rajshahi,13,97277,12197.89,97.35,24,21,0,2,93,3,1,2,2,Yes
53,Female,Masters,Khulna,10,94340,5733.25,92.33,24,25,2,4,10,3,3,7,32,No
40,Female,Bachelors,Chittagong,5,116072,13975.62,96.94,10,27,4,1,33,0,10,8,46,Yes
24,Female,High School,Khulna,7,22945,2425.55,92.46,13,20,1,4,29,3,5,7,29,No
41,Male,Bachelors,Barisal,14,21524,1736.81,84.85,17,29,2,2,71,2,9,6,16,Yes
23,Male,Bachelors,Dhaka,3,16539,1612.27,79.88,14,10,3,3,31,0,2,6,23,Yes
46,Female,Bachelors,Rajshahi,6,50789,6022.03,88.46,17,12,0,2,40,3,1,3,40,Yes
42,Female,PhD,Chittagong,9,17038,2813.51,96.24,12,15,3,5,66,2,10,4,34,No
54,Female,Masters,Rajshahi,12,133864,13600.75,82.32,23,21,3,4,34,2,1,4,13,No
23,Female,Bachelors,Dhaka,4,134624,25292.2,90.33,12,26,1,4,46,3,4,10,28,No
44,Female,Bachelors,Chittagong,12,49868,8658.69,87.36,11,2,2,4,78,2,10,8,37,No
25,Female,Bachelors,Sylhet,12,110302,15729.69,87.28,14,3,1,5,64,0,5,2,2,No
57,Female,Bachelors,Barisal,5,129576,8880.54,80.09,15,3,1,4,50,0,10,6,34,No
33,Male,Bachelors,Rajshahi,6,52705,4693.06,99.1,23,21,3,5,82,0,4,7,13,No
53,Female,Bachelors,Chittagong,1,119013,10364.65,79.33,22,16,0,3,18,3,5,6,44,Yes
31,Female,Bachelors,Sylhet,8,67529,12299.39,84.98,19,15,3,5,62,1,3,4,26,No
40,Female,Masters,Rajshahi,14,140606,26819.84,81.88,9,9,3,3,51,3,6,10,4,No
32,Male,High School,Rajshahi,2,63198,8480.43,90.82,13,1,0,2,82,1,9,10,4,No
57,Female,Masters,Dhaka,11,120329,11021.69,90.05,5,2,2,5,15,0,1,6,28,No
24,Male,High School,Barisal,12,106329,10286.22,80.92,9,24,4,5,53,2,8,8,33,No
59,Male,Bachelors,Khulna,10,52705,5214.43,95.0,5,17,1,3,43,2,2,3,27,No
58,Female,Bachelors,Barisal,12,27759,4614.74,79.89,13,11,1,2,30,2,3,10,49,Yes
49,Male,Bachelors,Rajshahi,8,126479,21694.95,98.15,16,19,0,1,59,2,10,3,42,Yes
25,Female,Masters,Rajshahi,11,41116,7844.08,90.34,5,19,0,4,48,1,9,3,23,No
46,Male,Bachelors,Barisal,4,68390,5279.85,87.55,17,13,0,2,57,0,8,8,47,Yes
32,Female,Bachelors,Barisal,5,97035,7489.72,80.6,15,13,1,5,21,0,10,7,20,No
39,Male,Bachelors,Dhaka,12,32884,2224.68,80.92,11,3,1,2,60,3,1,10,40,Yes
26,Female,High School,Chittagong,14,113593,10248.81,85.71,13,19,3,5,41,1,4,7,20,No
36,Female,Bachelors,Chittagong,10,127192,19684.74,89.43,15,22,4,4,43,0,3,10,13,No
24,Male,Bachelors,Sylhet,9,105876,13116.13,98.01,18,1,1,2,52,0,7,2,35,No
32,Female,High School,Rajshahi,8,139207,11030.63,75.9,5,26,0,1,45,1,5,5,19,Yes
32,Female,Masters,Rajshahi,9,102372,15898.27,98.49,15,27,4,3,78,0,5,4,43,Yes
54,Male,Bachelors,Chittagong,1,126102,13731.25,85.71,10,28,4,2,71,1,2,10,2,Yes
23,Male,High School,Dhaka,6,65599,8668.32,81.56,13,8,4,3,30,0,10,2,31,No
22,Male,Bachelors,Chittagong,14,49347,6882.15,97.96,15,23,4,1,47,2,2,8,24,Yes
45,Female,High School,Barisal,14,135437,20848.31,75.26,18,14,1,4,75,1,7,8,29,No
40,Male,Bachelors,Khulna,2,53195,9950.98,82.42,14,18,1,4,76,0,4,9,49,Yes
55,Male,High School,Khulna,6,70889,9067.48,98.16,19,5,0,5,66,2,4,1,40,No
22,Female,Bachelors,Khulna,9,128265,22826.0,89.37,18,3,0,3,61,0,9,9,33,No
36,Male,Bachelors,Dhaka,6,116961,15280.26,89.55,12,27,2,1,36,0,5,9,37,Yes
51,Female,High School,Sylhet,3,43254,5694.37,76.64,10,5,0,3,83,1,3,7,20,No
26,Male,Masters,Rajshahi,9,109882,12242.03,86.52,7,7,2,5,40,2,9,4,17,No
38,Male,Masters,Sylhet,6,28877,1551.13,99.04,6,4,4,4,65,2,2,5,15,No
56,Male,Bachelors,Chittagong,2,87449,17480.04,92.78,14,10,4,4,51,3,8,4,30,No
59,Female,Bachelors,Sylhet,7,145551,15439.94,87.93,9,22,2,5,24,0,7,6,35,No
35,Other,Bachelors,Sylhet,5,113174,14581.21,78.08,14,28,1,1,35,1,5,9,30,Yes
51,Female,Bachelors,Barisal,4,112693,9816.08,78.0,21,20,1,2,22,3,1,9,45,Yes
50,Female,Masters,Sylhet,13,58726,4264.09,75.16,10,19,3,3,84,2,7,8,34,No
24,Male,Bachelors,Sylhet,3,31385,5941.92,98.16,21,29,1,4,49,1,6,2,5,No
37,Male,High School,Sylhet,14,61635,10703.55,84.27,9,17,1,4,15,0,6,3,38,No
40,Male,Bachelors,Rajshahi,10,36897,3761.32,90.25,10,13,3,3,84,1,1,3,42,Yes
50,Female,Bachelors,Dhaka,6,40108,3689.47,85.57,9,7,4,4,78,0,5,8,47,Yes
36,Female,Masters,Chittagong,8,93646,11804.87,92.67,24,5,3,4,17,2,1,6,23,No
26,Male,Bachelors,Chittagong,14,133453,14991.71,81.52,18,20,2,4,35,1,2,8,7,No
58,Female,Masters,Rajshahi,6,16721,2254.06,89.55,22,28,4,1,53,0,9,5,6,Yes
47,Male,Bachelors,Dhaka,9,57478,10778.95,90.54,14,25,0,1,44,0,3,3,40,No
30,Male,Bachelors,Dhaka,8,102746,11583.61,81.68,16,13,1,1,38,0,3,1,13,No
22,Female,Bachelors,Rajshahi,6,105161,20411.59,99.86,24,14,1,5,31,0,10,1,34,No
53,Male,Masters,Chittagong,14,36082,4749.79,75.72,20,13,1,2,96,1,5,10,14,No
24,Female,Bachelors,Barisal,11,16352,1412.91,83.99,14,25,1,3,91,3,4,8,4,No
28,Female,Bachelors,Chittagong,11,26486,3051.14,78.94,22,23,1,5,89,2,4,7,31,No
41,Male,PhD,Sylhet,5,22414,4157.0,88.24,21,14,4,5,63,0,3,4,28,No
22,Male,Bachelors,Khulna,1,51586,6636.14,85.58,12,25,0,3,88,3,8,2,5,No
33,Female,Masters,Khulna,9,34661,4092.15,87.26,9,27,2,1,32,2,9,10,24,Yes
47,Male,High School,Rajshahi,14,96324,5124.84,79.26,7,4,4,3,91,3,2,1,9,No
52,Male,Bachelors,Khulna,6,51076,8232.7,94.49,16,12,0,1,53,3,5,10,30,No
36,Female,Bachelors,Dhaka,6,70259,9680.06,80.78,8,16,2,1,71,3,3,10,45,Yes
36,Female,Bachelors,Barisal,1,47910,4003.86,81.83,6,16,1,2,41,2,6,1,14,No
36,Male,Bachelors,Dhaka,3,94992,7871.25,97.24,16,16,4,4,38,1,6,1,37,No
51,Female,Masters,Chittagong,9,65640,3858.47,76.42,11,3,2,2,96,3,5,5,49,Yes
48,Male,Bachelors,Dhaka,12,16002,2746.22,97.64,17,26,4,1,31,3,10,4,32,Yes
57,Male,Bachelors,Chittagong,11,54205,5971.97,81.91,19,10,4,5,79,1,1,3,29,No
35,Female,Masters,Sylhet,14,105834,20644.63,80.02,15,1,1,5,35,1,5,4,1,No
58,Female,Bachelors,Khulna,8,47401,2854.28,80.06,24,11,4,2,17,1,2,5,0,Yes
32,Male,Masters,Rajshahi,5,133897,15084.28,76.21,23,28,3,5,41,3,4,1,15,No
47,Female,Bachelors,Rajshahi,13,125901,13288.91,91.28,22,4,1,5,50,2,8,7,21,No
51,Male,High School,Rajshahi,9,18864,1343.72,93.55,14,10,4,1,69,2,7,10,12,Yes
34,Male,Masters,Khulna,13,95845,16182.55,80.94,10,6,3,3,40,3,10,3,10,No
35,Other,Bachelors,Sylhet,11,120550,23212.94,84.87,13,23,3,4,62,0,10,8,49,Yes
57,Male,High School,Barisal,5,38535,6782.57,90.87,9,13,2,1,32,1,3,7,44,Yes
50,Male,Bachelors,Barisal,13,55643,7926.33,94.56,13,10,2,5,50,2,4,5,26,No
58,Female,Masters,Barisal,3,91573,15901.1,81.2,22,24,1,4,97,3,2,10,41,Yes
52,Male,Bachelors,Rajshahi,12,72762,13139.75,78.96,17,23,4,2,58,2,4,2,32,No
48,Male,Masters,Khulna,4,134249,17444.24,76.6,16,7,1,1,39,3,4,6,26,No
33,Male,Bachelors,Rajshahi,6,73317,4324.82,82.61,6,12,1,2,40,2,4,1,32,No
41,Male,Bachelors,Barisal,5,31773,3451.95,83.44,17,23,3,5,15,1,2,7,31,No
53,Male,PhD,Dhaka,5,83332,13941.55,87.76,17,9,4,5,25,0,10,2,42,Yes
55,Male,Masters,Sylhet,3,30021,5445.79,79.31,12,29,3,1,68,1,6,4,15,Yes
55,Male,Bachelors,Khulna,9,82313,15812.39,92.22,24,4,2,3,12,1,5,7,33,No
38,Male,High School,Barisal,4,66054,9024.7,90.95,21,10,1,4,45,0,5,8,34,No
43,Male,PhD,Dhaka,3,129865,8330.08,90.13,18,14,1,3,62,2,6,3,10,No
25,Female,High School,Dhaka,2,21328,4165.99,76.85,21,3,4,4,21,3,1,3,38,Yes
45,Male,Bachelors,Dhaka,13,96311,11321.62,85.49,23,14,3,3,61,1,7,3,6,No
22,Female,High School,Dhaka,4,78957,11173.91,85.55,16,13,3,2,78,3,2,1,16,Yes
41,Female,High School,Chittagong,13,74064,12758.08,81.45,6,28,1,3,72,3,1,1,49,Yes
56,Male,Masters,Khulna,9,58160,8734.39,95.46,8,3,0,5,90,3,9,2,46,Yes
39,Male,Bachelors,Chittagong,8,140220,23438.92,89.59,6,3,2,3,91,2,1,7,37,No
28,Male,High School,Barisal,2,36526,7031.1,93.88,20,12,1,1,10,1,7,4,40,No
52,Female,Bachelors,Khulna,7,99553,17585.26,94.24,6,13,2,1,48,3,4,9,7,No
30,Female,Masters,Sylhet,3,52943,4379.92,75.55,17,5,1,3,44,2,9,2,44,Yes
22,Male,High School,Chittagong,10,25599,4932.49,80.45,17,19,1,4,85,3,6,8,27,No
52,Male,Masters,Barisal,7,139994,10539.34,91.07,15,13,0,4,24,2,4,6,38,No
33,Male,Bachelors,Sylhet,9,120656,16185.34,86.29,18,11,4,5,38,2,9,3,22,No
29,Male,Bachelors,Sylhet,9,88578,5500.48,88.93,9,23,3,4,19,3,9,9,38,No
54,Female,Bachelors,Barisal,12,126192,25221.05,76.95,15,12,3,4,54,0,7,9,0,No
35,Female,Masters,Dhaka,12,37282,7416.8,86.74,6,25,1,4,26,1,7,3,26,No
38,Other,High School,Chittagong,10,84361,12418.57,75.24,22,29,1,3,28,3,10,9,6,No
47,Male,Masters,Khulna,12,49816,3426.02,91.73,10,10,2,5,90,3,6,8,25,No
52,Female,Masters,Barisal,8,78544,9857.83,84.42,14,25,3,2,53,3,6,5,45,Yes
23,Male,High School,Sylhet,10,61824,8162.52,92.43,21,1,0,1,92,2,4,7,3,No
45,Female,Bachelors,Khulna,10,56207,5445.22,97.13,14,4,2,4,95,2,3,9,17,No
34,Female,High School,Khulna,3,91260,11841.43,77.52,19,29,0,4,43,0,4,6,37,No
31,Male,Bachelors,Barisal,14,126412,12020.2,83.5,12,1,2,1,29,1,10,10,46,Yes
53,Female,Bachelors,Chittagong,1,56277,9165.78,98.46,7,9,0,5,20,2,5,6,3,No
26,Male,Masters,Dhaka,14,106759,17248.37,94.25,16,5,1,4,61,3,9,1,18,No
38,Male,High School,Dhaka,11,47415,9348.41,77.77,21,12,2,3,69,3,5,1,30,No
35,Male,Bachelors,Khulna,12,17037,2154.55,83.76,7,2,1,4,13,2,3,6,26,No
46,Female,Bachelors,Barisal,13,126979,8765.27,98.58,7,17,3,4,35,0,7,4,12,No
29,Male,High School,Chittagong,6,51948,2654.14,84.03,23,9,0,5,75,3,3,5,47,Yes
34,Female,Bachelors,Chittagong,4,143039,15423.69,98.06,8,17,0,3,38,0,10,6,19,No
33,Male,Bachelors,Dhaka,11,139164,10857.65,89.99,20,9,4,3,19,3,6,5,8,No
49,Female,Bachelors,Dhaka,5,91078,10298.79,93.62,18,2,2,5,34,0,1,8,45,Yes
39,Male,High School,Barisal,1,20011,3242.51,93.53,20,28,3,4,75,3,8,5,28,Yes
34,Female,Bachelors,Khulna,2,92790,14136.85,81.6,11,15,0,1,44,0,2,7,43,Yes
35,Male,Bachelors,Rajshahi,14,39169,3902.62,86.88,7,21,3,2,80,1,4,2,0,No
37,Female,Masters,Rajshahi,1,86809,6430.19,81.76,24,4,0,1,91,0,1,10,28,Yes
33,Male,Masters,Khulna,13,98362,6565.62,80.22,21,1,4,4,58,1,5,3,43,Yes
50,Male,Masters,Sylhet,14,136039,10137.02,94.19,6,15,1,2,93,0,4,5,49,Yes
36,Male,PhD,Rajshahi,13,132750,25788.88,80.19,7,18,1,4,62,3,3,5,35,No
51,Female,Bachelors,Khulna,5,37902,3567.44,85.67,21,26,1,2,31,1,4,4,15,Yes
36,Female,Bachelors,Dhaka,8,115719,6166.16,97.11,13,10,1,4,37,2,8,5,35,No
25,Male,Masters,Chittagong,14,63765,8844.71,87.69,20,5,3,4,57,2,1,3,48,Yes
22,Male,Bachelors,Rajshahi,1,62023,3255.8,76.48,15,23,4,2,73,2,1,10,7,Yes
27,Male,High School,Chittagong,10,127630,23684.59,90.91,14,15,4,1,40,0,3,5,46,Yes
59,Male,Masters,Dhaka,8,84532,15329.2,86.45,13,12,2,1,90,3,10,10,24,No
28,Female,Bachelors,Dhaka,5,24898,2489.29,98.59,20,27,0,2,34,0,9,1,36,Yes
43,Other,Bachelors,Barisal,1,69210,7994.82,93.66,14,20,3,4,22,3,8,6,30,No
44,Female,High School,Khulna,4,86263,16921.81,75.81,12,16,1,3,73,1,2,4,27,No
25,Male,Bachelors,Rajshahi,11,15381,2538.64,93.7,21,5,1,4,90,1,10,8,17,No
52,Male,Bachelors,Chittagong,8,139212,8632.28,79.31,18,13,3,2,24,2,5,9,24,No
49,Male,Bachelors,Sylhet,4,84730,14698.41,75.91,21,16,3,5,54,1,6,5,29,No
39,Other,Bachelors,Rajshahi,3,131754,25437.09,87.69,11,9,3,2,27,2,6,1,36,No
24,Male,Bachelors,Chittagong,10,29847,5923.78,82.17,5,20,0,4,72,1,6,3,27,No
41,Female,High School,Dhaka,3,122263,18969.3,99.76,19,6,0,3,76,1,9,5,2,No
56,Male,High School,Dhaka,14,24985,1353.08,83.4,24,10,2,4,75,3,7,8,28,No
24,Female,High School,Chittagong,1,128456,13278.43,89.69,6,13,4,2,78,2,10,8,1,No
49,Other,Bachelors,Rajshahi,1,28382,4151.03,78.4,18,2,0,1,74,2,1,1,32,Yes
59,Male,Bachelors,Khulna,2,112611,14667.92,76.03,7,5,2,4,47,0,6,6,33,No
53,Female,Bachelors,Chittagong,12,50083,9918.07,98.62,24,15,2,3,44,1,6,3,3,No
54,Female,Bachelors,Chittagong,13,15728,2368.67,90.72,17,13,0,5,34,3,10,6,29,No
54,Female,Masters,Barisal,13,96697,19268.52,75.25,14,14,2,5,20,2,7,3,38,No
35,Male,Masters,Chittagong,4,103910,5832.8,95.78,16,17,2,2,78,3,6,7,39,No
30,Female,High School,Rajshahi,14,131279,17823.37,83.85,20,21,1,2,34,2,3,4,8,No
50,Female,Bachelors,Chittagong,12,38284,2579.96,79.06,21,14,2,2,37,3,9,10,15,No
48,Other,Masters,Dhaka,2,77725,8301.34,76.65,8,20,3,1,54,2,8,7,0,No
24,Female,Bachelors,Sylhet,4,145134,8603.42,98.99,9,20,2,3,82,3,2,10,7,No
44,Female,Bachelors,Chittagong,4,80060,13599.59,77.61,15,10,2,3,86,3,10,8,16,No
35,Male,Bachelors,Dhaka,6,145256,20895.01,92.5,24,12,4,2,14,3,5,8,5,No
32,Female,Masters,Rajshahi,7,78085,7452.89,79.89,5,28,4,4,81,1,3,5,26,No
41,Female,Bachelors,Chittagong,1,36741,5792.05,98.84,21,19,1,5,57,2,9,7,9,No
51,Other,PhD,Rajshahi,12,87571,6357.39,77.08,13,22,1,4,68,1,5,6,13,No
30,Female,Bachelors,Sylhet,10,45343,7742.0,80.27,15,16,0,4,39,0,9,2,32,No
31,Other,High School,Khulna,5,131721,6879.09,90.62,6,22,0,1,20,3,4,3,16,No
44,Female,Bachelors,Chittagong,5,112116,5679.29,77.86,10,23,1,2,46,1,9,8,39,No
59,Male,High School,Barisal,8,41525,4591.08,85.5,10,20,3,5,51,0,6,7,21,No
22,Male,Bachelors,Barisal,5,29096,2935.51,98.04,23,9,0,1,47,2,8,5,26,No
54,Female,Masters,Barisal,11,96983,9118.73,89.91,15,18,1,3,64,1,10,8,43,Yes
57,Other,PhD,Sylhet,1,114844,8859.53,90.54,8,7,1,5,96,0,6,3,28,No
28,Female,Masters,Sylhet,6,40540,4173.42,96.83,18,18,0,3,79,0,5,10,34,No
39,Female,Masters,Khulna,6,63347,6636.1,78.53,23,16,1,5,36,3,10,4,37,No
32,Male,Bachelors,Sylhet,9,36083,5138.44,89.83,6,9,3,3,69,0,1,7,1,No
37,Male,High School,Barisal,4,16659,978.25,96.12,13,14,2,1,79,2,3,1,47,Yes
27,Male,High School,Dhaka,13,118148,11813.9,95.69,14,1,0,5,66,1,8,9,8,No
32,Other,Bachelors,Dhaka,8,91877,7964.18,83.1,9,17,2,1,65,3,9,5,44,Yes
46,Female,Bachelors,Barisal,1,70073,5065.34,86.97,5,22,4,5,30,3,2,2,9,No
46,Male,Masters,Rajshahi,9,71134,13279.32,92.35,11,11,4,3,93,1,2,9,21,No
29,Male,Masters,Barisal,14,84625,12672.74,92.73,23,4,3,2,21,3,7,4,34,No
29,Other,Masters,Sylhet,13,81010,11474.89,80.66,23,26,0,5,24,3,4,3,43,Yes
57,Other,High School,Barisal,1,97370,14303.01,81.06,18,7,2,2,42,3,9,5,21,No
53,Male,Bachelors,Dhaka,2,113301,7140.87,75.81,13,19,2,4,50,3,6,3,9,No
37,Male,Masters,Chittagong,14,126595,19338.52,76.4,6,22,4,3,98,1,3,9,41,Yes
29,Female,High School,Dhaka,13,78470,6707.72,89.83,7,23,4,2,20,1,4,6,8,No
33,Male,Bachelors,Chittagong,12,90520,16993.15,75.64,11,5,3,1,49,1,4,10,2,No
24,Female,Bachelors,Dhaka,7,61790,10640.76,91.15,17,18,2,2,10,1,1,4,18,Yes
50,Female,Masters,Dhaka,1,73085,10638.08,98.83,21,10,3,1,55,3,1,2,23,Yes
42,Male,Bachelors,Rajshahi,11,78735,9936.26,92.51,11,6,3,2,85,3,1,6,41,Yes
46,Male,Bachelors,Dhaka,5,149619,9525.54,98.53,8,9,0,4,70,0,10,6,13,No
43,Male,High School,Khulna,10,61819,5360.95,95.37,13,29,3,5,52,1,1,7,28,Yes
29,Male,Bachelors,Dhaka,5,110981,11762.65,100.0,18,12,2,3,71,2,2,4,14,No
26,Male,Bachelors,Khulna,14,140691,20805.7,89.14,17,19,3,2,31,2,9,9,15,No
49,Male,Bachelors,Dhaka,4,146740,8094.71,88.84,8,14,0,3,35,2,1,3,5,No
56,Female,High School,Chittagong,7,66132,12924.76,76.33,16,10,2,4,16,1,4,5,48,Yes
55,Male,Bachelors,Barisal,14,53941,8417.21,79.6,22,6,3,3,99,2,2,3,13,No
28,Male,Bachelors,Chittagong,10,91650,5558.03,84.02,14,16,3,2,33,0,4,10,48,Yes
27,Male,Bachelors,Dhaka,5,87556,10919.0,94.99,7,6,3,1,87,3,7,6,40,No
28,Female,Bachelors,Sylhet,1,25541,3824.02,78.21,9,13,1,1,13,2,2,10,14,Yes
37,Other,Bachelors,Chittagong,11,144964,26762.17,82.93,15,3,4,4,15,1,9,8,40,No
42,Female,Bachelors,Barisal,13,142510,19105.09,90.76,12,11,0,3,87,1,8,2,29,No
45,Female,Bachelors,Chittagong,8,16547,1176.67,76.75,22,8,4,5,38,1,1,2,39,Yes
56,Male,High School,Barisal,3,32466,6311.07,90.28,14,4,3,1,70,2,9,3,9,No
42,Female,Masters,Chittagong,10,145684,12903.29,96.55,15,28,2,5,31,0,10,9,6,No
42,Male,Masters,Rajshahi,4,69317,3910.57,83.8,16,3,2,5,19,3,9,8,4,No
22,Male,Bachelors,Khulna,9,75162,4766.08,88.83,18,21,2,3,13,1,10,6,25,No
46,Female,Bachelors,Sylhet,2,49555,3622.49,87.02,21,18,2,3,71,0,1,8,27,No
32,Male,Bachelors,Rajshahi,5,83635,12984.01,92.22,14,10,4,2,61,0,5,9,44,Yes
49,Male,Bachelors,Rajshahi,1,77729,15308.29,98.53,18,7,1,4,65,2,10,9,35,No
28,Male,Bachelors,Rajshahi,1,105011,16049.58,92.37,9,14,3,2,14,0,9,6,42,Yes
28,Male,High School,Chittagong,13,137774,17415.75,97.57,13,7,1,2,13,0,3,4,1,No
51,Male,Bachelors,Chittagong,7,38091,2365.83,81.87,7,4,1,4,91,0,2,3,49,Yes
43,Male,High School,Dhaka,4,74694,10948.8,99.84,7,20,3,3,98,1,10,4,44,Yes
46,Female,Bachelors,Khulna,14,94764,17327.81,91.77,6,20,3,4,97,3,3,7,12,No
31,Female,Masters,Barisal,14,19076,2166.95,79.92,9,13,2,5,78,3,3,4,31,No
23,Male,Bachelors,Sylhet,14,75958,5325.74,94.55,19,19,4,1,43,0,3,8,30,No
25,Female,Masters,Dhaka,13,42890,6051.81,90.07,19,20,2,5,56,1,7,9,16,No
40,Female,Bachelors,Rajshahi,12,52127,10027.54,75.27,21,16,4,1,59,0,5,5,15,No
44,Female,Bachelors,Chittagong,7,139758,13357.03,94.78,8,28,1,3,26,3,10,8,4,No
58,Female,Bachelors,Khulna,1,133575,24090.34,89.61,15,19,0,4,47,3,1,6,3,No
48,Female,Bachelors,Rajshahi,12,35180,2838.3,98.69,24,12,2,3,46,2,6,5,48,Yes
38,Female,Bachelors,Rajshahi,8,93375,9480.59,88.02,18,5,4,1,97,3,2,5,17,Yes
55,Male,Masters,Dhaka,12,105071,8224.06,94.69,15,5,3,1,21,2,6,7,37,No
53,Female,Bachelors,Rajshahi,12,128055,22214.09,80.68,13,15,3,3,65,0,10,7,48,Yes
49,Female,Bachelors,Sylhet,6,26944,2125.79,90.23,15,5,0,5,87,3,7,9,46,Yes
32,Male,Bachelors,Rajshahi,10,96050,17285.65,92.38,5,29,4,4,80,1,10,5,0,No
33,Male,High School,Rajshahi,14,111250,13984.88,75.15,19,25,4,1,69,0,6,10,4,No
23,Female,Bachelors,Barisal,4,46960,7151.54,85.07,22,19,2,2,27,0,2,5,24,Yes
26,Male,Bachelors,Chittagong,14,49364,6760.22,88.0,9,20,4,3,87,0,1,5,47,Yes
47,Male,Bachelors,Chittagong,3,110061,13063.97,78.25,15,7,2,1,80,3,10,2,10,No
45,Male,PhD,Khulna,5,40035,3834.97,99.42,7,4,2,3,90,2,3,6,44,Yes
39,Male,High School,Barisal,13,41435,7344.86,84.86,19,22,2,5,48,0,2,1,13,No
51,Female,Bachelors,Chittagong,10,40241,6543.44,93.66,17,24,1,2,11,3,9,3,1,No
42,Male,High School,Rajshahi,8,100333,16697.8,78.7,7,16,4,1,44,1,1,9,33,Yes
52,Other,High School,Chittagong,7,87125,15576.04,75.53,6,26,0,1,53,2,4,10,7,Yes
40,Female,High School,Khulna,3,104529,12389.52,81.11,24,3,3,1,35,2,5,7,39,No
43,Female,Bachelors,Chittagong,4,100742,7494.59,99.13,11,3,4,2,90,3,8,1,8,No
22,Male,Masters,Dhaka,2,107697,19340.65,77.52,18,16,3,3,88,0,9,6,43,Yes
56,Female,High School,Barisal,10,72556,4995.43,97.02,21,12,3,1,76,1,5,4,8,No
28,Female,Masters,Dhaka,7,106918,9606.02,75.52,13,18,0,5,10,0,4,5,38,No
25,Female,Bachelors,Barisal,7,21967,3138.34,84.61,18,6,0,4,96,0,6,1,17,No
35,Male,High School,Rajshahi,9,46106,8019.83,81.17,22,3,0,4,86,2,10,9,0,No
24,Female,Masters,Chittagong,12,63699,7165.73,97.8,6,26,2,3,53,1,8,5,2,No
50,Male,High School,Sylhet,11,22187,4248.61,77.05,21,9,4,4,94,1,4,4,8,No
25,Male,Bachelors,Rajshahi,3,66376,5697.49,92.64,8,26,1,5,86,3,1,6,18,Yes
39,Male,Bachelors,Khulna,11,65970,11990.02,96.54,22,23,1,5,93,2,10,1,20,No
44,Female,High School,Sylhet,7,139883,23140.13,81.73,12,23,1,3,34,3,6,3,32,No
40,Male,Bachelors,Barisal,13,28508,3856.13,92.84,13,28,0,3,46,0,4,8,18,No
46,Male,Bachelors,Barisal,1,80846,9577.12,91.42,10,15,3,1,54,0,9,4,36,No
22,Female,Masters,Chittagong,11,133300,17922.56,76.02,14,26,0,3,85,2,5,7,44,Yes
40,Male,High School,Khulna,13,127616,21225.16,95.5,12,3,0,3,59,3,5,4,40,No
54,Female,Bachelors,Chittagong,9,40168,5460.6,88.4,18,29,0,1,69,3,10,1,11,Yes
40,Female,Masters,Chittagong,2,83458,10034.16,82.05,14,3,0,1,72,0,2,4,0,Yes
31,Female,Bachelors,Khulna,13,135990,19584.07,87.99,22,4,4,3,78,3,10,10,22,No
29,Male,Masters,Rajshahi,3,64971,8647.04,85.7,24,24,3,4,77,0,7,8,47,Yes
45,Female,Bachelors,Barisal,11,88388,4858.85,82.52,16,16,2,5,86,3,7,1,8,No
38,Female,Masters,Sylhet,2,16116,1654.1,97.46,10,22,3,5,29,1,3,7,14,No
50,Male,PhD,Khulna,3,49289,9530.29,88.43,19,18,4,3,39,1,5,6,20,No
58,Other,Bachelors,Chittagong,1,91528,8847.71,96.98,18,8,1,4,80,1,8,2,8,No
25,Male,Bachelors,Khulna,1,104523,7980.06,75.52,20,11,2,2,42,1,2,10,47,Yes
48,Male,Bachelors,Chittagong,9,103725,16026.49,75.14,8,12,3,3,28,0,1,9,22,No
55,Male,High School,Chittagong,3,105063,15183.86,98.99,23,5,0,1,11,1,4,9,38,No
48,Male,High School,Rajshahi,8,114247,16796.03,91.05,7,18,0,2,27,3,8,3,31,No
36,Other,Bachelors,Dhaka,9,69718,7794.96,91.92,14,4,2,5,11,3,5,1,42,Yes
48,Male,High School,Dhaka,7,92753,16604.48,98.14,17,24,1,4,60,1,5,1,40,No
50,Male,Bachelors,Barisal,11,108294,16630.49,99.55,20,20,2,4,10,0,1,1,24,No
45,Male,Bachelors,Khulna,3,57542,8861.37,76.79,19,11,2,2,11,3,8,6,35,No
24,Female,Bachelors,Sylhet,2,146620,24782.69,93.66,19,6,0,3,39,0,5,5,41,Yes
26,Male,High School,Khulna,11,85728,11810.72,84.47,10,17,2,2,11,1,4,1,34,No
33,Male,Masters,Khulna,1,130566,23439.57,95.91,10,4,3,2,57,3,7,2,11,No
43,Male,Bachelors,Barisal,6,43171,5348.58,91.69,13,11,0,4,55,1,8,3,25,No
26,Male,Bachelors,Chittagong,11,57425,7557.04,99.46,11,29,4,3,58,1,6,8,33,No
42,Male,Bachelors,Dhaka,2,108151,8244.68,93.5,19,17,1,4,12,2,4,2,0,No
22,Female,Bachelors,Barisal,9,116761,17158.99,76.14,19,17,4,4,78,3,7,6,44,Yes
45,Male,Masters,Khulna,8,144407,22562.09,96.87,18,5,3,1,14,1,6,3,42,Yes
43,Male,Bachelors,Sylhet,13,134113,21873.5,92.32,20,15,3,4,36,3,6,1,34,No
42,Female,Bachelors,Chittagong,10,67552,6979.47,92.1,23,17,2,2,19,2,10,6,32,No
57,Male,High School,Rajshahi,1,18627,2747.28,89.71,13,1,1,5,97,3,8,10,17,No
28,Female,Masters,Rajshahi,11,43063,8146.82,76.39,12,12,0,1,54,3,1,3,35,Yes
22,Male,Masters,Sylhet,5,62242,4661.94,81.96,23,7,2,3,96,0,2,2,13,No
59,Male,Bachelors,Barisal,2,106882,13958.69,92.45,12,23,4,3,69,0,7,5,47,Yes
46,Male,Masters,Sylhet,9,55045,7659.32,82.53,21,5,0,3,21,3,7,3,19,No
54,Male,Bachelors,Khulna,1,136343,24099.61,99.84,22,24,4,2,68,3,1,5,47,Yes
31,Male,Bachelors,Chittagong,11,118633,20118.84,78.53,17,19,1,2,57,3,6,7,6,No
39,Female,Masters,Sylhet,14,73783,5988.16,94.87,10,13,4,1,12,0,9,1,41,Yes
28,Male,Masters,Rajshahi,8,83660,4999.79,85.27,22,20,2,5,11,0,3,2,3,No
47,Male,Masters,Sylhet,2,105023,20288.28,89.7,15,8,2,4,31,1,9,1,17,No
24,Male,Bachelors,Rajshahi,14,36042,5365.21,78.56,23,11,1,1,50,2,4,5,34,No
28,Male,High School,Rajshahi,3,124645,8223.26,77.24,24,12,2,1,42,1,7,1,7,No
51,Male,Masters,Rajshahi,6,77343,11362.36,82.88,17,23,0,3,77,3,1,6,47,Yes
28,Male,High School,Dhaka,8,48210,3983.65,80.9,13,6,1,3,88,3,10,5,25,No
57,Female,High School,Barisal,4,146406,16358.54,87.93,22,22,3,1,86,1,10,1,30,No
55,Male,Masters,Rajshahi,3,91612,9663.64,98.24,9,15,2,4,45,2,2,6,7,No
26,Female,Bachelors,Khulna,3,106954,18436.17,85.24,20,3,4,1,61,3,8,7,49,Yes
44,Male,Bachelors,Dhaka,1,20637,2836.28,99.49,15,9,1,1,64,1,6,5,6,Yes
40,Male,Masters,Dhaka,11,108917,14728.95,97.7,19,23,3,2,66,0,2,7,46,Yes
56,Male,Bachelors,Dhaka,9,40523,5215.29,90.54,6,8,2,1,79,2,6,8,38,No
44,Male,Bachelors,Sylhet,4,122316,12714.52,97.98,19,9,0,5,86,2,5,4,37,No
40,Male,Bachelors,Chittagong,12,22693,3711.31,77.04,12,6,1,1,90,3,4,8,6,No
54,Female,Bachelors,Sylhet,4,57798,6746.18,77.15,14,28,4,2,39,3,7,6,24,Yes
53,Male,Bachelors,Dhaka,8,36967,5995.85,99.62,24,26,0,2,58,0,1,4,5,Yes
51,Female,Bachelors,Rajshahi,5,106597,7215.73,96.27,18,16,0,1,80,3,8,6,32,No
50,Male,Masters,Sylhet,1,32690,2736.41,87.67,11,11,0,2,74,2,1,8,33,Yes
58,Female,Masters,Dhaka,12,22153,2422.26,92.61,15,4,0,5,22,2,5,10,0,No
56,Female,Bachelors,Barisal,10,80985,8909.02,83.76,23,10,1,3,32,2,9,3,18,No
48,Other,Masters,Barisal,14,132154,11094.82,86.17,5,22,0,5,80,0,9,5,28,No
48,Female,High School,Dhaka,12,124200,12973.72,92.69,23,10,2,4,58,3,8,2,7,No
42,Female,PhD,Khulna,3,123143,13709.69,75.19,15,10,2,1,86,1,6,6,16,No
42,Female,PhD,Chittagong,5,73334,10895.39,75.35,9,8,0,4,42,2,4,4,45,Yes
41,Female,Bachelors,Sylhet,11,125998,10693.79,85.72,18,17,1,1,27,3,9,6,13,No
36,Female,PhD,Sylhet,13,43514,3179.98,90.28,23,16,3,3,32,0,3,2,44,Yes
33,Male,Masters,Rajshahi,8,34754,6070.79,75.32,16,6,0,2,86,3,4,1,33,No
37,Female,Bachelors,Chittagong,10,44993,5147.14,93.64,17,11,1,1,97,1,7,4,49,Yes
39,Female,High School,Khulna,14,53491,5126.29,81.94,5,28,3,4,93,2,3,3,8,No
51,Female,Bachelors,Barisal,13,54708,2835.76,83.59,16,24,0,4,36,3,8,8,24,No
53,Other,Bachelors,Sylhet,13,116568,17758.04,99.2,18,9,2,3,34,1,8,9,12,No
46,Female,Bachelors,Khulna,11,79054,5396.09,81.81,21,27,1,4,60,3,3,6,13,No
26,Male,Bachelors,Khulna,11,83149,4610.72,97.35,19,9,3,4,92,1,6,10,0,No
28,Male,Masters,Rajshahi,8,99735,16681.85,86.48,15,11,1,3,30,1,6,8,14,No
55,Female,Bachelors,Barisal,1,71650,8055.56,96.35,19,2,1,5,44,1,9,8,31,No
27,Male,High School,Khulna,7,23100,3127.42,80.17,14,11,0,5,90,3,1,2,15,No
22,Female,Bachelors,Chittagong,4,40290,6540.54,85.73,13,15,4,4,33,3,6,3,39,No
36,Male,Bachelors,Dhaka,12,89364,10078.18,94.05,20,23,0,2,47,3,8,4,40,No
33,Female,Bachelors,Dhaka,8,18157,2072.45,79.32,11,19,4,1,63,3,8,3,31,Yes
29,Other,Masters,Sylhet,2,54085,3404.14,84.39,11,16,3,3,17,2,2,7,13,No
24,Male,Bachelors,Khulna,8,108241,13672.19,78.36,13,13,1,5,74,2,5,3,28,No
30,Male,High School,Chittagong,8,142092,21947.82,77.78,8,26,2,4,92,0,8,7,16,No
47,Female,Bachelors,Rajshahi,5,131258,20997.89,86.02,16,29,2,4,95,0,2,5,38,Yes
37,Male,Bachelors,Khulna,11,72125,6450.91,84.12,13,3,0,2,73,2,5,6,31,No
40,Male,Bachelors,Sylhet,1,79833,4937.8,97.7,17,19,0,3,70,0,1,4,18,No
50,Female,High School,Sylhet,12,145693,12481.58,76.43,8,20,0,2,11,3,2,8,40,Yes
45,Male,Masters,Chittagong,2,15157,1638.9,94.87,11,12,0,4,27,2,6,8,14,No
34,Male,Masters,Chittagong,13,101595,17841.07,80.64,11,8,3,5,42,3,9,2,37,No
39,Female,High School,Barisal,1,121520,18506.86,85.77,10,27,3,3,93,0,3,3,23,No
47,Female,Bachelors,Dhaka,1,71993,8693.03,98.04,15,24,3,2,28,0,3,5,33,No
54,Female,Bachelors,Chittagong,14,29450,2810.95,87.12,23,12,3,5,93,1,10,9,16,No
24,Female,High School,Chittagong,13,56129,7883.96,88.18,13,22,4,5,35,2,4,6,36,No
25,Male,Masters,Sylhet,6,35080,5703.96,94.72,13,5,2,4,96,1,8,3,17,No
52,Female,High School,Dhaka,13,66783,5446.55,97.08,24,11,0,1,46,2,3,8,21,No
46,Male,Masters,Rajshahi,1,113877,8682.52,77.66,14,13,1,4,45,0,2,5,11,No
30,Male,Bachelors,Khulna,11,48890,6809.49,87.75,23,24,3,2,30,3,6,4,3,No
48,Female,Masters,Barisal,7,143254,8593.13,84.25,10,2,4,5,47,0,3,3,15,No
35,Male,Bachelors,Khulna,12,124752,13463.17,89.22,23,20,1,2,70,2,10,5,26,No
56,Female,PhD,Chittagong,11,46823,6774.95,89.15,23,20,2,5,45,0,8,7,32,No
51,Female,Masters,Rajshahi,5,70841,13978.03,79.04,17,19,1,4,38,3,1,5,8,No
35,Male,High School,Chittagong,1,58893,8144.58,95.28,5,18,0,5,31,3,7,3,0,No
35,Female,PhD,Dhaka,7,75898,5824.06,82.43,24,23,2,3,47,0,3,4,40,No
58,Female,Bachelors,Barisal,13,123201,11680.85,93.12,12,16,1,1,87,2,1,7,14,Yes
25,Female,Bachelors,Khulna,13,130572,18731.6,76.66,18,21,2,5,33,1,6,9,7,No
56,Female,Masters,Sylhet,7,54160,2813.71,85.84,22,10,3,4,19,2,9,1,18,No
32,Male,PhD,Chittagong,9,92487,9450.08,78.36,18,10,0,5,82,3,2,10,18,No
50,Female,Bachelors,Khulna,4,48559,3563.87,97.39,16,7,2,2,32,3,4,6,6,No
58,Male,PhD,Sylhet,2,133559,7572.45,89.53,8,29,4,2,77,2,8,3,8,Yes
22,Male,Bachelors,Khulna,14,72762,13405.86,84.12,11,18,4,1,16,1,2,2,4,Yes
37,Male,Bachelors,Barisal,4,15242,2384.49,85.4,16,15,1,1,80,1,6,6,14,Yes
27,Male,Bachelors,Dhaka,2,71131,3995.24,89.42,22,24,0,3,83,3,4,3,21,No
25,Male,Bachelors,Rajshahi,10,138373,27143.57,99.13,22,25,4,1,26,1,10,7,41,Yes
26,Male,High School,Dhaka,6,27081,1398.36,99.86,17,14,1,2,36,0,1,3,32,Yes
44,Female,Bachelors,Chittagong,13,125909,9383.32,96.39,16,5,4,2,65,0,9,10,26,No
51,Female,Masters,Khulna,8,75478,14619.66,78.39,21,15,4,1,34,2,4,6,34,No
46,Male,Bachelors,Rajshahi,11,92498,13418.25,94.27,7,17,3,1,49,2,10,2,2,No
57,Female,Bachelors,Khulna,9,24728,2096.18,75.76,17,27,2,2,18,1,5,4,48,Yes
24,Male,Bachelors,Dhaka,7,76787,12474.77,77.18,16,3,3,1,75,2,2,7,45,Yes
47,Female,Bachelors,Dhaka,1,80889,5466.13,86.72,13,16,3,2,46,3,3,9,18,No
23,Male,High School,Sylhet,9,40007,6959.46,86.94,6,27,2,4,96,1,2,5,6,Yes
23,Female,High School,Dhaka,12,87690,13016.26,87.41,18,6,0,5,81,2,7,10,0,No
59,Male,Bachelors,Barisal,6,31793,5995.1,87.31,11,20,4,1,56,1,6,1,32,No
55,Female,High School,Rajshahi,9,126923,22163.75,79.23,9,8,1,5,88,2,9,4,32,No
58,Male,High School,Dhaka,14,117772,21446.56,91.66,12,11,1,1,63,0,8,8,26,No
32,Male,Masters,Dhaka,5,130266,21299.5,78.71,17,12,3,3,47,2,8,10,23,No
56,Male,High School,Khulna,3,78964,5737.39,98.65,15,25,1,3,70,1,3,7,14,No
22,Male,High School,Chittagong,2,136366,13473.75,81.08,21,14,4,2,94,1,3,5,5,No
36,Male,Bachelors,Chittagong,1,125491,22738.02,84.5,10,27,4,3,42,2,10,3,17,No
37,Male,PhD,Dhaka,11,90267,14040.98,83.18,10,2,2,1,85,0,2,2,21,Yes
32,Male,PhD,Dhaka,12,15470,1455.92,85.91,7,7,2,1,37,3,3,10,17,Yes
50,Female,Bachelors,Rajshahi,6,17200,2940.26,94.56,11,14,1,5,72,0,10,9,23,No
52,Other,Masters,Khulna,8,33298,5441.8,75.03,19,27,0,1,62,2,9,10,26,Yes
39,Other,Bachelors,Barisal,14,52940,8150.85,78.4,10,3,1,5,36,2,5,6,23,No
31,Other,Bachelors,Chittagong,1,65692,11882.19,79.3,19,18,4,3,32,2,4,8,41,Yes
34,Male,PhD,Khulna,13,134972,10541.81,99.95,11,28,0,1,64,3,7,2,10,Yes
35,Female,Bachelors,Dhaka,14,22933,1370.98,87.78,8,29,2,2,55,0,6,6,45,Yes
31,Female,High School,Khulna,2,93178,10989.51,99.23,12,1,4,5,29,2,4,4,45,Yes
39,Female,Masters,Chittagong,7,148816,16287.88,93.68,15,23,0,1,16,2,1,9,7,Yes
51,Female,Bachelors,Barisal,1,149673,14479.51,97.75,5,13,4,3,49,1,6,6,6,No
45,Female,Bachelors,Sylhet,1,143452,8873.16,92.2,9,5,3,2,89,0,4,9,47,Yes
43,Male,Bachelors,Barisal,2,77393,13754.09,83.29,6,7,0,1,26,3,10,1,29,No
27,Female,PhD,Sylhet,14,129813,14415.1,81.66,18,16,3,5,87,0,3,1,48,Yes
30,Male,Masters,Dhaka,6,131639,22324.15,75.23,12,3,0,1,80,2,6,2,13,No
24,Female,Bachelors,Sylhet,3,134087,21733.0,76.85,22,26,2,5,90,0,3,5,19,No
56,Male,Bachelors,Chittagong,13,139364,13266.4,78.04,18,12,1,1,96,2,6,5,1,No
54,Other,Bachelors,Dhaka,3,49780,6007.54,86.58,17,20,2,3,14,2,9,10,6,No
34,Female,High School,Barisal,8,15577,1697.0,75.82,5,1,3,4,83,2,8,8,11,No
33,Female,Bachelors,Chittagong,11,41900,7369.06,75.87,13,28,3,5,99,2,2,3,5,Yes
25,Female,Bachelors,Khulna,3,75397,12793.68,87.62,11,28,0,2,21,2,9,1,4,Yes
36,Male,Masters,Barisal,7,50136,7850.47,99.65,8,7,4,2,16,1,9,10,10,No
45,Other,Masters,Sylhet,5,110280,11223.57,83.0,21,17,4,3,57,0,2,9,8,No
41,Male,High School,Rajshahi,1,60163,11299.82,86.42,21,6,2,5,13,2,5,10,1,No
40,Male,High School,Dhaka,5,125962,20336.06,81.76,14,14,1,3,72,2,6,8,5,No
35,Female,Bachelors,Barisal,3,39253,5208.78,81.51,6,14,0,1,84,1,2,5,44,Yes
27,Female,High School,Khulna,10,79264,15033.06,84.77,12,28,4,5,45,2,3,8,0,No
27,Male,Masters,Dhaka,13,149722,16720.72,96.57,22,4,4,3,23,2,3,10,21,No
25,Male,Bachelors,Sylhet,7,93492,17711.16,92.85,14,18,3,3,47,2,9,5,36,No
29,Male,Bachelors,Chittagong,10,71892,11825.85,99.25,5,15,4,3,38,0,10,7,44,Yes
42,Male,Bachelors,Chittagong,9,83152,4605.86,99.76,19,20,2,1,63,1,4,6,14,No
45,Other,Bachelors,Rajshahi,9,131867,13091.04,91.25,21,18,1,3,74,2,6,5,34,No
35,Male,Bachelors,Chittagong,2,79608,11431.1,80.36,5,24,1,1,16,2,7,7,10,No
41,Female,PhD,Barisal,2,147688,17234.49,96.78,23,11,4,2,82,3,10,6,3,No
49,Female,Bachelors,Rajshahi,9,120438,19841.42,94.14,5,13,2,4,93,0,10,5,23,No
55,Female,Masters,Rajshahi,11,125535,18052.1,75.89,19,24,3,1,10,2,10,3,18,No
49,Female,Bachelors,Chittagong,7,87834,11699.05,82.2,17,2,1,5,62,1,3,7,30,No
53,Other,Bachelors,Rajshahi,2,23638,4459.45,95.36,18,29,2,2,19,0,9,6,21,Yes
57,Female,Bachelors,Chittagong,4,97476,9616.88,95.04,20,16,0,2,11,3,1,6,25,Yes
32,Female,Bachelors,Barisal,11,109859,8983.33,90.74,9,7,4,5,56,0,1,10,0,No
56,Male,Bachelors,Dhaka,13,54342,6208.7,87.03,6,14,3,4,63,0,2,1,44,Yes
49,Male,Bachelors,Sylhet,6,87967,10460.53,75.91,8,24,4,4,21,1,6,8,14,No
58,Female,High School,Barisal,11,140589,13000.0,90.61,14,12,3,3,43,1,4,7,32,No
22,Male,Masters,Dhaka,7,32755,1735.42,80.96,12,8,1,2,37,3,2,6,14,Yes
51,Male,Bachelors,Chittagong,5,82111,5781.56,96.92,12,21,2,4,86,1,7,8,19,No
25,Male,Bachelors,Chittagong,1,74144,5784.39,76.09,22,12,0,2,86,1,2,5,49,Yes
35,Female,High School,Barisal,10,75825,8386.96,97.84,15,21,0,4,75,2,4,9,41,Yes
39,Female,PhD,Rajshahi,2,123724,12565.97,75.14,24,25,4,4,24,1,10,5,3,No
56,Male,Bachelors,Chittagong,10,115404,10200.39,87.6,15,2,4,4,46,0,5,7,26,No
27,Female,Bachelors,Rajshahi,1,121093,19824.0,81.99,18,10,3,1,38,1,4,8,45,Yes
28,Male,High School,Sylhet,14,48501,3529.16,85.87,19,16,3,3,76,0,10,2,42,Yes
38,Female,Bachelors,Rajshahi,9,48195,7184.95,88.14,16,24,2,1,58,3,1,10,5,Yes
31,Male,Masters,Rajshahi,10,44515,2644.96,80.06,9,27,1,3,16,1,7,1,14,No
28,Other,Bachelors,Barisal,3,74304,11504.07,82.67,20,3,1,5,73,2,4,9,33,No
46,Male,Masters,Chittagong,3,46389,6786.99,83.62,17,29,4,3,70,3,4,3,16,No
43,Female,High School,Rajshahi,4,79277,13787.64,77.83,11,22,0,2,48,2,10,5,3,No
48,Female,Bachelors,Dhaka,12,91334,18104.92,79.03,7,1,2,3,39,3,4,8,2,No
34,Male,Bachelors,Sylhet,6,33918,3898.6,93.78,24,19,3,5,72,2,7,4,43,Yes
58,Male,Masters,Chittagong,13,79076,7605.85,87.5,7,25,2,2,10,1,2,1,28,Yes
48,Male,Bachelors,Barisal,11,79814,9019.25,80.12,14,14,2,1,31,0,4,5,9,No
28,Female,Bachelors,Sylhet,5,96558,12540.21,99.34,13,17,1,3,69,0,8,3,29,No
34,Male,PhD,Sylhet,8,107133,14068.65,96.84,21,22,1,1,70,3,1,9,3,Yes
54,Female,High School,Chittagong,4,145217,12275.22,97.07,22,17,4,3,63,1,7,8,22,No
34,Female,PhD,Sylhet,14,29104,3071.05,83.36,8,4,4,1,97,1,4,10,43,Yes
34,Male,High School,Sylhet,13,66307,9534.06,83.61,12,2,1,1,48,0,2,8,29,Yes
57,Female,Bachelors,Rajshahi,7,47869,4744.62,98.25,10,14,4,1,34,3,3,7,32,No
42,Female,Bachelors,Chittagong,12,145851,22511.85,83.76,9,20,3,5,70,1,8,3,0,No
35,Male,Bachelors,Khulna,8,134725,10633.7,86.34,11,16,1,2,33,2,1,7,44,Yes
37,Female,Bachelors,Chittagong,2,73778,5977.27,95.02,17,1,0,4,71,1,10,6,5,No
45,Female,Masters,Barisal,14,81541,13089.93,95.47,11,22,1,5,90,1,1,6,42,Yes
55,Male,Bachelors,Chittagong,7,121442,11935.5,97.47,14,19,0,4,65,3,9,4,46,Yes
22,Male,Bachelors,Rajshahi,8,74448,14716.88,84.68,8,24,2,5,70,1,4,7,20,No
27,Male,Bachelors,Dhaka,7,44468,8705.91,80.74,15,24,3,4,44,3,7,6,32,No
27,Male,Bachelors,Rajshahi,2,144262,24925.94,84.26,19,9,0,5,75,1,3,10,46,Yes
56,Other,Masters,Khulna,1,136843,25932.91,93.06,11,29,2,3,75,3,9,3,14,No
55,Male,Bachelors,Chittagong,3,16740,2316.03,84.38,11,17,3,2,70,2,5,10,47,Yes
48,Female,Bachelors,Dhaka,4,77996,13663.54,78.99,8,8,0,2,33,3,8,7,39,No
32,Male,Bachelors,Sylhet,13,109925,9420.53,79.71,17,19,2,3,81,2,2,4,16,No
47,Male,Bachelors,Dhaka,12,81675,12742.87,91.74,24,9,3,3,58,0,5,4,18,No
59,Other,Bachelors,Barisal,5,110264,12650.46,78.77,13,8,3,1,93,0,4,3,4,No
43,Male,High School,Sylhet,9,138246,25894.77,79.12,7,17,0,1,33,1,9,9,36,No
36,Male,Bachelors,Rajshahi,14,40744,4225.27,95.73,24,7,1,5,64,1,8,8,43,Yes
41,Other,Masters,Barisal,11,21498,1586.63,96.46,12,1,0,1,53,2,6,7,2,Yes
44,Male,Bachelors,Sylhet,11,70033,7648.52,87.45,23,6,1,5,55,0,8,7,21,No
50,Male,Bachelors,Barisal,8,74431,7950.15,85.27,16,22,4,1,57,3,6,3,11,No
47,Male,Masters,Sylhet,9,17947,1717.69,89.14,5,4,1,3,48,0,10,2,23,No
48,Female,Bachelors,Chittagong,14,104795,17297.71,88.41,19,22,0,5,12,2,4,3,49,Yes
23,Male,Masters,Rajshahi,3,35895,6836.8,84.65,23,11,2,5,90,3,10,8,11,No
33,Male,Bachelors,Sylhet,5,48491,6284.1,92.79,6,26,1,5,83,2,7,7,25,No
48,Male,Bachelors,Dhaka,4,35382,4151.04,99.91,18,25,1,5,37,0,3,2,16,No
48,Female,High School,Chittagong,2,24574,4868.65,98.61,13,24,4,5,86,3,10,2,45,Yes
52,Female,High School,Sylhet,14,50487,9077.2,84.48,20,18,0,3,75,3,10,5,4,No
32,Male,Bachelors,Chittagong,8,18319,2513.77,87.19,24,26,1,5,87,3,5,9,49,Yes
57,Female,Bachelors,Khulna,12,16648,2834.17,79.96,14,4,1,3,74,2,9,4,6,No
42,Male,High School,Khulna,9,37609,3938.45,77.12,5,21,0,1,77,3,6,8,9,No
53,Female,High School,Barisal,8,119843,13770.13,98.61,8,25,4,1,49,0,1,4,7,Yes
23,Female,PhD,Rajshahi,7,125754,18826.11,99.98,17,6,0,1,77,2,5,7,23,No
55,Male,Bachelors,Barisal,6,20325,2978.82,75.92,21,7,4,5,67,3,9,2,38,No
38,Male,Bachelors,Sylhet,4,43592,6552.39,75.05,15,4,1,3,23,1,8,7,30,No
54,Female,Bachelors,Barisal,8,59699,3909.22,88.6,9,5,3,5,54,1,7,9,24,No
34,Female,Masters,Barisal,5,46421,3721.28,79.36,6,22,2,3,86,0,7,9,43,Yes
48,Female,Bachelors,Khulna,7,133010,15210.66,78.67,6,25,4,3,75,0,4,7,45,Yes
23,Female,Masters,Khulna,1,123634,18465.52,83.44,5,23,4,3,10,3,6,6,44,Yes
24,Female,Bachelors,Rajshahi,8,34511,5139.06,88.99,16,24,1,5,18,3,1,1,2,No
26,Male,Bachelors,Rajshahi,13,141144,13695.39,77.39,11,29,1,1,86,0,4,5,20,Yes
51,Male,PhD,Dhaka,4,98549,12089.19,81.85,7,22,2,3,44,3,6,8,32,No
27,Male,Bachelors,Khulna,6,137684,15105.51,83.57,24,10,3,3,20,2,7,7,16,No
25,Female,Bachelors,Rajshahi,13,142201,25754.65,83.38,8,24,0,5,20,1,7,2,43,Yes
43,Male,Bachelors,Chittagong,14,137663,16402.7,90.93,20,21,0,3,71,0,6,6,2,No
56,Female,Bachelors,Sylhet,10,121908,8784.94,88.92,20,1,1,4,61,1,9,7,47,Yes
25,Male,Masters,Dhaka,6,111608,7637.41,78.68,7,4,0,5,99,1,10,5,27,No
27,Female,High School,Chittagong,5,34711,3747.51,96.76,21,4,1,4,73,2,2,7,43,Yes
58,Male,Bachelors,Chittagong,9,27163,3372.31,85.74,14,23,4,3,21,0,1,2,31,No
38,Male,PhD,Sylhet,13,56836,8048.78,83.15,22,8,3,5,46,1,3,3,25,No
55,Female,High School,Dhaka,6,115590,18152.17,94.78,14,8,0,2,72,1,9,10,43,Yes
58,Male,High School,Dhaka,8,98717,12224.01,84.29,9,29,0,3,30,1,3,2,11,No
57,Male,High School,Sylhet,3,95267,5702.83,80.38,13,21,4,3,62,3,8,3,35,No
34,Female,Bachelors,Barisal,11,101890,14161.98,92.76,10,27,2,4,52,3,1,10,7,Yes
52,Male,Bachelors,Khulna,8,59284,9267.37,82.95,5,19,1,1,48,2,8,5,38,No
34,Female,Bachelors,Dhaka,14,137232,18785.52,97.83,11,28,2,5,19,1,4,4,29,No
35,Male,Bachelors,Khulna,5,20983,2659.47,89.8,12,13,0,4,92,0,10,8,11,No
28,Male,Bachelors,Sylhet,7,65081,6711.77,82.7,9,21,3,2,61,3,10,6,27,No
39,Male,High School,Barisal,8,21358,3644.53,80.67,14,11,3,4,53,3,8,9,47,Yes
49,Female,High School,Khulna,3,105731,5965.67,90.8,7,24,3,2,86,1,1,5,18,Yes
50,Female,High School,Rajshahi,10,73127,11520.0,81.17,11,27,2,5,22,0,7,9,16,No
47,Male,Bachelors,Chittagong,8,39630,4861.62,80.4,8,16,1,3,77,0,7,4,2,No
52,Female,Bachelors,Dhaka,4,81151,15811.83,88.78,24,14,0,4,52,2,8,1,11,No
53,Female,Bachelors,Khulna,1,28831,3625.27,76.29,23,16,3,5,89,2,3,6,35,No
51,Male,PhD,Barisal,9,64924,4646.3,82.71,5,12,2,3,31,3,6,4,24,No
57,Female,PhD,Chittagong,12,45014,3571.55,85.26,18,5,2,5,43,1,1,7,17,No
52,Female,Bachelors,Dhaka,12,60191,11314.15,92.74,11,11,0,3,48,1,2,6,3,No
31,Other,PhD,Rajshahi,1,107434,14687.07,96.81,17,13,4,2,39,2,5,8,14,No
58,Male,Bachelors,Sylhet,3,134102,20952.68,89.0,5,27,3,4,86,3,3,9,39,No
45,Female,High School,Dhaka,2,148829,15485.3,84.44,15,3,2,1,97,2,5,2,16,No
37,Male,Bachelors,Chittagong,2,106790,5566.76,77.89,17,19,4,4,91,0,1,6,40,No
23,Male,Masters,Dhaka,7,17612,2332.28,77.55,12,13,1,4,66,1,2,8,31,Yes
55,Male,High School,Chittagong,9,18675,2030.44,82.86,21,18,1,2,81,0,5,5,10,Yes
31,Female,High School,Sylhet,1,39669,6666.52,89.68,7,14,3,5,78,3,4,6,39,No
35,Male,Bachelors,Chittagong,1,30697,5984.6,87.69,20,12,2,3,45,2,5,10,12,No
47,Female,High School,Barisal,5,118598,19696.37,85.79,9,29,4,5,74,3,5,1,19,No
35,Female,Masters,Dhaka,8,138806,25172.59,93.29,22,27,3,2,15,1,6,4,49,Yes
42,Male,Bachelors,Barisal,9,78860,8627.81,92.0,7,12,3,3,81,3,8,6,25,No
52,Male,PhD,Barisal,6,103218,11204.02,94.46,17,3,4,2,18,3,4,9,37,No
34,Male,High School,Barisal,11,51507,9709.92,76.38,12,19,2,4,41,2,9,6,16,No
35,Male,Bachelors,Khulna,5,91419,11165.61,99.82,6,11,3,2,98,3,3,7,13,No
46,Male,Bachelors,Rajshahi,14,129525,24304.82,77.52,5,13,4,5,58,0,9,8,49,Yes
54,Female,Bachelors,Chittagong,5,137650,27254.59,84.32,6,13,1,3,51,0,4,5,15,No
24,Male,Masters,Rajshahi,3,17005,2440.1,86.8,7,3,0,4,77,2,2,3,38,Yes
59,Male,High School,Chittagong,8,23573,4116.48,77.63,24,18,2,1,70,3,8,6,47,Yes
31,Female,Bachelors,Sylhet,5,51671,3543.41,97.82,18,21,0,1,32,1,6,5,33,No
43,Male,Masters,Barisal,5,133263,13035.24,90.27,18,3,0,2,18,0,7,4,0,No
55,Female,Bachelors,Dhaka,7,21604,3847.27,76.57,12,4,3,5,13,2,7,5,2,No
39,Male,PhD,Khulna,3,68390,4105.67,84.65,13,5,3,2,14,3,9,3,0,No
56,Female,Masters,Dhaka,2,61008,3103.73,93.55,18,8,0,1,58,2,1,9,25,Yes
31,Female,Bachelors,Chittagong,5,18635,3551.55,99.13,9,23,3,5,60,2,4,10,42,Yes
37,Female,Bachelors,Rajshahi,4,17507,2624.58,89.62,16,2,1,4,33,1,3,9,15,No
44,Male,Bachelors,Chittagong,13,108640,8587.77,93.89,10,6,3,2,89,1,2,3,12,Yes
58,Male,Masters,Barisal,5,38083,3828.09,80.42,16,29,2,1,71,1,3,1,29,Yes
41,Male,PhD,Chittagong,11,95550,13825.24,95.0,15,19,1,3,22,1,2,10,40,No
44,Male,Masters,Rajshahi,8,104149,19119.27,84.47,22,15,2,1,26,1,4,2,17,No
25,Male,Bachelors,Dhaka,10,133650,12271.39,99.56,22,24,4,2,86,0,5,3,32,No
54,Male,Bachelors,Barisal,2,139456,12393.99,76.04,20,5,0,1,71,3,10,4,28,No
23,Other,Bachelors,Dhaka,5,105772,6188.26,77.57,19,15,0,2,87,3,5,10,40,No
53,Male,High School,Sylhet,6,62919,10988.95,99.8,16,5,4,2,15,2,6,3,1,No
45,Male,Bachelors,Sylhet,8,122412,19580.08,88.69,17,5,0,5,15,1,8,3,8,No
51,Other,Masters,Khulna,9,31896,4989.93,95.75,7,8,3,1,80,3,7,8,28,No
38,Male,Bachelors,Dhaka,1,18914,1457.14,85.95,15,20,3,3,23,1,8,10,8,No
24,Female,PhD,Sylhet,9,99897,14145.05,81.98,20,8,1,3,46,3,5,7,10,No
43,Female,Bachelors,Barisal,9,68137,6276.42,86.9,18,12,4,4,57,1,8,4,48,Yes
29,Male,Masters,Barisal,2,120144,21566.56,76.2,16,27,0,5,60,0,4,2,39,No
35,Female,High School,Barisal,6,92011,9322.18,97.01,12,24,0,4,85,1,4,6,47,Yes
58,Female,High School,Khulna,13,105287,18130.43,96.2,15,19,3,4,38,1,4,7,22,No
51,Male,Masters,Khulna,11,20839,3609.16,84.17,7,14,2,5,59,0,5,6,20,No
25,Male,Bachelors,Chittagong,4,142388,12617.33,86.26,6,16,3,2,32,1,9,2,19,No
57,Female,Bachelors,Dhaka,7,73964,9210.08,93.32,11,7,4,5,95,1,3,7,1,No
36,Female,High School,Chittagong,2,20992,3630.87,94.37,7,23,3,1,76,1,5,6,32,Yes
27,Male,Bachelors,Chittagong,7,70799,9879.1,95.06,24,25,0,2,95,1,7,4,41,Yes
29,Male,High School,Barisal,12,48376,4631.48,90.27,6,18,4,1,48,1,3,4,19,No
30,Male,Masters,Khulna,4,16014,1013.03,78.78,7,3,3,3,39,1,9,6,9,No
37,Female,Bachelors,Barisal,8,49440,5744.82,75.24,23,1,3,3,59,0,1,6,35,No
38,Female,Bachelors,Dhaka,8,110619,8754.34,80.41,14,26,2,1,82,1,2,4,46,Yes
36,Male,Bachelors,Chittagong,10,81304,8224.87,89.71,23,7,2,1,68,1,10,8,21,No
42,Female,Bachelors,Khulna,6,129089,14455.19,99.56,19,4,2,1,94,2,3,4,26,No
33,Male,PhD,Khulna,13,74125,10647.65,86.0,22,19,4,4,44,1,10,8,4,No
25,Female,High School,Dhaka,9,24690,1882.4,97.18,23,4,2,3,68,1,2,10,45,Yes
30,Female,Masters,Dhaka,9,127925,18674.53,77.02,23,22,3,1,85,2,7,3,2,No
52,Female,Bachelors,Barisal,8,91599,15832.31,97.59,22,4,1,2,73,1,3,5,46,Yes
54,Male,High School,Rajshahi,13,149104,27687.56,98.72,13,15,3,2,95,1,4,5,9,No
29,Female,Bachelors,Rajshahi,3,27360,1741.29,83.64,23,7,2,2,86,3,8,3,15,No
37,Female,Bachelors,Dhaka,11,129184,25803.05,98.1,11,4,2,4,65,1,5,3,2,No
45,Male,Bachelors,Barisal,4,38450,1960.42,84.09,23,6,2,2,32,1,1,8,9,Yes
48,Male,Masters,Barisal,4,94084,12033.21,97.75,19,12,3,3,51,1,10,4,26,No
58,Male,High School,Chittagong,8,29263,3990.57,79.88,17,13,1,2,79,3,1,2,5,Yes
33,Male,Bachelors,Barisal,10,121053,11751.73,77.02,17,29,3,4,69,1,4,6,23,No
59,Other,Bachelors,Barisal,3,147463,23458.08,93.0,5,5,1,3,18,0,7,6,27,No
42,Female,PhD,Sylhet,3,22066,2210.69,97.52,19,17,3,5,36,0,1,3,10,No
44,Female,Masters,Rajshahi,2,120539,18156.92,91.41,18,10,2,2,82,0,9,6,21,No
45,Female,Bachelors,Khulna,13,90733,15675.63,81.36,14,18,2,1,25,2,6,4,22,No
51,Female,Bachelors,Chittagong,14,29891,3401.09,75.83,17,14,0,2,59,1,4,5,5,No
51,Female,High School,Sylhet,3,37673,3890.01,83.73,17,14,2,1,48,2,1,7,4,Yes
23,Female,Bachelors,Khulna,8,67138,4804.7,93.14,24,4,0,4,26,1,5,5,13,No
35,Male,Bachelors,Rajshahi,5,92762,15013.44,97.0,14,3,4,3,40,1,8,3,1,No
25,Male,Masters,Barisal,13,52948,4650.47,78.63,10,16,0,2,13,1,2,2,4,Yes
57,Male,Bachelors,Rajshahi,4,31589,2952.93,95.9,10,14,1,2,64,0,1,9,45,Yes
37,Female,Bachelors,Barisal,14,108694,20368.53,95.92,19,18,0,5,58,0,8,3,49,Yes
29,Male,Bachelors,Chittagong,1,149093,18219.0,85.64,24,1,3,5,78,1,5,7,38,No
37,Male,Masters,Khulna,13,66496,12280.12,81.94,7,13,3,2,69,2,1,10,7,Yes
36,Female,Masters,Sylhet,12,136278,26805.66,90.99,6,29,0,4,58,1,1,8,9,Yes
45,Female,Bachelors,Khulna,10,109228,5561.71,97.14,23,13,3,1,78,3,5,1,37,No
39,Female,Bachelors,Chittagong,12,37862,3407.81,88.87,18,20,4,2,13,1,10,2,39,No
51,Male,High School,Chittagong,1,105767,17293.43,77.2,20,18,2,5,91,1,2,6,31,No
57,Male,Masters,Khulna,10,41714,8059.95,82.18,16,25,4,3,39,1,6,2,46,Yes
32,Male,Bachelors,Rajshahi,10,108325,18017.77,76.89,7,3,2,2,82,3,8,4,49,Yes
47,Female,Masters,Sylhet,4,96194,13286.25,90.15,15,22,1,2,26,3,3,9,21,No
30,Female,Masters,Dhaka,8,73109,8351.54,97.3,20,10,1,3,63,0,3,5,21,No
50,Male,Bachelors,Chittagong,13,36586,6383.77,98.63,6,9,4,5,86,0,6,1,17,No
42,Male,Masters,Barisal,8,24734,3079.67,94.26,12,7,0,1,76,1,3,10,10,No
50,Male,Bachelors,Sylhet,12,86726,9169.45,98.47,13,2,2,1,75,3,7,8,32,No
45,Male,Bachelors,Khulna,7,102476,6508.73,91.91,5,15,4,2,98,0,2,7,37,Yes
31,Male,Masters,Sylhet,12,121061,10075.57,79.4,11,23,1,5,58,2,5,6,46,Yes
33,Female,Masters,Rajshahi,12,142832,27970.71,82.73,8,21,2,4,91,2,1,10,0,No
55,Female,Bachelors,Khulna,6,127398,15529.39,86.28,12,28,0,1,98,2,2,6,30,Yes
25,Female,Bachelors,Sylhet,5,20560,2158.11,76.55,13,19,1,5,84,0,3,7,9,No
42,Male,Masters,Khulna,12,39446,2657.77,93.17,11,23,3,1,63,1,2,7,7,Yes
40,Female,Bachelors,Sylhet,4,35835,3503.32,88.84,6,21,3,2,48,0,1,9,6,Yes
47,Male,Masters,Chittagong,3,27093,3378.77,97.44,13,6,1,2,86,3,2,6,46,Yes
44,Male,Masters,Khulna,6,125683,19403.31,99.45,21,27,3,3,72,2,5,2,19,No
32,Male,Masters,Barisal,14,136470,24600.6,87.31,20,12,2,5,23,2,7,7,14,No
37,Female,Masters,Dhaka,1,82011,16226.88,90.88,12,15,1,1,71,0,3,3,14,No
51,Female,Bachelors,Dhaka,12,46654,3576.02,75.52,6,16,0,5,78,1,10,2,40,No
56,Female,Masters,Chittagong,10,65512,5448.29,90.44,20,10,4,5,98,1,6,3,48,Yes
26,Female,Bachelors,Khulna,5,89121,14804.61,85.34,22,4,1,2,84,0,5,4,46,Yes
59,Female,High School,Rajshahi,6,21846,1765.01,98.95,11,29,3,5,32,0,9,8,38,Yes
48,Male,Bachelors,Khulna,7,64921,12358.69,78.96,15,17,1,1,25,0,4,5,47,Yes
29,Male,Masters,Khulna,12,24851,2466.18,93.61,17,24,4,3,57,3,10,1,18,No
51,Male,Bachelors,Barisal,13,130312,25493.52,89.95,14,17,1,4,18,2,6,10,38,No
51,Female,Masters,Chittagong,12,56098,7032.09,84.34,13,27,4,2,68,2,10,4,47,Yes
24,Female,Bachelors,Dhaka,9,33043,3735.36,76.95,14,12,2,3,87,1,6,1,18,No
38,Male,Masters,Sylhet,8,135395,9794.14,79.62,21,1,2,1,57,3,4,5,43,Yes
25,Male,Bachelors,Barisal,13,120128,12384.52,86.07,9,10,4,2,79,0,4,8,1,No
55,Male,Bachelors,Sylhet,9,145092,20002.34,85.67,12,26,1,2,14,3,6,5,37,Yes
52,Female,High School,Rajshahi,12,24622,1326.12,95.9,24,20,0,4,72,3,3,5,39,No
39,Female,PhD,Sylhet,3,111256,20830.67,99.13,13,18,2,2,43,3,4,2,34,No
41,Female,Bachelors,Khulna,9,61902,7469.25,78.57,16,24,2,4,31,0,4,10,24,No
30,Male,Bachelors,Khulna,7,17837,2918.99,83.01,12,4,4,1,11,2,8,5,12,Yes
48,Male,Masters,Barisal,6,143569,12899.83,99.12,19,4,3,2,94,3,9,9,40,No
34,Male,Masters,Khulna,8,127634,25153.47,89.73,9,27,0,1,78,0,6,8,21,Yes
48,Female,Bachelors,Dhaka,8,74320,4275.29,76.68,20,1,3,3,48,2,6,9,29,No
28,Female,Bachelors,Khulna,8,68689,12859.06,80.86,21,13,4,1,87,0,5,8,21,No
46,Other,Bachelors,Rajshahi,8,122879,22966.31,87.41,12,4,3,2,12,0,2,9,6,Yes
26,Female,High School,Khulna,3,64446,10766.4,89.57,19,5,2,3,85,3,5,4,35,No
23,Male,Bachelors,Sylhet,10,45176,7353.09,88.84,15,29,1,4,58,0,8,5,15,No
57,Female,Bachelors,Dhaka,1,104741,18546.88,98.37,5,20,2,2,95,2,4,7,43,Yes
34,Male,Bachelors,Sylhet,14,74482,10428.52,90.41,20,15,0,5,23,2,9,10,45,Yes
40,Male,Masters,Chittagong,7,34167,5413.12,95.56,14,7,2,1,90,0,1,6,45,Yes
49,Male,Bachelors,Dhaka,14,65507,10525.34,76.42,6,15,0,4,72,3,6,5,15,No
24,Male,Bachelors,Sylhet,14,149061,18659.36,88.67,16,22,1,2,88,3,5,5,1,No
55,Male,PhD,Khulna,10,65111,9779.77,87.12,12,1,2,1,50,0,5,8,26,No
45,Female,PhD,Sylhet,14,141064,22401.14,96.39,20,14,4,5,13,1,9,1,6,No
43,Male,Bachelors,Rajshahi,6,142701,7343.76,81.77,23,2,1,1,34,3,7,4,36,No
44,Male,High School,Khulna,12,65130,3312.77,85.01,9,13,0,1,25,1,3,7,14,No
39,Male,Bachelors,Sylhet,3,148790,29096.95,80.54,10,2,2,1,95,1,4,8,14,No
24,Female,Bachelors,Rajshahi,12,72637,8822.75,92.76,5,19,3,1,31,3,8,4,26,No
44,Female,Bachelors,Khulna,6,51186,4323.71,79.13,5,22,0,3,62,1,3,7,18,No
27,Male,Bachelors,Chittagong,1,49812,8339.32,93.95,17,4,2,5,75,0,10,7,8,No
41,Male,Bachelors,Sylhet,2,25437,4569.45,93.79,10,28,3,2,21,2,1,6,7,Yes
49,Male,Bachelors,Sylhet,6,103851,19924.28,76.98,15,16,2,4,37,0,5,1,26,No
59,Male,Bachelors,Rajshahi,14,110519,6480.82,76.88,16,18,4,2,68,0,2,4,43,Yes
49,Female,Bachelors,Khulna,4,76477,5838.78,92.95,7,18,4,1,21,3,7,5,10,No
52,Male,Masters,Dhaka,12,105339,18023.46,85.18,7,15,0,4,92,3,3,3,26,No
38,Male,Bachelors,Dhaka,10,23753,1864.29,88.89,19,24,0,5,30,3,7,5,19,No
36,Female,PhD,Dhaka,6,100422,16870.84,85.84,14,4,2,3,48,3,4,3,11,No
34,Other,Masters,Sylhet,9,47747,5220.85,91.14,11,4,0,5,19,0,10,10,1,No
24,Female,Bachelors,Dhaka,3,104948,15259.98,87.92,9,10,1,4,31,1,2,7,15,No
35,Male,Masters,Sylhet,9,145906,25408.74,79.74,15,9,1,3,88,3,10,4,42,Yes
46,Female,High School,Barisal,8,122236,20452.87,76.65,14,13,0,2,66,2,7,4,39,No
30,Female,Masters,Barisal,11,65786,12118.51,97.83,12,26,4,1,26,0,5,1,25,Yes
53,Male,Bachelors,Dhaka,8,50715,6073.49,75.4,10,2,0,5,11,2,2,7,0,No
42,Other,Bachelors,Chittagong,12,60530,5039.39,81.28,5,8,1,5,70,1,10,7,2,No
33,Male,Bachelors,Khulna,1,80203,9862.54,86.37,16,27,3,4,91,0,9,2,40,No
40,Female,Bachelors,Barisal,7,65012,4174.06,90.17,6,13,4,2,60,0,1,1,3,Yes
30,Other,Bachelors,Khulna,5,127778,8587.48,82.23,13,29,1,3,87,3,9,8,11,No
47,Female,Masters,Rajshahi,1,42824,7721.01,94.16,19,29,0,4,10,2,5,6,30,No
40,Female,Bachelors,Barisal,3,115761,22233.23,81.64,23,7,1,1,49,2,7,7,20,No
37,Male,High School,Dhaka,6,17968,1710.79,84.08,18,2,3,3,81,1,9,10,33,No
59,Male,High School,Khulna,11,59191,3255.62,89.59,13,17,4,3,58,3,6,1,14,No
54,Female,Bachelors,Sylhet,12,98559,12169.04,91.26,21,15,1,2,34,0,2,10,16,Yes
57,Male,Masters,Khulna,10,16039,1274.54,97.94,22,20,0,3,61,0,6,3,3,No
24,Male,Bachelors,Chittagong,8,118076,6609.77,90.82,20,1,4,3,12,1,4,6,29,No
39,Female,Masters,Barisal,3,134416,13933.65,76.39,15,8,4,1,10,3,2,4,33,Yes
33,Male,Bachelors,Rajshahi,14,34573,3444.51,94.04,11,15,4,2,35,0,10,3,18,No
54,Male,Bachelors,Sylhet,8,87079,12177.32,83.25,14,5,4,5,49,2,7,6,28,No
43,Female,Masters,Khulna,1,139989,15657.66,88.52,7,12,0,5,98,2,5,5,40,No
43,Male,Masters,Chittagong,2,37472,6023.79,84.93,10,3,2,1,28,2,2,10,44,Yes
39,Male,Bachelors,Chittagong,9,70283,11415.4,86.95,15,2,0,3,28,3,2,8,2,No
43,Male,Masters,Dhaka,2,44262,7908.56,75.29,23,18,1,1,32,3,5,2,7,No
51,Male,High School,Dhaka,6,70974,6393.43,99.66,9,20,0,1,95,1,2,2,3,Yes
49,Female,Bachelors,Khulna,2,116985,22220.79,84.3,18,7,1,5,52,0,2,8,28,No
25,Female,Bachelors,Rajshahi,5,51194,5394.94,92.42,11,26,2,2,20,2,8,2,41,Yes
35,Female,Bachelors,Khulna,11,84865,7946.75,79.61,21,10,1,2,48,3,1,4,7,Yes
28,Female,Masters,Barisal,11,138983,19316.49,85.7,16,18,4,2,96,3,5,9,36,No
56,Female,Bachelors,Sylhet,11,33031,5938.68,83.84,22,22,4,5,71,2,1,7,43,Yes
55,Female,Masters,Barisal,11,120567,8636.72,95.86,10,1,0,4,94,1,5,2,25,No
57,Male,PhD,Rajshahi,11,98891,16856.0,87.23,9,18,0,5,39,0,6,4,35,No
26,Male,Bachelors,Barisal,4,71592,5284.26,99.06,6,2,3,3,68,1,2,3,25,No
36,Male,Bachelors,Rajshahi,2,46254,3041.41,98.96,18,21,0,5,60,1,2,7,10,No
25,Male,Bachelors,Khulna,7,138355,16490.16,78.27,9,18,3,5,23,3,3,1,17,No
57,Female,High School,Sylhet,2,114447,16628.63,88.55,13,10,4,3,33,1,4,7,14,No
55,Male,Bachelors,Sylhet,11,96450,9777.17,84.13,14,20,4,5,85,1,5,2,14,No
34,Male,Masters,Barisal,8,121370,9739.23,98.18,14,5,3,2,66,0,6,1,37,No
47,Male,PhD,Barisal,10,58981,4819.12,96.64,7,2,0,4,81,3,8,6,43,Yes
35,Female,Bachelors,Chittagong,9,91307,9454.53,90.06,8,17,4,3,62,3,3,3,45,Yes
26,Male,Masters,Chittagong,4,95565,5144.25,94.56,14,16,2,3,28,3,7,10,26,No
43,Female,Bachelors,Rajshahi,9,145991,20208.79,79.94,12,5,3,5,20,1,4,10,1,No
57,Female,Masters,Barisal,12,129361,16623.08,94.56,5,19,0,5,32,0,6,9,42,Yes
44,Male,Masters,Khulna,7,74269,13941.29,83.38,18,17,2,2,70,3,5,7,39,No
51,Female,PhD,Sylhet,8,65680,7345.44,90.85,5,15,1,3,98,0,1,2,39,No
22,Male,Masters,Chittagong,8,67436,7142.58,94.92,17,20,0,1,28,0,5,9,13,No
23,Female,Masters,Rajshahi,11,119588,21306.88,99.51,13,3,0,1,29,2,7,1,22,No
30,Female,High School,Rajshahi,7,59687,10706.27,92.74,19,7,0,5,42,2,5,7,20,No
25,Male,Bachelors,Khulna,14,27658,3225.38,96.74,20,28,0,2,25,3,2,10,25,Yes
36,Other,Bachelors,Dhaka,6,49878,7555.62,84.03,8,23,2,3,82,0,3,6,43,Yes
47,Male,High School,Khulna,12,25190,1383.92,87.63,24,1,0,4,94,1,5,6,17,No
53,Female,High School,Sylhet,14,38604,4993.96,84.43,15,6,1,2,53,1,1,5,35,Yes
38,Male,High School,Khulna,8,67956,6596.9,85.51,12,18,4,4,26,2,3,5,42,Yes
52,Male,Masters,Chittagong,5,66204,12623.21,97.33,12,23,2,1,97,1,10,7,35,No
41,Female,Bachelors,Sylhet,5,131768,10562.79,82.22,13,24,3,4,19,3,10,9,5,No
27,Female,Bachelors,Khulna,5,138819,18628.69,86.69,6,21,4,1,66,2,7,9,32,No
44,Male,High School,Khulna,7,65448,9358.21,83.52,16,11,3,4,45,0,6,3,10,No
45,Male,High School,Sylhet,5,71411,3736.06,95.63,8,7,1,3,74,0,1,5,19,No
55,Male,High School,Chittagong,3,101861,9413.79,94.1,18,2,2,5,95,0,2,2,34,No
38,Female,Masters,Barisal,2,124196,10982.4,90.56,5,9,4,2,90,0,3,5,25,No
47,Male,High School,Barisal,9,32376,3717.66,99.03,24,2,1,4,52,3,6,3,24,No
50,Female,Masters,Sylhet,1,23611,1817.99,91.73,5,19,0,4,14,2,9,10,27,No
53,Male,Bachelors,Sylhet,10,121507,13352.47,93.33,5,20,2,5,55,2,4,5,17,No
57,Male,Masters,Sylhet,12,130739,15436.12,89.12,15,2,3,4,70,1,9,8,39,No
36,Male,Masters,Rajshahi,14,28729,4356.66,93.3,7,25,1,3,76,3,5,2,19,No
41,Male,Bachelors,Sylhet,10,86047,11052.51,97.84,9,28,4,4,50,3,4,5,19,No
27,Female,Bachelors,Chittagong,9,97284,12278.96,92.63,11,7,4,5,70,1,8,9,2,No
27,Male,Masters,Chittagong,12,52819,8140.43,75.18,16,23,1,1,80,3,5,8,25,No
56,Male,Bachelors,Barisal,4,117310,18851.51,91.04,16,2,1,3,63,2,7,4,40,No
31,Male,Bachelors,Barisal,11,53085,7749.75,90.17,22,23,0,2,75,1,5,8,28,No
43,Male,Bachelors,Dhaka,14,129631,11680.11,84.97,19,10,4,4,23,3,10,4,28,No
48,Female,PhD,Dhaka,4,116161,11786.94,77.68,15,1,4,4,26,2,10,9,33,No
51,Female,High School,Sylhet,7,78628,11369.33,96.55,9,16,2,3,45,3,7,7,8,No
44,Female,Bachelors,Barisal,13,99447,15645.09,88.67,24,16,3,2,78,0,2,6,23,Yes
26,Female,Bachelors,Rajshahi,8,127990,21404.14,79.91,10,3,1,1,11,1,7,3,36,No
46,Male,High School,Chittagong,12,106369,12508.72,98.9,23,7,0,5,54,1,5,10,10,No
37,Male,Bachelors,Dhaka,4,133186,24138.44,94.88,15,21,1,2,30,3,10,2,14,No
25,Female,High School,Chittagong,13,100908,5450.87,92.43,12,16,0,2,93,3,2,9,2,Yes
43,Male,High School,Rajshahi,5,74395,6072.04,92.37,12,27,0,2,95,0,6,1,12,Yes
38,Female,Masters,Sylhet,14,91677,4733.28,88.59,24,27,0,5,43,0,5,8,6,No
29,Female,Bachelors,Khulna,14,99781,9895.17,93.56,20,6,4,5,88,1,3,4,27,No
40,Male,Bachelors,Chittagong,13,115612,9211.93,85.69,16,21,4,2,64,1,3,1,7,No
49,Male,Bachelors,Rajshahi,1,88151,7483.24,96.72,24,20,0,5,24,1,6,2,22,No
36,Female,Bachelors,Sylhet,5,87174,15182.25,87.84,6,5,3,5,30,2,7,8,12,No
43,Other,Masters,Barisal,4,135941,17031.9,76.58,22,7,4,4,19,2,10,4,30,No
31,Male,Masters,Khulna,12,22753,4383.61,78.73,5,3,2,5,25,0,8,10,20,No
24,Male,Bachelors,Khulna,14,116421,6180.83,98.69,11,29,4,5,69,0,1,5,45,Yes
56,Female,Masters,Barisal,12,45305,3495.76,84.79,16,1,1,4,19,1,5,5,36,No
22,Male,High School,Rajshahi,10,102787,17159.53,89.79,9,19,0,5,48,0,5,10,23,No
57,Male,High School,Chittagong,10,122823,15132.8,88.51,16,21,0,5,86,2,6,4,43,Yes
47,Female,Bachelors,Sylhet,2,144796,12324.6,76.58,7,13,1,5,37,0,3,4,7,No
33,Male,Bachelors,Dhaka,7,34190,5727.13,77.14,24,13,2,4,95,1,10,5,35,No
22,Male,High School,Khulna,10,46246,2629.32,98.08,16,19,2,2,67,3,8,5,18,No
24,Female,Bachelors,Dhaka,1,101362,17202.92,78.47,15,23,1,1,12,0,1,6,18,Yes
47,Male,Bachelors,Barisal,4,19883,1891.58,91.1,10,16,4,2,82,1,5,1,48,Yes
37,Female,Bachelors,Chittagong,2,112446,7270.44,79.88,18,19,4,2,85,1,10,4,45,Yes
39,Male,Bachelors,Barisal,4,62225,7279.29,76.17,22,23,0,3,13,2,2,8,47,Yes
30,Male,Bachelors,Sylhet,4,89945,8247.08,90.79,12,7,4,2,84,0,9,9,26,No
40,Female,Bachelors,Chittagong,2,69196,3924.12,76.77,18,3,4,1,17,1,5,6,49,Yes
27,Other,Bachelors,Sylhet,14,21914,1985.64,88.97,15,4,3,5,49,0,8,8,28,No
23,Female,Bachelors,Sylhet,8,39133,3840.3,95.25,13,3,4,4,57,3,9,4,28,No
24,Male,High School,Sylhet,6,90283,9847.36,81.4,14,10,1,4,98,1,8,1,15,No
27,Male,PhD,Barisal,9,30671,5854.51,89.78,14,29,0,2,18,2,4,8,39,Yes
50,Female,Bachelors,Sylhet,9,63527,10102.6,83.97,10,2,4,4,65,0,3,5,3,No
57,Female,Masters,Sylhet,14,107325,15146.15,89.11,11,18,2,1,34,3,7,7,33,No
53,Male,Masters,Dhaka,11,125417,16941.3,77.82,19,25,3,3,74,2,9,4,46,Yes
22,Male,High School,Barisal,12,132990,12361.09,86.63,23,11,0,5,87,2,9,4,9,No
56,Male,Bachelors,Rajshahi,5,72832,7864.26,92.18,8,14,2,2,12,3,8,3,1,No
36,Female,Bachelors,Chittagong,6,56904,9823.23,79.05,7,7,0,5,26,2,7,2,31,No
53,Male,Masters,Barisal,14,28456,2603.32,81.49,7,3,2,2,28,0,9,4,19,No
49,Female,Masters,Sylhet,1,20139,3539.43,99.36,6,10,0,4,17,0,1,8,8,Yes
50,Female,Bachelors,Rajshahi,11,69184,4152.06,81.39,20,10,3,4,42,2,4,8,23,No
51,Male,High School,Khulna,2,133765,9855.12,78.25,16,22,0,3,55,2,2,4,43,Yes
25,Male,Bachelors,Khulna,1,58276,11634.85,76.39,7,20,1,4,28,2,9,2,42,Yes
56,Male,Bachelors,Barisal,9,22015,1180.44,86.28,11,20,2,1,54,2,8,10,28,No
44,Male,High School,Dhaka,7,34077,5189.8,84.24,12,10,3,3,95,2,5,1,9,No
41,Female,High School,Sylhet,13,79151,15727.71,88.59,10,2,0,4,36,1,2,7,26,No
32,Male,Masters,Dhaka,4,99116,5512.85,86.49,19,7,2,1,21,3,8,5,41,Yes
52,Male,Bachelors,Rajshahi,1,99911,18365.28,76.48,5,4,0,5,44,1,4,5,5,No
50,Female,Bachelors,Sylhet,14,85628,9284.36,97.17,9,14,3,1,81,3,5,9,28,No
32,Male,Bachelors,Chittagong,7,139932,14119.89,79.39,13,20,1,1,56,3,7,3,26,No
29,Male,Masters,Sylhet,7,101162,18480.36,78.42,9,18,4,5,87,0,6,1,33,No
53,Male,Bachelors,Sylhet,12,135981,23036.18,86.31,10,5,4,1,94,0,2,1,48,Yes
45,Male,Bachelors,Rajshahi,5,37326,3281.78,96.13,6,6,2,4,54,3,4,4,32,No
30,Male,Bachelors,Khulna,9,96390,12458.66,96.07,14,8,3,1,65,0,8,5,39,No
38,Male,High School,Dhaka,12,23320,3719.62,77.58,9,7,1,1,13,0,8,5,5,No
53,Male,Bachelors,Sylhet,5,68099,12649.54,81.38,17,29,0,4,29,2,3,10,25,No
35,Female,Bachelors,Sylhet,10,27454,5298.21,77.18,13,26,3,4,49,3,7,3,36,No
33,Male,Bachelors,Barisal,8,103811,15168.34,97.8,16,5,2,2,16,3,1,5,14,Yes
24,Female,PhD,Dhaka,1,51024,3113.17,95.48,12,6,4,5,29,0,3,4,35,No
35,Male,Bachelors,Chittagong,6,82833,4263.6,99.16,12,14,2,3,17,1,7,7,33,No
48,Male,Bachelors,Rajshahi,7,29462,4126.83,90.59,12,21,2,3,88,2,3,9,6,No
42,Female,Bachelors,Rajshahi,2,90420,5539.36,86.73,16,18,0,3,32,0,5,1,24,No
54,Male,Masters,Khulna,3,111423,19366.35,94.61,10,23,1,1,72,0,4,3,45,Yes
29,Female,Bachelors,Sylhet,3,32136,5960.21,96.76,10,8,1,2,73,1,3,2,18,No
40,Male,Bachelors,Barisal,14,28139,5446.82,86.4,17,9,0,2,67,1,8,10,6,No
22,Male,High School,Sylhet,13,33481,1697.91,87.9,5,10,1,4,40,2,6,6,46,Yes
54,Male,Masters,Khulna,10,61379,3926.11,94.34,15,6,3,3,55,3,1,8,47,Yes
46,Female,Bachelors,Rajshahi,14,90482,8714.14,98.89,13,10,0,4,76,3,4,2,1,No
36,Female,High School,Chittagong,6,56187,7680.6,93.78,5,22,1,5,72,0,2,10,5,No
48,Male,Masters,Khulna,13,131198,15684.42,97.35,16,20,2,3,19,1,10,10,42,Yes
29,Female,Bachelors,Chittagong,2,39944,7056.87,99.27,14,24,0,4,59,1,4,4,48,Yes
29,Male,Bachelors,Sylhet,3,128769,8122.48,94.86,10,28,0,3,46,2,2,4,24,Yes
23,Female,Bachelors,Dhaka,11,46407,4686.3,79.72,5,7,0,3,94,1,4,10,41,Yes
40,Female,Bachelors,Barisal,10,70220,5482.48,96.38,10,2,2,5,74,2,9,4,40,No
40,Male,Bachelors,Dhaka,3,142691,28177.44,76.85,6,15,3,1,97,0,2,8,15,Yes
39,Male,High School,Dhaka,9,119682,23065.01,87.96,19,13,1,3,21,1,8,7,23,No
49,Female,Bachelors,Khulna,14,88886,11810.92,93.3,20,16,4,3,91,3,4,7,34,No
23,Female,Masters,Khulna,4,45647,7489.14,79.88,24,19,2,3,90,3,3,6,13,No
35,Male,Masters,Chittagong,6,28582,5445.06,98.65,24,5,3,5,59,2,7,9,5,No
44,Male,Masters,Barisal,11,83257,8224.18,99.8,19,2,4,1,34,3,8,9,26,No
36,Male,Masters,Sylhet,7,72874,4955.66,88.22,17,3,0,4,47,3,4,6,49,Yes
52,Female,Bachelors,Sylhet,11,18853,1166.68,96.47,8,8,2,5,50,0,10,6,43,Yes
40,Male,Bachelors,Dhaka,9,135647,25518.39,83.35,12,2,3,2,30,3,8,2,3,No
36,Male,Bachelors,Chittagong,3,146993,29254.29,89.57,7,6,2,3,30,0,5,1,21,No
43,Male,Masters,Chittagong,12,108985,20632.54,93.09,9,16,4,4,21,3,4,9,1,No
46,Male,High School,Dhaka,5,64449,6513.15,78.15,24,29,0,3,85,3,9,7,24,No
29,Male,Masters,Chittagong,10,127448,11268.34,95.66,20,26,2,1,36,1,6,8,35,Yes
51,Male,High School,Rajshahi,12,95031,18114.81,83.61,16,27,4,4,46,2,1,1,10,Yes
58,Male,High School,Chittagong,8,145471,13175.95,99.37,7,15,0,5,57,3,9,7,5,No
41,Male,High School,Chittagong,4,76103,10782.27,95.02,6,10,4,3,91,0,1,8,29,No
51,Male,Bachelors,Chittagong,8,74390,9852.96,91.3,18,19,0,5,90,3,1,6,9,No
30,Female,Masters,Barisal,1,41613,3886.3,94.25,18,2,3,5,10,0,4,9,35,No
59,Male,Bachelors,Chittagong,4,20055,3758.08,85.61,24,14,4,1,93,1,4,10,23,Yes
32,Female,Masters,Chittagong,7,43416,2247.25,85.18,7,17,0,1,36,1,6,7,5,No
23,Female,Bachelors,Sylhet,1,53151,5125.5,82.73,12,6,1,3,26,3,9,5,29,No
45,Male,Bachelors,Dhaka,14,76499,4193.46,95.93,14,22,3,5,75,3,4,7,7,No
35,Male,High School,Rajshahi,7,138248,22310.79,85.84,8,1,2,3,30,1,7,2,11,No
58,Male,Bachelors,Rajshahi,13,60127,4401.88,91.6,5,3,3,4,54,2,2,9,24,No
25,Other,Bachelors,Dhaka,9,130778,9872.4,79.91,18,3,2,1,46,1,8,6,29,No
35,Male,Masters,Sylhet,5,137154,14115.61,81.59,8,19,2,2,46,3,10,2,15,No
51,Male,Bachelors,Barisal,1,53015,4030.02,85.97,22,19,4,3,60,3,1,1,24,No
31,Female,Masters,Dhaka,9,27750,4265.16,95.84,5,23,3,4,31,3,5,5,43,Yes
36,Female,Masters,Sylhet,3,70865,13628.81,92.0,9,16,4,5,81,0,4,1,26,No
27,Other,Bachelors,Chittagong,4,35673,2720.63,83.19,24,25,2,4,25,3,6,6,7,No
45,Female,High School,Barisal,6,15795,2749.95,87.07,20,14,4,3,63,2,1,7,9,Yes
31,Male,PhD,Rajshahi,11,104896,6015.23,77.03,22,22,1,1,69,0,3,7,49,Yes
49,Female,Bachelors,Barisal,8,108619,10449.62,88.93,6,24,1,2,17,3,9,7,6,No
59,Male,Bachelors,Dhaka,1,37630,6746.5,77.14,7,14,3,2,95,2,9,4,38,No
51,Male,Bachelors,Chittagong,8,65401,5160.11,80.62,17,24,0,1,40,2,5,1,20,No
41,Male,Bachelors,Khulna,8,23262,2844.0,78.7,9,6,0,2,93,1,2,7,0,Yes
56,Male,Bachelors,Khulna,5,39069,3851.28,88.91,11,24,3,5,46,2,1,2,13,No
49,Male,Masters,Sylhet,3,101824,6662.1,84.74,22,20,1,2,79,0,4,1,44,Yes
38,Male,High School,Dhaka,2,29129,4307.81,75.1,17,11,3,2,97,0,8,3,14,No
59,Male,Bachelors,Sylhet,11,123955,22396.41,84.37,12,5,4,3,21,0,7,3,25,No
48,Male,Bachelors,Barisal,4,44855,6464.12,80.07,6,7,1,5,90,1,8,9,4,No
41,Female,Bachelors,Chittagong,8,40586,6371.83,88.07,13,7,1,1,80,2,8,3,37,No
51,Female,Bachelors,Barisal,6,15024,1529.66,92.03,12,26,3,1,42,0,6,1,9,Yes
40,Male,Masters,Chittagong,3,37966,3482.55,88.19,14,5,2,4,51,1,4,10,1,No
53,Female,High School,Khulna,14,100167,5892.66,88.97,16,10,4,5,60,0,8,8,20,No
34,Male,Bachelors,Chittagong,1,88880,4581.89,92.68,19,14,2,5,88,1,2,4,13,No
27,Other,Bachelors,Rajshahi,6,26667,5166.2,80.86,15,4,1,1,90,0,9,3,7,No
30,Male,PhD,Dhaka,13,67892,12583.79,76.47,8,5,3,1,18,1,1,7,49,Yes
33,Male,Bachelors,Barisal,3,112212,12841.89,81.66,21,18,4,1,50,2,10,10,17,No
34,Male,Masters,Rajshahi,7,135289,18550.49,82.08,14,20,0,4,48,1,8,5,9,No
25,Male,Bachelors,Sylhet,13,95300,15458.21,95.62,10,26,4,1,27,2,1,10,31,Yes
43,Male,Masters,Barisal,4,43995,4840.49,99.75,7,24,1,2,30,3,4,7,30,No
53,Male,High School,Chittagong,1,17241,2015.58,93.12,11,5,3,1,56,3,4,7,10,Yes
53,Female,Masters,Dhaka,7,44992,7324.13,90.88,10,3,4,3,83,1,2,9,7,No
42,Male,Bachelors,Khulna,5,73527,12471.26,98.76,15,25,2,1,17,1,5,9,36,No
34,Female,High School,Chittagong,9,19405,1459.43,76.54,8,16,2,2,26,0,7,7,0,Yes
35,Male,Masters,Barisal,9,68474,6295.31,98.16,13,5,2,3,59,3,9,3,12,No
46,Male,Bachelors,Rajshahi,11,85420,9343.66,95.96,14,19,4,3,72,2,1,10,36,No
25,Female,Masters,Rajshahi,4,85517,5144.46,87.31,14,14,3,3,53,3,1,10,40,No
52,Male,Bachelors,Barisal,10,74509,9378.2,83.33,22,7,4,2,72,3,2,4,7,Yes
28,Male,Masters,Sylhet,5,86160,5139.87,83.96,14,16,3,4,56,2,5,4,13,No
50,Male,High School,Chittagong,4,91268,6626.63,91.15,14,10,3,1,34,1,10,7,15,No
43,Male,Masters,Barisal,1,51737,8440.89,94.57,7,24,0,3,69,1,1,3,25,No
27,Male,Bachelors,Barisal,12,27061,1680.58,77.35,23,11,1,1,25,2,1,4,42,Yes
25,Male,Bachelors,Dhaka,2,99530,7763.42,86.97,8,24,4,4,20,2,8,5,10,No
38,Female,High School,Chittagong,1,104978,11701.44,98.13,16,21,3,5,89,1,10,1,14,No
47,Female,High School,Chittagong,4,146492,19276.99,92.78,24,18,1,4,97,1,4,7,23,No
58,Male,High School,Barisal,8,114445,16327.21,80.98,5,8,1,5,12,0,5,2,33,No
31,Female,Bachelors,Sylhet,14,53158,5094.78,93.79,21,20,1,5,62,3,6,10,5,No
59,Female,Bachelors,Dhaka,12,77547,10306.0,78.19,24,18,1,1,70,3,10,9,28,No
25,Female,High School,Barisal,13,64698,6236.41,79.82,14,18,4,1,81,3,6,8,4,No
46,Female,Bachelors,Sylhet,7,25495,1365.29,99.41,23,13,3,1,93,2,2,6,13,Yes
56,Male,Masters,Chittagong,13,107155,17609.29,99.76,18,15,3,1,44,1,4,8,1,No
39,Female,Bachelors,Dhaka,5,78060,6123.33,97.46,24,1,4,2,69,2,6,1,24,No
27,Male,High School,Dhaka,13,66373,3814.97,97.32,15,6,2,2,35,0,4,7,33,No
36,Male,High School,Dhaka,2,105236,6179.11,82.75,20,1,3,4,35,2,10,4,37,No
36,Male,Bachelors,Barisal,14,147419,14389.53,97.93,17,26,3,5,13,2,2,1,45,Yes
42,Female,PhD,Barisal,12,15906,2096.76,90.75,19,29,3,1,29,2,1,5,37,Yes
35,Male,Bachelors,Dhaka,7,72806,4037.24,89.03,15,19,4,5,89,1,7,8,3,No
23,Male,Bachelors,Dhaka,1,74928,12420.92,97.32,8,12,2,2,82,3,6,6,37,No
31,Male,Masters,Chittagong,1,15046,949.22,92.87,18,11,4,3,25,3,2,5,19,Yes
24,Male,Masters,Dhaka,3,145539,8554.35,89.8,7,26,3,4,64,0,1,8,18,Yes
49,Female,Bachelors,Dhaka,2,144175,13103.89,83.99,8,1,1,5,50,3,2,10,2,No
46,Female,Masters,Sylhet,10,62707,10038.49,75.18,14,24,2,1,95,3,4,3,44,Yes
39,Male,Bachelors,Rajshahi,1,78796,8978.93,82.95,18,24,1,4,16,2,7,4,16,No
52,Male,High School,Chittagong,7,49296,5442.21,98.46,15,10,3,5,80,0,10,6,32,No
42,Male,Bachelors,Chittagong,10,110441,17828.08,84.2,10,28,0,5,19,0,3,4,48,Yes
44,Male,Masters,Khulna,2,94691,15286.81,79.94,14,16,3,3,68,1,4,4,36,No
31,Female,High School,Barisal,7,50204,6158.82,99.21,24,23,4,3,11,1,10,3,48,Yes
45,Female,PhD,Dhaka,8,30250,5760.65,82.24,17,10,3,2,35,0,4,9,35,No
58,Male,Masters,Dhaka,3,102257,16726.71,85.12,8,21,2,1,26,3,5,7,26,No
52,Male,Bachelors,Chittagong,11,119650,21578.5,99.64,10,29,1,5,84,2,9,10,32,No
51,Female,Bachelors,Khulna,14,59963,5769.53,99.22,16,13,3,1,28,1,2,6,33,Yes
25,Female,Bachelors,Sylhet,6,79708,14588.41,96.99,22,16,1,4,32,0,2,10,39,No
34,Female,Masters,Khulna,7,21262,3158.6,99.19,8,9,4,5,99,3,5,9,16,No
55,Male,Masters,Rajshahi,3,138313,14285.56,77.65,6,26,4,1,27,1,8,1,49,Yes
37,Female,Masters,Barisal,12,95866,13461.35,75.06,24,29,4,5,93,2,1,5,17,Yes
32,Male,Bachelors,Barisal,11,67096,6515.65,76.63,20,16,0,4,89,2,1,1,14,No
29,Female,Bachelors,Sylhet,7,44307,6158.19,97.72,6,6,3,4,76,2,7,1,8,No
24,Female,High School,Barisal,2,61994,7064.2,91.89,6,6,2,4,60,1,5,1,36,No
40,Other,Bachelors,Dhaka,5,28903,3236.4,76.95,12,18,0,4,53,0,8,9,14,No
25,Female,Masters,Barisal,11,75926,9862.33,90.68,6,16,0,5,13,0,6,3,8,No
58,Female,High School,Rajshahi,12,66244,5589.93,89.75,23,20,3,1,15,3,10,10,21,No
46,Male,Masters,Sylhet,7,43198,8007.5,77.57,12,19,1,4,53,1,5,4,22,No
57,Female,High School,Khulna,3,131456,18430.65,82.98,17,3,3,1,13,1,8,6,11,No
31,Female,High School,Chittagong,6,105621,20846.43,96.02,6,23,1,4,66,0,5,2,49,Yes
53,Female,Bachelors,Chittagong,12,48938,9033.47,90.57,6,23,2,4,59,2,8,7,42,Yes
27,Female,Bachelors,Rajshahi,2,121926,10729.29,76.7,24,10,4,3,14,0,10,4,41,Yes
26,Female,Bachelors,Dhaka,3,62727,10134.96,95.32,24,5,1,5,22,2,6,8,20,No
22,Female,Bachelors,Chittagong,2,61989,9868.56,89.13,12,7,3,5,70,3,9,6,47,Yes
56,Male,Bachelors,Chittagong,1,58434,6210.21,89.61,12,23,1,1,29,2,1,4,0,Yes
25,Male,Bachelors,Dhaka,8,64672,6139.84,80.18,20,23,1,2,23,2,2,1,47,Yes
30,Other,High School,Chittagong,2,53715,8936.85,92.43,19,20,3,4,61,3,1,6,30,No
53,Male,Bachelors,Dhaka,9,80349,5619.14,78.91,17,28,2,3,17,2,5,9,32,No
47,Male,Bachelors,Chittagong,11,119456,15590.47,78.15,19,29,3,4,10,0,10,7,29,No
23,Female,High School,Sylhet,12,51223,8807.16,98.36,12,3,0,4,19,1,1,9,14,No
39,Female,High School,Rajshahi,5,99716,6424.73,96.63,18,6,0,3,80,3,1,3,31,No
50,Female,Bachelors,Chittagong,8,148206,28595.77,87.71,22,15,3,3,46,2,6,1,40,No
51,Male,High School,Sylhet,7,23413,1803.27,82.26,20,12,4,3,40,3,6,4,40,No
22,Male,Bachelors,Dhaka,5,100377,9500.67,89.9,18,24,2,3,48,2,10,1,16,No
25,Female,High School,Sylhet,4,30149,4269.17,89.31,21,17,4,3,26,1,3,7,3,No
36,Female,Bachelors,Chittagong,8,76704,10135.15,82.29,14,17,3,4,45,0,5,10,24,No
38,Male,Bachelors,Chittagong,3,48299,5148.58,82.82,12,7,3,5,69,0,6,8,9,No
53,Male,Bachelors,Khulna,10,54111,7810.01,78.66,16,26,1,5,29,0,8,2,16,No
30,Female,Masters,Khulna,6,126878,15382.6,94.44,15,28,2,2,26,1,8,5,11,Yes
41,Female,Masters,Rajshahi,6,109353,15924.95,80.02,7,13,0,4,45,1,6,10,3,No
47,Male,High School,Chittagong,8,50775,3686.95,86.77,5,25,0,2,43,0,3,5,32,No
39,Female,Masters,Rajshahi,11,81484,10842.66,96.89,13,20,1,5,30,0,10,1,27,No
41,Female,High School,Sylhet,6,96156,5892.86,94.15,16,16,2,1,59,1,7,10,6,No
50,Male,Bachelors,Barisal,4,141442,27640.33,87.47,23,20,2,1,25,3,2,1,19,Yes
23,Male,Bachelors,Rajshahi,11,96004,6935.58,75.84,22,7,4,4,99,2,4,8,21,No
34,Male,Bachelors,Khulna,10,45581,3575.71,80.6,16,16,4,4,59,2,1,5,28,No
50,Female,Masters,Rajshahi,6,67139,13005.43,90.91,5,18,0,2,58,1,7,6,19,No
35,Other,Masters,Chittagong,8,113898,20704.42,84.82,22,3,4,3,15,0,6,7,39,No
56,Female,High School,Khulna,12,32568,3947.27,98.91,11,9,0,4,34,0,9,4,37,No
52,Male,Masters,Chittagong,6,123572,17443.18,82.45,10,11,4,2,18,3,8,10,42,Yes
51,Other,High School,Khulna,11,142277,9981.28,91.21,5,19,4,1,45,0,4,2,23,No
32,Female,Masters,Chittagong,11,138719,8699.72,95.31,15,18,0,2,35,0,8,1,47,Yes
59,Male,Masters,Dhaka,7,135324,13785.57,76.81,18,10,0,1,99,0,9,2,30,No
44,Female,Bachelors,Rajshahi,12,106530,10313.7,91.8,21,15,2,5,84,3,6,6,0,No
38,Male,PhD,Khulna,10,75723,12152.74,87.3,24,29,1,5,71,2,6,8,47,Yes
38,Female,Bachelors,Khulna,1,50284,4804.63,98.17,19,8,0,4,41,1,7,6,20,No
50,Male,Bachelors,Khulna,9,100171,17741.9,79.76,12,27,3,3,84,3,3,5,31,No
40,Female,High School,Sylhet,6,115439,7214.74,90.61,22,8,3,5,44,3,2,4,32,No
27,Other,Bachelors,Sylhet,7,117650,6875.41,93.96,7,6,0,1,51,3,7,1,31,No
22,Female,Bachelors,Dhaka,11,47621,6498.53,95.88,6,21,4,3,68,1,10,6,42,Yes
35,Male,Bachelors,Chittagong,3,130116,13499.4,78.52,17,20,2,1,24,1,3,5,7,No
36,Male,Bachelors,Chittagong,1,140097,24046.76,84.26,19,8,3,2,25,1,8,6,5,No
24,Female,Bachelors,Dhaka,14,115003,20665.71,99.84,16,15,4,5,14,2,10,5,29,No
38,Male,High School,Barisal,13,56765,10379.95,76.36,21,14,0,1,21,0,8,6,46,Yes
40,Male,High School,Dhaka,12,60997,10207.29,97.8,20,21,1,1,28,2,7,1,5,No
32,Male,PhD,Barisal,9,117006,14753.44,99.78,6,24,4,2,29,2,10,10,5,No
31,Male,High School,Rajshahi,12,34536,3013.27,82.68,22,11,4,4,81,1,10,8,30,No
59,Female,High School,Khulna,9,68204,4456.13,98.02,13,16,1,2,84,0,7,9,38,No
36,Male,Bachelors,Rajshahi,11,80973,7999.72,89.07,17,13,0,3,63,0,4,10,33,No
26,Female,High School,Sylhet,8,23058,3716.53,87.17,9,23,1,2,16,1,4,2,7,No
50,Male,Bachelors,Barisal,7,97896,18340.22,98.26,22,5,3,1,29,2,4,3,2,No
27,Male,Bachelors,Khulna,9,74604,7627.03,81.11,10,14,2,3,57,0,9,8,30,No
48,Female,Bachelors,Barisal,4,79364,8504.52,77.8,12,25,3,1,93,3,7,10,23,No
59,Other,Bachelors,Chittagong,4,42751,2813.57,79.0,12,14,4,1,50,2,7,7,30,No
33,Female,Bachelors,Barisal,12,143159,10728.3,93.23,12,17,4,4,53,0,6,7,13,No
30,Female,PhD,Khulna,4,22275,1870.35,86.33,19,23,1,5,66,1,5,7,28,No
23,Male,Bachelors,Dhaka,7,129941,12024.44,93.67,17,26,2,4,99,3,10,4,17,No
48,Male,High School,Sylhet,14,19931,3447.48,88.73,12,21,2,4,88,1,8,8,17,No
40,Male,Bachelors,Khulna,11,24811,3059.1,81.49,16,7,2,3,83,0,6,2,12,No
31,Female,Bachelors,Dhaka,9,131479,21494.01,84.03,9,17,3,1,80,2,4,9,30,No
55,Male,Masters,Sylhet,6,65356,5991.65,75.96,8,18,3,5,81,1,3,6,19,No
31,Male,Bachelors,Dhaka,8,139187,7054.61,84.31,16,3,0,2,21,1,8,4,2,No
45,Male,PhD,Barisal,5,51056,4147.04,76.93,12,4,0,1,22,2,8,2,30,No
48,Male,Bachelors,Rajshahi,8,79352,7195.9,88.25,6,15,3,5,84,2,2,4,12,No
33,Other,High School,Dhaka,10,133554,17499.37,93.14,6,11,4,2,27,3,9,7,42,Yes
56,Female,Bachelors,Rajshahi,4,38203,6200.3,88.01,15,18,3,4,42,0,5,1,36,No
33,Female,Bachelors,Khulna,9,71749,11276.31,97.96,21,11,0,1,52,1,8,6,12,No
24,Male,Bachelors,Rajshahi,3,32899,5567.98,78.57,23,1,4,3,69,2,2,8,29,No
52,Female,Bachelors,Khulna,8,94424,14063.09,99.34,12,9,4,1,75,0,9,9,29,No
39,Female,Bachelors,Sylhet,13,43961,8274.57,94.92,9,28,3,1,75,2,10,5,42,Yes
44,Male,Bachelors,Rajshahi,7,17444,3279.94,82.54,18,27,4,3,53,1,6,5,22,Yes
45,Male,Masters,Dhaka,1,122134,13245.81,99.99,10,8,0,5,28,2,8,7,37,No
36,Male,Masters,Dhaka,6,78751,7481.29,87.95,9,27,1,1,92,2,4,5,46,Yes
53,Female,Masters,Chittagong,14,124697,24779.56,90.3,6,5,0,1,91,1,2,7,6,Yes
45,Female,Bachelors,Chittagong,3,149988,15646.73,90.58,13,1,3,5,69,3,8,7,44,Yes
31,Male,Bachelors,Khulna,1,32293,6074.98,99.91,14,19,3,2,41,3,4,7,33,No
45,Male,Bachelors,Chittagong,2,99307,13410.41,99.57,6,19,3,3,27,2,3,2,26,No
28,Male,High School,Khulna,14,75183,7622.16,81.08,16,8,3,2,32,0,5,6,45,Yes
36,Male,Masters,Sylhet,12,27694,3920.32,91.27,23,15,2,2,37,2,10,10,20,No
35,Female,Bachelors,Rajshahi,13,16393,2840.87,89.75,20,28,0,3,23,1,9,4,15,Yes
28,Male,PhD,Dhaka,1,72670,7061.25,89.41,6,9,1,3,16,3,4,10,33,No
43,Male,Bachelors,Dhaka,2,35405,5219.41,80.22,22,16,0,2,29,3,10,3,34,No
27,Male,Bachelors,Sylhet,9,59919,7258.37,87.92,8,18,0,4,26,2,9,1,4,No
45,Male,High School,Sylhet,7,142039,20145.69,93.06,20,20,0,2,73,1,1,5,39,Yes
46,Male,Masters,Dhaka,9,127798,17076.18,85.5,22,6,0,5,83,1,5,1,43,Yes
26,Male,Bachelors,Rajshahi,9,23649,1632.22,79.15,7,4,2,3,60,1,3,6,5,No
53,Male,Bachelors,Dhaka,12,120480,17176.78,83.21,17,25,2,4,58,3,4,7,27,No
23,Male,Bachelors,Khulna,13,146332,13646.15,77.04,10,10,1,1,97,1,8,1,14,No
39,Male,Masters,Dhaka,13,104981,17943.3,94.24,19,1,1,5,28,2,1,7,47,Yes
33,Male,Bachelors,Dhaka,6,44797,8476.32,77.23,12,16,0,2,88,1,3,4,49,Yes
54,Male,Masters,Chittagong,5,116550,9141.51,76.5,17,12,2,1,52,3,6,1,17,No
49,Female,Masters,Sylhet,7,85314,6651.9,95.18,7,27,4,5,63,0,6,3,32,No
40,Male,Bachelors,Rajshahi,5,79852,13436.01,92.13,6,14,1,5,28,0,10,10,17,No
34,Male,Bachelors,Dhaka,5,99935,8307.5,96.86,17,4,4,2,17,0,2,10,14,Yes
55,Female,Masters,Chittagong,4,82753,8162.28,86.21,5,5,4,1,40,1,2,9,43,Yes
49,Male,Masters,Khulna,3,122728,21039.42,87.09,22,26,1,5,19,3,1,7,44,Yes
54,Female,Masters,Chittagong,2,112471,17935.08,92.49,7,21,2,2,72,3,10,8,6,No
51,Female,Bachelors,Dhaka,2,108997,7268.74,86.16,12,22,1,1,80,0,3,4,46,Yes
23,Male,Bachelors,Barisal,11,46796,4223.62,80.74,11,22,4,4,93,1,2,7,5,No
56,Male,Masters,Khulna,4,117525,22562.58,86.6,16,3,3,1,51,1,3,9,6,No
37,Female,High School,Chittagong,13,104209,8377.18,92.09,20,27,3,5,88,0,6,4,48,Yes
37,Male,Masters,Khulna,5,115396,23065.92,77.76,15,22,3,1,78,2,10,5,9,No
23,Male,High School,Rajshahi,11,105664,18861.74,84.88,6,21,2,2,69,3,8,3,26,No
50,Male,Bachelors,Barisal,8,22336,3479.72,88.51,22,13,2,3,85,0,6,1,36,No
35,Male,Bachelors,Khulna,11,49120,6460.91,96.16,8,7,3,4,30,2,6,9,20,No
31,Male,Masters,Khulna,1,56005,4792.39,78.41,20,18,2,3,35,3,6,3,47,Yes
51,Female,PhD,Chittagong,12,81292,8952.58,89.58,21,15,3,2,42,2,1,3,12,Yes
43,Other,PhD,Barisal,6,131140,23136.55,75.27,16,19,3,2,66,3,1,7,48,Yes
31,Male,Bachelors,Dhaka,3,106259,20003.77,82.88,7,2,3,1,66,0,4,7,9,No
41,Male,High School,Rajshahi,7,26364,2886.01,83.69,18,12,4,1,16,1,4,10,22,No
54,Male,High School,Dhaka,1,103286,5259.57,85.37,19,15,0,4,72,1,10,1,23,No
47,Female,High School,Dhaka,8,133769,8940.69,93.98,20,29,0,5,67,3,2,6,5,Yes
43,Male,High School,Khulna,2,29734,1544.47,78.18,24,21,0,2,85,3,1,5,43,Yes
29,Female,Bachelors,Chittagong,2,40780,2988.96,77.57,21,2,0,4,15,2,5,7,19,No
23,Female,PhD,Rajshahi,12,84994,13958.95,76.38,8,19,2,1,79,2,9,1,27,No
39,Male,Masters,Chittagong,9,122928,22517.48,92.04,6,15,0,1,12,1,2,1,8,Yes
33,Male,Bachelors,Chittagong,8,94421,12237.25,87.3,12,9,3,3,49,0,3,1,49,Yes
26,Female,High School,Sylhet,8,15282,2200.49,78.92,23,26,1,5,24,2,8,1,19,Yes
59,Male,Masters,Sylhet,2,46226,5590.59,82.95,19,17,2,4,91,0,9,3,39,No
51,Female,High School,Chittagong,10,95857,12674.63,98.57,16,24,3,1,34,3,5,9,28,No
54,Female,Bachelors,Sylhet,2,32563,3501.94,95.16,15,5,1,1,31,2,2,1,25,Yes
29,Male,High School,Sylhet,13,23661,4514.48,88.32,24,24,3,1,92,0,7,4,17,No
31,Other,Bachelors,Khulna,6,71000,7630.67,92.44,15,23,2,3,48,2,8,6,23,No
25,Female,Bachelors,Dhaka,12,113644,18490.61,78.4,11,5,1,5,27,2,7,7,6,No
22,Other,High School,Sylhet,3,91741,6332.61,76.38,7,8,2,3,76,0,2,3,32,No
44,Female,Masters,Dhaka,8,80653,4742.02,80.66,10,10,0,5,43,3,10,10,35,No
45,Female,Bachelors,Barisal,5,117924,8974.39,82.44,16,27,0,1,90,1,7,9,12,Yes
41,Female,High School,Dhaka,12,130061,15132.47,91.12,22,1,1,1,69,3,5,4,35,No
50,Male,Masters,Rajshahi,11,111939,10316.46,81.76,16,17,2,5,40,3,8,3,32,No
40,Male,Bachelors,Dhaka,3,133600,9431.68,76.01,10,20,0,3,78,2,1,9,37,No
54,Male,Bachelors,Barisal,13,106140,20513.67,87.53,16,18,0,1,73,0,10,7,3,No
35,Female,Bachelors,Khulna,12,112811,15626.92,97.3,21,16,2,5,32,2,2,7,12,No
29,Male,Masters,Chittagong,4,18766,3336.35,87.6,22,7,1,4,48,1,8,5,43,Yes
51,Female,High School,Khulna,3,80609,4764.61,77.56,7,5,1,3,88,2,2,5,38,No
46,Female,High School,Chittagong,9,116459,15196.86,99.36,6,22,0,4,94,0,4,3,0,No
31,Female,Bachelors,Chittagong,9,122318,6741.88,82.94,5,16,3,2,92,2,6,1,21,No
36,Male,Bachelors,Barisal,5,78524,10025.33,80.35,7,10,1,3,80,2,3,8,18,No
57,Female,Bachelors,Sylhet,10,35053,2134.92,77.86,23,23,0,4,18,2,5,10,12,No
51,Male,Bachelors,Sylhet,5,33341,2251.58,77.78,13,6,1,4,91,1,9,1,33,No
54,Female,Bachelors,Sylhet,6,65603,5350.95,83.51,11,11,3,1,46,1,5,6,38,No
43,Male,Bachelors,Barisal,5,56580,5407.54,92.43,8,3,1,3,56,2,1,5,31,No
55,Female,Bachelors,Khulna,4,29578,1904.32,96.12,12,21,0,3,41,3,2,7,14,No
37,Male,Masters,Sylhet,6,81167,10535.99,98.45,17,18,0,1,76,0,9,2,16,No
24,Female,High School,Khulna,7,78854,14094.94,81.22,14,29,0,2,44,2,1,3,21,Yes
45,Female,Masters,Dhaka,1,84650,14570.0,86.04,11,15,3,1,79,3,4,8,38,No
31,Male,Masters,Khulna,6,129701,18630.53,98.46,10,1,0,1,30,3,9,7,49,Yes
39,Male,Bachelors,Sylhet,6,29579,1580.68,99.27,18,29,4,2,75,2,3,4,41,Yes
34,Female,Bachelors,Chittagong,6,54721,9389.27,88.64,12,23,2,2,58,2,2,2,18,Yes
59,Female,Bachelors,Khulna,13,140041,24767.13,95.95,23,17,2,4,22,0,9,9,25,No
41,Other,PhD,Barisal,10,30584,5053.49,94.27,23,16,0,5,79,1,3,7,6,No
34,Male,Bachelors,Dhaka,9,109522,9766.09,79.56,16,11,0,4,75,3,3,9,17,No
48,Female,Masters,Barisal,3,114313,22587.81,97.05,19,7,4,3,55,0,8,9,13,No
44,Female,Bachelors,Khulna,3,114322,11681.52,81.86,9,15,4,4,76,1,3,1,38,No
47,Male,Masters,Rajshahi,12,37986,5106.87,88.99,10,11,4,5,79,2,5,8,41,Yes
24,Male,Bachelors,Chittagong,14,82011,7751.54,76.64,21,25,3,2,38,0,3,2,39,No
39,Female,Bachelors,Sylhet,12,33195,4233.87,79.1,13,23,4,4,37,3,1,9,3,No
59,Male,Bachelors,Barisal,9,83826,5208.3,87.16,21,29,3,2,86,3,1,8,20,Yes
32,Male,Bachelors,Khulna,14,57539,6823.82,81.33,9,23,4,4,23,3,2,9,45,Yes
57,Male,Bachelors,Khulna,8,129381,10805.34,88.39,15,7,3,4,60,2,2,1,13,No
37,Female,Masters,Chittagong,4,67646,7239.52,98.94,9,9,4,1,55,2,10,1,36,No
50,Male,Bachelors,Chittagong,4,70924,9181.82,81.24,12,26,3,3,33,3,2,8,2,Yes
31,Other,High School,Khulna,9,137071,7728.32,77.07,10,5,4,5,32,0,9,5,19,No
51,Male,High School,Chittagong,8,22335,3970.71,98.55,20,15,4,4,30,1,2,6,33,No
49,Male,Masters,Khulna,10,112436,10433.26,99.21,21,17,2,2,80,1,5,3,21,No
47,Female,Masters,Chittagong,14,60666,8157.39,96.22,9,27,1,2,37,3,9,5,5,Yes
31,Male,Bachelors,Dhaka,14,61772,10479.44,84.59,6,26,2,2,99,1,5,6,42,Yes
42,Male,Masters,Barisal,2,116996,10378.81,84.12,21,3,1,5,88,2,3,4,6,No
52,Male,Masters,Khulna,12,127899,15337.56,93.97,14,19,2,2,99,0,2,9,28,Yes
45,Male,Bachelors,Rajshahi,9,84739,4769.15,95.93,8,23,3,4,27,3,7,1,41,Yes
38,Male,High School,Dhaka,6,49574,3277.67,93.08,21,23,2,1,58,3,8,1,28,No
57,Male,Masters,Barisal,4,144014,27260.28,89.47,10,23,2,1,26,1,6,2,8,No
53,Other,Bachelors,Dhaka,4,67070,11785.57,75.52,6,28,1,2,38,3,3,10,38,Yes
55,Male,Bachelors,Sylhet,4,23642,2322.3,77.15,14,3,4,2,17,2,6,1,47,Yes
35,Female,PhD,Sylhet,8,94574,8840.07,76.18,18,18,3,5,37,0,9,1,40,No
42,Male,Masters,Khulna,3,49432,3474.7,92.25,21,7,2,1,80,2,7,8,18,No
52,Male,Bachelors,Barisal,5,81412,8666.71,87.83,6,1,1,5,78,2,7,7,1,No
57,Male,PhD,Rajshahi,8,76858,10744.69,75.17,18,12,4,5,53,3,8,10,22,No
29,Male,Bachelors,Barisal,6,91522,12296.08,79.83,21,29,1,3,52,1,5,5,33,No
39,Female,High School,Dhaka,3,70792,13812.36,95.24,22,22,3,3,76,1,3,8,48,Yes
35,Male,Bachelors,Sylhet,5,119977,21879.43,93.86,24,16,0,2,20,0,1,5,4,Yes
42,Other,Masters,Dhaka,7,140694,19791.29,99.32,19,10,3,2,55,0,4,6,16,No
55,Female,Bachelors,Barisal,11,101116,12082.26,88.05,7,27,0,5,91,1,3,2,30,No
43,Male,PhD,Dhaka,5,31120,1751.16,93.32,21,26,3,2,89,2,10,9,47,Yes
26,Female,Bachelors,Khulna,14,143850,21489.47,77.41,6,25,4,2,81,1,2,1,15,Yes
32,Female,Masters,Khulna,7,117187,8932.12,94.59,7,18,1,5,74,0,1,2,25,No
29,Male,Bachelors,Rajshahi,11,111109,15374.83,97.58,13,20,4,4,65,0,2,8,17,No
46,Female,Bachelors,Rajshahi,6,135965,12491.01,94.95,10,15,2,4,64,2,4,1,15,No
59,Female,Bachelors,Sylhet,3,31897,2788.69,89.12,7,21,3,5,65,1,4,4,31,No
56,Female,Masters,Barisal,1,82899,14795.54,94.64,15,7,1,2,99,1,2,1,41,Yes
26,Female,Bachelors,Rajshahi,5,135362,9963.82,89.54,10,7,1,3,38,0,2,1,21,No
45,Female,Bachelors,Chittagong,14,128644,23419.53,97.92,18,1,0,4,81,0,6,6,44,Yes
22,Female,High School,Rajshahi,3,38287,7629.84,79.04,18,22,3,4,44,3,1,8,42,Yes
26,Male,High School,Sylhet,3,104407,18721.8,99.95,22,22,2,5,66,2,9,3,18,No
55,Male,Bachelors,Rajshahi,13,68179,12010.32,80.77,6,29,3,4,17,3,4,9,40,No
25,Male,Masters,Barisal,7,101134,6756.78,99.7,14,29,1,5,63,1,3,10,28,No
53,Male,High School,Rajshahi,1,60953,11302.74,95.03,20,8,4,3,21,3,9,2,2,No
38,Male,Bachelors,Khulna,9,63715,12430.37,76.71,15,21,4,5,84,1,9,10,25,No
22,Male,Masters,Dhaka,8,93622,14214.24,76.83,24,27,4,1,68,3,6,5,19,Yes
58,Male,Masters,Rajshahi,3,71601,6064.37,84.67,10,7,3,5,29,1,6,4,32,No
52,Female,High School,Rajshahi,11,69121,7341.52,89.9,15,26,2,2,47,3,3,2,32,Yes
57,Male,Masters,Dhaka,2,132575,26141.75,75.74,16,7,0,3,38,1,10,7,46,Yes
42,Male,High School,Rajshahi,9,58755,10415.85,80.74,8,10,4,5,47,2,1,2,14,No
56,Male,High School,Sylhet,14,33272,2435.94,99.97,10,4,3,2,96,3,9,3,10,No
28,Female,Bachelors,Rajshahi,7,98166,10565.85,78.93,21,21,4,1,56,1,5,6,38,No
35,Female,Bachelors,Rajshahi,9,129966,24262.74,93.22,11,13,1,4,35,3,8,2,37,No
54,Female,Bachelors,Barisal,14,93126,12210.73,95.89,16,21,0,1,25,3,10,8,43,Yes
57,Male,Masters,Dhaka,3,47113,2876.77,87.8,12,21,2,3,25,3,5,1,41,Yes
30,Male,Bachelors,Sylhet,8,137281,7000.16,82.0,15,9,2,3,73,3,9,9,6,No
51,Female,High School,Barisal,13,15226,2002.61,94.98,18,6,2,5,77,0,3,7,36,No
56,Male,High School,Rajshahi,1,129669,10034.17,89.38,17,29,4,4,40,2,7,8,15,No
43,Other,Masters,Sylhet,13,61443,11887.12,91.79,11,10,1,4,36,3,9,4,17,No
42,Male,Masters,Dhaka,3,121776,12454.12,98.99,7,27,1,4,64,0,7,10,27,No
30,Female,Bachelors,Rajshahi,1,69635,13919.12,96.97,15,14,2,3,55,3,10,3,32,No
25,Male,Masters,Dhaka,9,48418,9385.01,82.43,9,8,3,3,43,1,1,3,8,No
50,Male,Bachelors,Dhaka,3,59056,11561.63,97.59,16,16,3,3,60,2,5,4,32,No
50,Female,High School,Barisal,9,119725,18237.4,91.59,19,1,3,4,15,3,1,9,26,No
59,Female,Bachelors,Khulna,2,93605,11832.14,79.93,21,21,3,5,13,3,7,8,46,Yes
53,Male,Masters,Barisal,7,137553,12871.35,84.38,22,17,2,3,78,0,2,4,49,Yes
58,Female,Bachelors,Dhaka,9,110823,15058.6,75.96,6,4,2,3,56,2,9,3,40,No
29,Female,Bachelors,Rajshahi,11,40160,3429.28,78.32,21,7,2,1,72,3,8,6,9,No
38,Female,Masters,Barisal,9,53114,4546.87,88.88,16,3,4,5,19,0,1,3,6,No
33,Female,High School,Dhaka,10,121283,11519.71,86.79,9,19,4,5,67,2,2,9,25,No
38,Female,Bachelors,Sylhet,14,137569,23228.95,78.67,23,1,0,3,69,2,2,10,29,No
41,Male,Bachelors,Rajshahi,1,112103,8611.99,76.95,20,10,1,3,84,2,3,5,2,No
50,Female,Bachelors,Chittagong,8,67450,3961.71,91.61,18,26,0,1,48,1,9,6,21,Yes
28,Female,Masters,Barisal,5,132033,13109.7,84.61,24,27,3,3,28,3,8,4,43,Yes
22,Male,Masters,Barisal,3,136829,11380.4,86.51,21,2,0,1,51,0,3,4,45,Yes
25,Female,High School,Khulna,4,117695,23229.29,75.95,5,10,3,1,37,0,9,9,28,No
51,Female,Bachelors,Barisal,2,86495,15849.51,81.25,11,17,2,1,85,2,2,1,47,Yes
26,Male,Masters,Chittagong,3,130538,12106.55,98.91,9,23,4,5,63,2,5,3,2,No
46,Male,High School,Khulna,5,126134,12420.95,78.2,16,15,4,2,89,2,9,9,33,No
46,Male,Masters,Khulna,4,73194,12828.22,83.38,23,9,2,3,58,3,4,5,26,No
27,Female,Masters,Barisal,7,116214,16179.71,87.69,7,15,0,3,33,3,7,1,20,No
31,Male,Bachelors,Rajshahi,8,100308,16844.71,95.32,15,26,1,3,80,0,8,1,5,No
28,Female,Masters,Rajshahi,11,81862,13146.03,76.95,5,26,1,4,59,3,1,9,20,Yes
47,Female,Bachelors,Barisal,14,33980,3978.59,98.88,13,24,4,3,39,0,5,2,8,No
36,Male,Bachelors,Chittagong,8,121604,14822.88,98.75,20,10,2,1,38,1,4,7,20,No
36,Male,High School,Sylhet,7,49912,2721.45,77.11,23,5,1,3,43,3,8,1,27,No
32,Female,Masters,Sylhet,10,137653,12347.59,99.62,14,11,4,5,34,2,3,5,31,No
59,Male,High School,Barisal,1,29942,2258.01,87.66,11,9,0,4,62,3,3,1,13,No
44,Male,Masters,Khulna,7,103006,18398.28,96.53,7,27,1,1,55,0,3,6,15,Yes
55,Male,Masters,Chittagong,3,31333,3383.6,82.96,7,4,4,4,17,3,5,6,20,No
26,Male,Bachelors,Dhaka,13,72546,8844.01,82.96,8,7,2,5,97,1,1,8,12,No
45,Female,Bachelors,Rajshahi,11,94149,18051.45,76.31,11,15,4,4,90,1,1,2,34,No
59,Male,High School,Barisal,11,127328,21572.88,75.81,12,9,3,3,39,0,5,2,22,No
57,Female,Bachelors,Dhaka,7,145534,17862.78,82.89,6,16,3,4,73,0,8,10,48,Yes
44,Male,Bachelors,Khulna,1,115338,17127.39,90.71,8,20,1,4,57,2,1,3,4,No
38,Male,Bachelors,Barisal,11,31405,3822.28,93.92,24,26,2,5,29,3,10,10,10,No
35,Female,Bachelors,Khulna,11,54524,6486.5,87.59,24,29,4,2,64,0,10,3,48,Yes
57,Male,Bachelors,Sylhet,9,85118,11116.77,79.74,24,2,2,2,87,1,2,1,34,Yes
44,Male,High School,Rajshahi,12,31546,5064.09,91.94,20,14,3,4,79,1,10,7,3,No
29,Male,Masters,Rajshahi,12,112495,12082.84,95.93,19,6,4,4,84,0,5,4,11,No
51,Female,Bachelors,Sylhet,13,24479,1922.15,75.2,11,1,1,5,37,1,10,7,49,Yes
55,Female,Masters,Chittagong,12,106364,17080.34,79.51,23,14,4,2,93,2,4,9,18,No
26,Female,High School,Dhaka,14,92756,6058.3,78.48,9,11,4,5,37,3,10,4,24,No
40,Male,Bachelors,Khulna,2,68320,6094.96,88.74,18,28,1,1,87,0,8,7,7,Yes
57,Male,High School,Sylhet,5,54881,4091.37,86.51,18,7,4,1,77,3,10,8,41,Yes
52,Male,Bachelors,Sylhet,3,137665,12181.42,98.15,22,24,4,2,43,1,9,7,36,No
26,Male,High School,Barisal,11,99633,16772.02,93.41,8,15,4,4,82,2,8,9,20,No
44,Male,Masters,Barisal,7,95564,5172.89,86.88,12,9,3,1,77,3,2,6,25,Yes
36,Female,High School,Khulna,12,117800,18413.49,75.71,6,9,4,5,94,3,7,10,0,No
30,Female,Bachelors,Chittagong,3,84407,6195.43,91.64,5,5,3,3,94,1,2,7,1,No
25,Male,Bachelors,Rajshahi,10,49627,7859.73,89.56,23,4,0,5,68,0,2,2,3,No
30,Male,Masters,Barisal,5,113364,6569.33,85.11,5,5,4,2,78,1,3,8,15,No
56,Female,Bachelors,Khulna,6,66774,6375.27,84.76,15,16,3,1,57,2,10,4,47,Yes
47,Female,Bachelors,Khulna,5,30729,2493.16,98.44,22,14,3,4,18,3,3,8,40,No
31,Female,High School,Sylhet,6,85613,9347.52,76.21,23,12,3,2,96,1,7,2,43,Yes
27,Female,High School,Barisal,3,89450,15286.99,91.63,15,19,4,5,39,1,4,9,28,No
37,Male,Bachelors,Dhaka,7,63411,4893.43,90.74,5,29,3,1,41,2,1,8,40,Yes
30,Female,Bachelors,Rajshahi,5,17105,1359.31,97.55,19,17,3,4,40,1,5,2,9,No
53,Male,Masters,Barisal,3,54502,5383.12,79.59,10,14,0,1,55,2,9,6,1,No
37,Male,Bachelors,Chittagong,11,124781,7183.11,87.87,12,18,3,5,64,3,3,6,18,No
36,Male,Bachelors,Khulna,1,62443,11698.67,77.28,15,18,2,1,95,3,6,2,2,No
52,Male,Bachelors,Dhaka,1,43505,2185.43,86.27,8,16,3,5,98,1,10,5,12,No
26,Female,High School,Khulna,13,149482,11701.59,95.42,12,1,1,1,28,0,3,5,46,Yes
26,Male,Masters,Barisal,12,36933,3661.97,85.12,9,28,0,4,10,2,5,8,23,No
48,Male,High School,Barisal,3,126743,6447.66,90.25,10,3,0,2,32,3,3,6,33,No
37,Female,Bachelors,Barisal,9,149425,29016.41,95.64,5,8,1,3,89,2,6,7,46,Yes
40,Male,Bachelors,Sylhet,14,17782,2437.2,88.51,23,3,3,3,67,2,1,7,6,Yes
52,Male,Bachelors,Khulna,5,148673,19221.59,76.45,24,28,0,2,42,0,7,7,32,Yes
49,Male,Bachelors,Khulna,11,45170,5977.5,99.98,14,23,2,1,76,0,8,1,49,Yes
36,Female,High School,Chittagong,9,115089,10284.48,92.29,16,29,3,3,63,3,4,7,21,No
54,Male,Bachelors,Chittagong,2,124686,12387.43,89.13,20,28,2,4,29,0,9,7,49,Yes
41,Male,Bachelors,Khulna,1,83653,12487.83,87.04,21,7,2,4,94,1,4,5,31,No
30,Male,Bachelors,Chittagong,6,63458,9502.51,99.12,16,1,4,3,71,2,9,8,21,No
45,Female,Masters,Chittagong,13,104698,13635.05,92.39,9,23,1,3,10,1,10,3,43,Yes
52,Male,Bachelors,Sylhet,13,116189,8110.25,94.29,7,9,1,4,29,2,3,3,12,No
25,Male,Masters,Khulna,6,30747,4933.59,93.38,13,12,0,1,22,3,10,8,12,No
59,Male,PhD,Rajshahi,14,103703,9666.44,91.24,15,26,0,1,17,2,10,9,19,Yes
50,Male,Masters,Barisal,11,15901,3006.77,94.97,10,10,0,2,55,2,4,3,33,Yes
59,Female,Masters,Sylhet,2,92790,6504.39,77.28,22,13,2,4,63,3,6,9,16,No
28,Male,Bachelors,Barisal,9,58783,6057.69,79.26,15,2,4,4,14,2,7,10,7,No
48,Male,Masters,Sylhet,6,139923,18061.19,78.23,16,19,4,3,49,3,2,9,27,No
22,Male,Masters,Khulna,9,113564,20859.68,89.45,20,11,3,4,80,0,2,3,32,No
56,Male,High School,Dhaka,12,121707,23757.45,77.37,18,16,0,4,98,2,1,7,24,No
53,Male,High School,Sylhet,6,142622,18930.71,86.44,24,23,3,4,38,3,1,3,33,No
46,Female,Bachelors,Sylhet,12,43604,5070.62,89.56,13,26,4,3,72,3,4,1,36,No
24,Other,Masters,Dhaka,9,94616,13397.58,78.24,13,19,4,3,30,2,2,4,13,No
23,Male,Bachelors,Barisal,1,29342,2838.46,77.03,20,9,4,2,67,0,4,4,31,No
29,Female,High School,Barisal,12,54473,3855.8,80.68,6,17,1,2,46,1,1,9,48,Yes
22,Male,High School,Khulna,13,56528,6595.43,81.2,16,23,3,3,65,1,10,8,3,No
56,Male,Bachelors,Dhaka,14,45394,8972.45,94.88,12,25,0,4,94,3,4,4,20,No
33,Male,Bachelors,Khulna,3,39874,5714.11,96.85,5,8,4,5,85,1,2,7,1,No
42,Male,Bachelors,Sylhet,9,97167,16076.03,97.6,5,10,0,2,83,3,7,9,19,No
32,Male,Masters,Dhaka,3,78547,6154.26,83.39,5,24,2,1,61,1,2,1,42,Yes
46,Male,Bachelors,Sylhet,5,123163,6710.04,96.96,15,1,0,4,89,0,1,1,47,Yes
37,Female,Masters,Rajshahi,10,45920,5609.17,87.43,17,24,4,5,47,3,4,2,28,No
32,Male,Bachelors,Rajshahi,11,60599,8373.67,90.12,12,11,0,5,62,2,2,9,7,No
34,Female,Bachelors,Khulna,9,66508,8456.29,94.99,9,29,2,1,65,3,4,8,40,Yes
39,Male,Bachelors,Khulna,4,52691,3159.13,86.28,19,7,2,5,57,0,1,5,12,No
24,Male,PhD,Barisal,12,96596,8572.57,83.2,12,5,4,3,14,0,2,3,45,Yes
52,Male,Masters,Sylhet,2,144881,13952.12,77.65,11,4,2,2,83,0,3,7,46,Yes
55,Female,High School,Dhaka,10,97796,16632.98,85.2,9,7,4,5,40,1,2,10,23,No
35,Other,PhD,Chittagong,3,38592,5191.73,95.06,17,3,2,2,27,3,10,4,0,No
44,Female,Masters,Barisal,11,102008,18423.5,99.77,17,22,4,2,23,3,2,7,31,Yes
33,Male,Masters,Rajshahi,1,107313,18510.82,91.0,22,11,0,2,54,1,3,3,5,No
32,Male,Masters,Barisal,11,73621,4033.43,96.0,9,15,4,1,19,1,3,10,0,No
44,Male,Masters,Dhaka,14,75638,8671.35,76.58,13,16,0,3,41,2,10,1,18,No
45,Male,Bachelors,Dhaka,13,115039,18104.43,97.7,14,3,2,3,85,1,1,6,16,No
49,Female,Masters,Barisal,13,82384,6489.57,97.15,18,20,4,5,55,1,5,5,23,No
52,Female,Masters,Sylhet,9,20131,3500.09,95.32,9,10,1,4,30,3,8,9,25,No
35,Female,Masters,Khulna,13,45685,5256.45,93.34,15,6,2,5,92,0,2,3,47,Yes
25,Male,PhD,Barisal,6,42160,3767.38,76.54,21,28,3,1,12,3,3,1,29,Yes
31,Male,Bachelors,Chittagong,8,96185,16704.18,75.16,18,11,1,4,89,2,7,8,13,No
24,Female,PhD,Sylhet,11,93731,18716.36,92.96,20,1,3,1,49,0,5,5,21,No
58,Male,Masters,Barisal,14,101039,6857.0,89.61,6,24,2,5,42,3,10,2,45,Yes
58,Male,Bachelors,Chittagong,6,118842,8284.74,87.68,11,17,0,2,17,3,9,6,41,Yes
48,Male,Bachelors,Dhaka,13,146367,23216.86,80.05,19,2,2,5,33,2,4,2,5,No
57,Female,Bachelors,Sylhet,13,68961,12861.12,97.78,18,26,3,4,12,3,1,6,29,Yes
45,Male,High School,Sylhet,11,101834,8281.47,82.81,11,25,3,3,14,2,5,3,6,No
48,Female,Masters,Chittagong,14,31544,3181.81,85.83,18,23,3,4,30,1,4,4,19,No
31,Male,Bachelors,Rajshahi,3,35482,5564.89,92.39,17,20,1,1,35,3,9,5,35,No
54,Male,Masters,Chittagong,8,74385,6988.4,90.77,10,7,4,5,94,3,9,8,48,Yes
37,Female,Masters,Rajshahi,12,142469,20723.65,99.01,7,25,0,5,14,3,7,8,14,No
52,Female,High School,Khulna,3,96913,18609.21,93.0,22,4,1,3,18,2,9,10,26,No
29,Male,Masters,Rajshahi,8,72226,7207.03,99.17,12,29,2,1,37,1,7,6,22,Yes
45,Male,Bachelors,Sylhet,12,96513,12973.28,81.89,10,22,1,3,86,0,7,1,0,No
32,Female,Bachelors,Chittagong,5,50134,6856.01,96.96,23,6,4,3,29,3,4,7,16,No
34,Male,Masters,Sylhet,1,85105,16898.47,82.95,21,12,3,3,98,2,3,1,48,Yes
25,Female,Masters,Khulna,13,136049,8845.65,86.22,21,17,1,5,51,3,8,8,23,No
52,Other,Bachelors,Dhaka,7,85479,10451.22,88.76,13,21,2,1,76,2,8,7,21,No
58,Female,Bachelors,Dhaka,6,83781,5633.38,87.8,14,1,2,2,89,0,6,10,28,No
59,Male,High School,Barisal,11,134926,23729.59,75.87,17,19,2,2,30,0,4,5,5,No
26,Female,High School,Dhaka,13,34722,3835.33,87.35,24,11,0,5,11,1,2,3,0,No
53,Female,Masters,Dhaka,8,73582,12805.05,90.55,6,13,2,1,37,3,10,8,41,Yes
53,Male,Bachelors,Dhaka,13,121581,16220.62,79.7,8,15,1,1,59,1,1,5,24,Yes
44,Male,Bachelors,Sylhet,1,99025,18237.94,82.29,7,17,4,1,43,0,2,6,7,Yes
31,Male,Bachelors,Barisal,10,70168,7514.96,83.11,7,19,3,3,74,3,3,10,19,No
27,Other,PhD,Rajshahi,6,89689,12977.11,82.37,8,18,0,2,26,3,2,3,32,Yes
54,Female,Bachelors,Khulna,6,130628,18384.14,75.77,6,13,3,3,34,1,3,8,40,No
26,Male,Bachelors,Barisal,11,115110,20562.15,96.79,7,25,4,2,37,3,4,5,33,No
28,Male,High School,Barisal,8,110973,19067.92,87.75,21,24,1,3,37,3,3,9,10,No
48,Female,Masters,Barisal,3,73289,8851.62,95.38,8,6,3,2,68,1,7,10,13,No
58,Male,Bachelors,Khulna,12,136871,20461.73,75.45,5,4,2,1,64,1,5,4,18,No
40,Female,Masters,Sylhet,12,69090,5612.33,92.11,11,11,1,2,26,2,1,10,21,Yes
28,Other,PhD,Khulna,8,110282,21834.54,98.04,13,22,2,2,15,0,9,4,33,No
43,Female,Masters,Khulna,9,16677,2549.6,86.58,22,17,0,5,82,1,5,4,24,No
24,Male,PhD,Rajshahi,3,47605,6047.92,80.26,24,2,2,1,84,1,8,7,28,No
48,Female,Bachelors,Barisal,2,127722,18420.31,92.71,14,9,2,2,58,2,6,3,26,No
31,Female,Bachelors,Chittagong,6,82720,14267.61,91.03,23,15,3,3,85,2,10,9,35,No
29,Male,Bachelors,Barisal,7,88614,11950.16,88.25,5,1,3,5,65,2,9,5,46,Yes
26,Male,Masters,Dhaka,6,55745,9950.44,95.21,11,8,0,1,80,1,5,10,1,No
32,Other,Bachelors,Rajshahi,5,139610,26969.99,98.2,14,20,0,3,79,0,8,4,33,No
48,Male,Bachelors,Khulna,9,142831,24092.79,93.0,22,23,2,1,63,2,8,6,12,No
41,Male,Bachelors,Rajshahi,14,44846,7124.5,97.19,6,22,0,5,55,0,1,7,23,No
41,Other,Bachelors,Rajshahi,2,144985,14713.08,95.66,21,9,4,4,51,0,3,10,12,No
22,Female,Bachelors,Barisal,13,130128,25407.98,82.84,8,19,1,3,94,3,9,6,7,No
43,Female,Bachelors,Chittagong,12,120489,16284.0,79.15,16,27,4,2,78,3,8,6,13,Yes
55,Male,PhD,Khulna,2,26185,4155.21,79.61,21,15,0,3,68,2,9,2,7,No
26,Male,Masters,Barisal,7,107375,7653.07,94.22,5,18,0,5,95,0,4,6,6,No
36,Female,PhD,Sylhet,8,105056,13002.67,91.89,7,29,4,4,52,0,10,2,7,No
51,Female,High School,Chittagong,11,37018,6684.6,84.58,10,9,1,1,16,2,2,8,30,Yes
26,Female,Bachelors,Dhaka,1,129358,19908.52,81.68,13,13,2,1,54,1,3,2,5,No
49,Female,Masters,Rajshahi,2,27134,2820.61,87.12,15,14,2,4,72,2,9,1,9,No
25,Male,PhD,Chittagong,9,53495,7276.76,76.56,22,6,3,4,70,1,9,8,24,No
39,Male,High School,Rajshahi,6,20246,1883.05,95.43,23,26,0,5,79,3,3,9,1,Yes
33,Female,PhD,Barisal,11,120216,15324.92,84.2,22,7,3,5,32,0,5,1,33,No
38,Female,Masters,Khulna,4,50007,9062.09,93.83,22,21,2,4,45,2,4,9,34,No
28,Female,Bachelors,Dhaka,12,22322,2009.16,99.64,24,2,3,2,76,2,1,1,16,Yes
58,Female,High School,Rajshahi,2,96696,8815.35,99.49,18,29,0,2,77,1,10,1,14,Yes
25,Female,Bachelors,Chittagong,4,133375,17522.59,87.93,11,15,2,2,27,3,9,1,27,No
42,Female,Bachelors,Dhaka,5,89418,8866.55,83.68,20,4,3,5,21,2,3,6,3,No
51,Female,High School,Rajshahi,14,104286,17111.96,76.64,16,11,3,1,76,2,9,9,49,Yes
44,Female,Masters,Khulna,7,110445,6295.09,89.62,19,2,1,2,57,0,8,1,23,No
36,Male,Bachelors,Chittagong,7,106916,7273.46,89.43,19,22,2,1,48,2,4,3,15,No
31,Female,Bachelors,Sylhet,11,97747,18538.06,98.71,20,2,4,1,63,1,8,8,9,No
34,Female,Masters,Barisal,1,45765,5322.52,97.24,6,27,4,5,38,1,1,6,28,Yes
23,Male,High School,Barisal,14,90132,10130.29,91.11,11,6,1,5,78,1,7,2,39,No
56,Female,Bachelors,Sylhet,3,55226,8388.21,99.04,12,4,3,5,77,1,7,6,33,No
42,Female,Bachelors,Dhaka,11,114549,13873.27,82.14,11,12,3,2,49,2,7,2,45,Yes
59,Male,Bachelors,Rajshahi,6,38236,5765.97,89.13,6,24,4,4,85,0,4,6,7,No
56,Male,High School,Rajshahi,8,77731,7979.92,79.23,5,26,4,5,95,3,9,10,5,No
38,Male,PhD,Sylhet,10,67319,8718.88,86.13,5,28,2,3,83,1,10,6,4,No
50,Male,Bachelors,Barisal,12,37797,5193.17,82.46,8,19,3,2,94,2,2,7,48,Yes
40,Female,High School,Khulna,8,140329,22958.7,76.0,24,24,0,1,14,2,1,10,0,Yes
49,Female,Bachelors,Khulna,14,145265,21110.02,81.41,5,3,0,2,69,3,8,6,13,No
49,Male,Masters,Chittagong,8,97745,5555.57,80.39,23,1,0,3,34,1,1,3,39,No
51,Female,High School,Khulna,4,125921,20235.01,96.06,17,23,3,3,48,3,4,8,35,No
54,Male,Bachelors,Dhaka,1,31161,4053.48,79.01,20,20,3,1,46,1,8,8,42,Yes
39,Female,Masters,Barisal,11,141752,21802.82,87.55,21,9,1,4,90,0,9,3,30,No
40,Female,Masters,Chittagong,6,78415,9974.35,83.04,20,25,0,1,94,3,7,10,45,Yes
54,Female,Bachelors,Khulna,13,97747,14849.8,93.77,10,16,1,1,83,1,5,8,44,Yes
24,Female,Bachelors,Sylhet,14,111484,19142.93,98.52,18,4,2,5,43,3,3,8,46,Yes
52,Female,Masters,Dhaka,10,127735,15556.51,99.41,17,29,4,4,86,3,6,8,49,Yes
45,Female,High School,Barisal,13,86827,9427.55,96.14,19,3,2,2,44,3,2,8,12,Yes
33,Male,Bachelors,Sylhet,14,138213,12187.08,83.06,13,8,4,5,33,0,5,8,9,No
30,Male,High School,Chittagong,14,142698,26298.58,82.86,21,28,3,3,30,3,1,7,25,Yes
25,Male,High School,Rajshahi,14,144357,25806.96,77.79,15,9,2,4,62,1,7,5,36,No
39,Male,Bachelors,Sylhet,12,48259,4744.35,97.73,10,17,2,4,57,3,2,4,38,No
26,Male,Bachelors,Dhaka,12,22205,3379.63,79.99,24,26,4,4,44,0,8,7,16,No
46,Male,High School,Khulna,3,97836,7655.72,94.95,9,8,4,3,82,3,3,6,27,No
24,Male,High School,Chittagong,5,111106,6550.02,80.69,13,7,3,1,90,0,7,10,14,No
42,Male,Bachelors,Sylhet,9,41180,3956.57,94.54,21,15,0,4,18,1,4,10,42,Yes
32,Female,Bachelors,Khulna,12,90404,6609.8,85.5,14,16,4,3,30,1,2,9,30,No
22,Male,Masters,Barisal,5,125343,6694.18,82.95,15,14,2,5,41,2,8,10,39,No
26,Male,PhD,Rajshahi,10,131405,10529.59,95.59,10,22,1,1,80,2,3,4,21,No
27,Female,Masters,Barisal,2,51785,3712.31,88.72,18,24,2,1,90,1,7,8,32,No
53,Male,Masters,Khulna,11,98440,14459.7,86.38,22,22,3,1,32,3,10,1,21,No
56,Female,High School,Barisal,11,114864,19509.5,79.48,13,13,4,5,77,1,9,3,40,No
28,Female,Bachelors,Dhaka,1,58631,7466.43,83.16,16,7,4,5,92,1,7,1,8,No
52,Male,High School,Dhaka,13,101390,13089.05,80.74,13,7,2,3,40,1,4,6,0,No
58,Male,Bachelors,Sylhet,14,138221,24130.0,91.03,8,4,4,5,75,2,2,3,21,No
43,Male,High School,Chittagong,3,28356,1817.98,87.23,22,12,1,2,22,3,7,8,45,Yes
39,Male,Masters,Chittagong,10,71874,11593.17,84.15,11,8,4,5,17,1,2,6,44,Yes
26,Male,Masters,Barisal,12,134796,7142.55,83.51,22,1,0,2,31,3,3,5,2,No
46,Female,Masters,Rajshahi,4,77411,11117.6,79.22,22,14,0,2,23,3,8,6,6,No
33,Male,Bachelors,Chittagong,14,99240,16060.85,84.54,20,15,4,1,78,2,1,9,45,Yes
52,Male,Bachelors,Chittagong,9,86810,8583.12,94.7,23,17,1,4,35,0,8,6,36,No
39,Female,PhD,Khulna,8,28700,1479.76,97.07,24,22,0,4,44,1,1,6,27,No
36,Other,Masters,Rajshahi,5,135656,26043.63,94.14,21,16,3,4,75,2,2,5,6,No
46,Male,Bachelors,Chittagong,8,35710,3062.03,87.7,17,28,4,3,76,2,2,8,0,Yes
59,Female,Bachelors,Rajshahi,8,90766,12428.71,77.54,24,12,4,3,95,0,6,5,32,No
49,Female,Bachelors,Khulna,4,142637,23770.53,78.03,16,28,1,4,34,3,8,6,27,No
25,Male,Masters,Barisal,5,69436,4576.99,79.15,14,24,0,3,33,0,8,2,15,No
50,Other,Bachelors,Chittagong,7,95141,16192.07,76.07,6,29,3,1,36,2,5,2,25,Yes
54,Male,Bachelors,Chittagong,7,140634,10768.86,92.16,21,10,0,5,32,1,4,6,10,No
58,Male,High School,Rajshahi,12,54873,5001.0,97.27,18,11,2,4,30,3,1,4,19,No
27,Other,Bachelors,Chittagong,11,30949,3083.35,99.0,14,10,1,1,74,0,1,1,18,Yes
22,Male,Bachelors,Dhaka,10,90652,4674.6,89.48,8,25,3,5,44,3,3,5,38,No
44,Male,Masters,Dhaka,1,103079,15451.02,80.69,15,21,3,1,28,2,4,9,40,No
31,Female,Masters,Sylhet,14,30549,1703.18,75.74,24,29,2,3,49,2,10,9,34,No
31,Male,High School,Dhaka,7,105231,17211.7,88.73,13,12,4,4,87,0,8,3,19,No
30,Female,Bachelors,Rajshahi,3,69128,5846.67,94.87,7,8,1,1,25,0,10,4,8,No
26,Male,Masters,Khulna,6,17525,3216.79,97.88,7,14,4,1,52,3,6,9,16,Yes
58,Other,Bachelors,Rajshahi,14,67753,13283.93,76.19,7,13,3,3,71,2,6,10,33,No
26,Female,High School,Sylhet,8,101182,15455.33,99.13,8,1,4,3,48,1,9,8,8,No
37,Male,Bachelors,Khulna,5,145085,13592.66,80.1,6,8,1,3,66,1,7,10,47,Yes
24,Male,Bachelors,Chittagong,11,122775,24229.03,80.04,9,9,2,4,67,2,7,3,12,No
51,Female,Masters,Chittagong,1,95112,5641.17,87.52,14,19,3,3,65,3,4,3,13,No
50,Female,Masters,Rajshahi,14,107842,6245.14,91.36,24,8,1,2,76,3,5,5,18,No
33,Male,High School,Sylhet,14,80357,11923.4,76.87,18,19,3,5,63,1,9,3,11,No
32,Male,Masters,Barisal,8,146405,13582.69,98.79,9,3,0,4,55,1,1,10,48,Yes
37,Male,Bachelors,Rajshahi,3,122199,14786.91,75.37,10,20,1,5,89,0,7,3,13,No
47,Other,Masters,Rajshahi,7,118543,22314.83,91.83,6,24,0,2,83,3,2,7,20,Yes
32,Male,Bachelors,Barisal,8,91602,17502.79,82.77,7,16,1,2,83,3,7,9,10,No
59,Male,PhD,Rajshahi,7,149621,28644.91,85.89,8,26,3,4,46,1,9,2,23,No
28,Male,Bachelors,Dhaka,4,43599,2498.93,93.43,6,27,0,1,99,0,6,3,21,Yes
38,Female,Masters,Rajshahi,4,113639,7403.78,77.7,13,9,1,3,50,3,10,9,24,No
26,Female,High School,Dhaka,9,94701,12200.82,92.03,13,28,2,5,53,2,6,9,29,No
55,Male,Bachelors,Barisal,13,69193,7998.0,87.35,16,29,0,1,84,3,6,1,42,Yes
47,Male,High School,Rajshahi,5,46737,5082.07,85.61,23,17,3,4,49,0,6,8,21,No
40,Female,Bachelors,Barisal,6,75240,4448.02,79.33,21,1,3,2,87,3,9,9,15,No
51,Male,High School,Rajshahi,5,52857,2724.94,94.83,7,15,4,3,47,0,3,8,21,No
46,Male,High School,Barisal,4,122688,8571.42,89.03,18,19,1,1,70,2,2,10,15,Yes
41,Male,High School,Khulna,7,129037,6865.97,91.77,17,11,0,5,88,1,9,10,9,No
22,Male,Bachelors,Rajshahi,4,113431,12393.93,88.25,7,2,0,5,60,3,4,4,10,No
50,Male,Masters,Sylhet,10,55920,2817.8,78.63,21,1,1,3,66,2,1,5,18,No
40,Male,Masters,Chittagong,1,104875,14152.85,94.41,13,9,1,4,44,3,4,3,32,No
38,Male,Masters,Chittagong,11,88596,14876.7,89.25,12,5,4,3,95,3,9,1,31,No
48,Male,Bachelors,Khulna,12,37806,5224.34,75.2,11,10,2,3,25,3,6,5,19,No
39,Female,Bachelors,Dhaka,9,21221,3597.24,96.49,19,13,3,5,59,1,9,5,32,No
51,Male,Masters,Barisal,14,147892,20997.01,86.66,8,12,0,4,20,1,10,2,22,No
43,Female,Bachelors,Chittagong,13,33384,2370.3,82.7,15,26,0,5,18,0,6,4,27,No
58,Male,Bachelors,Rajshahi,4,90828,15345.02,75.86,16,6,4,3,35,3,3,10,47,Yes
26,Male,Masters,Dhaka,6,111893,6825.86,92.88,15,6,1,2,22,3,7,7,28,No
41,Female,Bachelors,Chittagong,6,29194,5759.07,89.95,9,15,0,1,78,1,7,7,42,Yes
50,Male,Bachelors,Sylhet,14,69480,7158.15,75.67,9,7,0,2,49,3,1,6,45,Yes
22,Male,Bachelors,Dhaka,8,75020,10724.84,79.33,16,24,0,5,50,3,4,3,31,No
46,Female,High School,Khulna,14,42015,5774.35,91.2,9,6,2,1,10,2,10,10,45,Yes
26,Male,High School,Dhaka,6,75912,4971.03,92.72,11,27,3,4,56,0,5,5,30,No
35,Male,High School,Dhaka,8,108137,14991.55,76.81,20,24,2,3,79,2,4,9,0,No
54,Female,High School,Rajshahi,6,122707,22291.27,85.12,21,12,4,1,26,2,7,6,18,No
35,Male,High School,Rajshahi,6,28774,2685.91,86.67,18,9,1,3,70,1,8,3,33,No
35,Female,Masters,Chittagong,3,87796,6915.78,88.71,20,8,4,2,10,0,8,8,14,No
45,Male,High School,Rajshahi,12,131817,10636.03,78.47,18,3,4,1,92,2,9,6,35,No
57,Male,Bachelors,Sylhet,3,78797,14435.1,76.86,24,13,4,3,89,1,1,6,31,No
48,Female,Masters,Rajshahi,14,133405,25282.87,88.26,7,6,3,5,69,1,6,7,8,No
31,Male,High School,Chittagong,2,121662,22152.9,82.6,23,26,4,3,73,0,5,10,25,No
58,Female,Bachelors,Rajshahi,6,122854,22527.89,82.18,22,10,0,1,52,0,3,3,22,No
41,Male,Bachelors,Dhaka,9,40064,7057.61,76.77,22,2,1,1,38,3,6,1,14,No
49,Female,Masters,Rajshahi,14,44164,2734.36,91.46,23,10,4,1,56,2,1,8,44,Yes
38,Male,Masters,Dhaka,13,35011,3238.25,81.64,11,18,4,2,10,1,9,5,43,Yes
48,Male,Bachelors,Dhaka,3,62576,10279.9,97.01,19,25,3,2,12,2,7,6,35,No
40,Male,High School,Chittagong,8,51570,5359.18,78.71,12,14,4,2,49,2,10,4,30,No
48,Male,Masters,Khulna,11,45340,5551.11,95.79,14,17,3,5,30,1,2,7,37,No
31,Male,Bachelors,Sylhet,13,92463,13504.55,96.37,20,18,0,1,11,0,10,8,45,Yes
34,Male,High School,Dhaka,1,131452,11421.03,78.88,8,5,4,2,18,0,1,10,6,Yes
40,Male,Masters,Sylhet,12,138942,17009.4,84.08,23,3,2,1,21,2,2,9,44,Yes
27,Male,High School,Sylhet,4,124248,12321.05,76.16,23,15,1,4,90,1,3,5,23,No
34,Male,Bachelors,Rajshahi,3,24991,4321.26,84.03,22,2,4,3,53,3,7,6,11,No
45,Male,Masters,Rajshahi,7,95700,15737.41,85.56,14,10,2,5,93,1,6,9,10,No
30,Male,Bachelors,Khulna,13,148703,29725.59,79.86,14,22,3,2,95,0,7,5,49,Yes
40,Male,Bachelors,Barisal,10,52954,6630.9,95.03,14,16,0,4,29,2,7,5,9,No
53,Female,Bachelors,Dhaka,1,146149,24366.1,75.57,23,23,2,3,30,1,8,2,7,No
28,Male,Bachelors,Rajshahi,14,109751,14493.49,75.26,24,24,3,5,69,0,7,3,9,No
24,Female,Bachelors,Khulna,14,133833,18818.99,81.16,10,24,4,3,94,3,8,4,43,Yes
49,Female,Bachelors,Chittagong,11,64711,9609.89,89.58,6,19,3,5,93,3,9,3,40,No
48,Male,Bachelors,Barisal,3,62263,6731.44,92.86,24,5,4,1,10,3,8,9,15,No
44,Female,Masters,Sylhet,5,66639,8719.59,96.19,8,9,0,4,84,3,6,2,13,No
31,Male,Bachelors,Chittagong,12,83501,11311.61,80.97,20,2,2,3,11,1,5,3,9,No
29,Female,Masters,Khulna,5,24552,3530.22,80.97,14,5,3,5,72,0,9,9,36,No
30,Male,Bachelors,Khulna,7,148105,29109.82,97.65,11,18,4,1,89,1,7,4,41,Yes
52,Male,Bachelors,Barisal,14,46633,7098.16,83.82,6,5,3,1,13,1,1,6,13,Yes
27,Male,Masters,Barisal,13,35299,2786.85,90.83,18,17,1,5,43,0,2,7,26,No
30,Female,Masters,Rajshahi,8,80834,4586.51,97.34,12,15,2,1,73,2,5,10,19,No
45,Male,Bachelors,Rajshahi,8,79902,13963.21,80.37,13,15,3,5,75,3,7,8,26,No
57,Male,High School,Barisal,4,91943,11850.74,85.65,14,14,3,3,59,0,10,3,31,No
58,Male,Bachelors,Rajshahi,3,132657,12599.26,78.98,22,19,2,3,79,2,1,10,4,No
35,Female,Bachelors,Rajshahi,8,105740,20492.59,82.11,15,17,0,1,82,0,8,4,24,No
37,Male,Bachelors,Sylhet,6,126366,16025.81,96.2,6,18,0,4,80,1,2,10,10,No
34,Other,High School,Chittagong,12,135638,10447.09,92.38,14,14,0,2,48,0,10,5,11,No
35,Male,Masters,Rajshahi,9,31718,5857.09,88.19,5,17,1,5,13,1,3,6,2,No
59,Male,Masters,Dhaka,12,109701,17567.42,89.57,21,14,4,5,25,3,4,7,14,No
31,Male,High School,Chittagong,12,20294,1060.95,80.85,13,13,3,2,71,1,1,4,25,Yes
28,Male,Masters,Barisal,5,115111,9258.62,99.54,10,22,4,1,91,3,7,4,8,No
45,Male,Bachelors,Chittagong,3,53855,8052.03,84.32,10,13,1,1,99,1,3,8,16,No
30,Male,Masters,Barisal,11,41661,6668.81,98.01,17,2,4,1,16,0,6,7,24,No
57,Male,High School,Barisal,1,133500,23390.94,94.86,11,15,2,2,70,0,8,7,27,No
36,Male,Bachelors,Chittagong,14,121595,20041.87,80.56,20,20,3,2,55,1,1,9,1,Yes
26,Female,Bachelors,Rajshahi,3,88195,7078.11,92.09,7,22,2,5,90,0,6,10,13,No
51,Male,Bachelors,Khulna,6,123642,7726.38,92.39,5,29,3,3,55,1,8,8,28,No
47,Male,Bachelors,Rajshahi,4,97260,12379.09,75.2,5,23,3,1,87,3,8,7,16,No
59,Female,High School,Khulna,7,141107,17704.46,98.92,7,5,2,2,62,3,1,9,22,Yes
22,Female,Bachelors,Khulna,9,93462,16150.83,79.4,23,17,0,2,98,3,2,6,29,Yes
46,Male,Bachelors,Sylhet,1,124098,17295.13,76.84,24,3,4,2,57,3,8,9,28,No
33,Female,High School,Khulna,5,89119,9939.88,79.26,16,3,4,4,19,2,5,4,35,No
44,Male,Masters,Khulna,11,58797,7357.56,77.47,24,10,3,1,60,1,6,5,26,No
46,Male,Bachelors,Rajshahi,11,50512,3548.47,88.34,11,8,2,2,21,2,1,5,20,Yes
39,Female,Masters,Sylhet,5,19276,2172.9,78.55,19,3,1,4,40,1,2,2,49,Yes
58,Male,High School,Barisal,2,104063,10057.31,77.82,21,22,2,3,50,2,5,10,46,Yes
33,Female,Masters,Sylhet,10,103550,19139.63,90.61,11,18,4,1,36,0,7,10,45,Yes
49,Male,Bachelors,Khulna,7,86797,7018.59,89.78,21,18,0,5,57,0,5,6,19,No
54,Female,High School,Rajshahi,1,124512,16363.77,75.03,12,27,2,4,59,2,3,10,40,No
46,Female,Masters,Dhaka,14,36564,3493.16,95.65,20,16,4,3,35,0,3,6,48,Yes
45,Female,Bachelors,Rajshahi,3,112804,7034.49,96.2,9,17,3,2,55,2,3,5,7,No
41,Male,High School,Khulna,10,142133,20317.48,88.65,14,12,2,1,62,2,10,5,35,No
50,Female,Masters,Dhaka,9,76024,5411.95,81.83,17,1,2,4,61,0,7,5,44,Yes
49,Male,High School,Chittagong,2,110953,10527.48,98.37,8,1,2,1,66,2,8,6,20,No
35,Other,PhD,Barisal,11,35379,4605.0,98.85,11,8,3,2,12,1,3,3,27,No
27,Male,High School,Khulna,14,117152,21611.83,84.33,9,29,4,4,97,0,1,2,26,Yes
52,Male,High School,Dhaka,4,97949,5374.71,97.35,15,19,2,1,52,0,8,10,21,No
49,Female,Bachelors,Rajshahi,11,90396,9333.3,90.3,12,23,3,2,44,1,1,6,17,Yes
50,Male,Masters,Rajshahi,14,34825,2450.13,75.6,21,25,0,5,33,3,1,8,9,No
35,Female,Bachelors,Khulna,8,17887,1598.26,84.14,11,19,3,5,12,2,1,7,32,Yes
39,Male,Bachelors,Dhaka,9,146285,21922.31,82.99,5,27,0,3,68,2,4,7,4,No
50,Female,High School,Chittagong,8,104963,20368.86,88.58,15,2,4,4,75,1,3,5,38,No
45,Male,Bachelors,Chittagong,10,40392,5374.73,76.75,16,27,2,4,94,0,7,4,15,No
52,Other,Masters,Barisal,11,107353,17447.7,93.47,9,4,0,1,34,1,2,8,13,Yes
53,Male,High School,Sylhet,2,42847,4245.26,77.23,14,1,0,5,79,3,7,3,1,No
45,Male,Masters,Sylhet,2,140473,19772.35,98.45,18,18,1,2,35,2,2,7,42,Yes
27,Female,High School,Khulna,2,38083,3574.78,95.99,24,2,2,3,26,2,2,3,26,No
49,Male,Masters,Khulna,13,119160,20130.67,97.47,16,3,4,2,86,2,7,10,9,No
41,Male,Bachelors,Barisal,6,121280,8468.2,83.64,5,21,2,2,98,0,6,1,18,No
25,Female,PhD,Rajshahi,4,74947,13674.47,94.05,8,3,4,2,47,0,6,8,17,No
39,Male,Masters,Barisal,3,115942,17374.37,85.93,22,26,0,5,89,0,10,2,17,No
52,Male,Masters,Dhaka,12,85694,16968.75,96.5,21,8,4,3,66,1,4,2,23,No
50,Female,Masters,Khulna,11,100907,20029.77,95.08,19,13,3,5,82,3,4,8,34,No
40,Male,Bachelors,Khulna,13,113242,13150.3,97.34,15,29,1,1,27,2,3,5,42,Yes
55,Male,High School,Khulna,12,21954,2985.64,96.7,18,4,1,2,64,3,4,7,41,Yes
49,Female,Bachelors,Sylhet,14,122980,6385.36,76.05,7,27,4,2,82,0,5,9,0,Yes
57,Female,Masters,Dhaka,6,59645,8229.72,78.1,6,16,3,3,90,2,2,9,35,No
35,Male,High School,Dhaka,5,65639,6151.32,93.58,14,28,3,4,87,3,10,7,19,No
23,Male,Bachelors,Chittagong,1,115484,18540.53,95.65,20,21,1,5,67,1,8,1,14,No
27,Male,Bachelors,Barisal,6,59099,5012.56,83.93,19,20,2,4,25,2,3,4,47,Yes
37,Female,Bachelors,Chittagong,6,56846,6992.92,88.13,20,4,2,1,10,3,1,4,25,Yes
49,Male,Bachelors,Sylhet,9,46205,2677.09,97.48,11,25,1,1,12,1,10,10,4,No
35,Female,Bachelors,Khulna,4,137577,7660.79,95.05,9,19,3,3,81,0,6,3,18,No
32,Female,Bachelors,Sylhet,3,117538,13136.09,91.15,11,26,1,4,22,3,5,3,7,No
48,Male,Bachelors,Dhaka,3,99815,7556.7,91.85,18,28,1,4,31,0,6,4,2,No
37,Male,Bachelors,Barisal,4,38389,3839.62,84.59,12,28,4,5,69,0,8,9,23,No
53,Male,High School,Rajshahi,5,101205,18510.99,87.0,11,9,2,4,30,3,7,2,3,No
35,Male,Bachelors,Rajshahi,11,30603,5500.26,96.5,9,11,0,1,46,3,4,5,41,Yes
33,Male,Bachelors,Chittagong,3,97219,14433.34,79.17,12,8,4,2,74,1,6,9,3,No
28,Female,Masters,Barisal,8,33445,6232.59,77.22,13,1,1,5,74,2,5,8,14,No
59,Male,Bachelors,Khulna,12,148824,18914.17,85.59,22,10,1,2,39,3,3,1,35,No
48,Male,Bachelors,Khulna,7,44155,5629.74,92.76,5,21,3,5,39,1,2,3,31,No
34,Male,Bachelors,Dhaka,10,82036,13976.92,85.33,8,16,2,3,38,3,10,1,46,Yes
50,Male,Masters,Chittagong,11,112956,12763.51,86.62,17,20,3,5,78,1,2,8,41,Yes
26,Male,Bachelors,Chittagong,10,106560,14784.84,84.79,18,6,3,1,56,0,10,4,26,No
47,Female,Bachelors,Barisal,4,82898,12733.43,75.46,12,6,3,1,90,2,5,9,23,No
32,Male,Masters,Chittagong,8,123981,21600.27,78.1,22,19,2,2,44,3,9,10,41,Yes
58,Female,High School,Chittagong,7,69289,11349.85,76.99,14,9,1,1,20,2,9,4,24,No
26,Male,Bachelors,Khulna,7,141995,19771.8,80.96,16,3,4,1,99,3,1,6,48,Yes
42,Female,Bachelors,Rajshahi,9,68414,8526.65,85.49,16,5,4,1,69,2,3,9,43,Yes
43,Male,Masters,Chittagong,14,112726,22446.74,98.72,23,28,4,3,55,2,6,2,31,No
59,Female,Masters,Dhaka,3,148222,7534.47,75.07,14,10,4,5,23,3,2,7,8,No
52,Other,Bachelors,Sylhet,7,41535,4082.68,91.41,15,28,4,5,13,3,9,6,30,No
25,Male,Bachelors,Dhaka,8,106755,19170.59,95.22,18,13,0,4,67,1,10,4,33,No
57,Male,High School,Khulna,3,32591,2144.63,87.11,11,18,3,2,18,2,10,6,9,No
38,Male,Bachelors,Khulna,12,58854,3015.6,96.02,22,16,2,5,49,1,5,6,40,No
22,Male,High School,Chittagong,3,47058,8724.58,86.91,17,25,1,2,70,1,5,10,10,No
39,Other,High School,Khulna,2,57717,6159.4,80.45,11,19,2,1,86,2,10,4,1,No
39,Male,High School,Khulna,2,122996,16934.51,82.51,11,18,0,1,19,0,2,9,19,Yes
53,Male,Bachelors,Sylhet,5,31744,2134.94,92.15,9,22,2,1,61,1,5,2,5,No
39,Male,High School,Dhaka,11,50259,3972.87,89.46,8,19,3,1,96,1,4,5,41,Yes
49,Female,Bachelors,Khulna,11,51761,5541.24,89.95,12,6,2,5,61,0,4,8,33,No
51,Male,Bachelors,Sylhet,8,142150,13347.06,85.79,10,17,4,2,69,2,3,6,26,No
36,Male,High School,Chittagong,6,83143,6295.07,95.97,18,13,4,4,35,3,1,6,16,No
55,Female,High School,Chittagong,10,78917,9552.09,75.95,9,17,4,3,23,3,1,10,8,No
51,Male,Bachelors,Dhaka,5,147382,29470.69,84.13,8,4,2,3,58,2,6,1,19,No
22,Female,Masters,Sylhet,3,113483,18506.28,94.72,22,13,2,2,14,0,7,2,49,Yes
59,Male,Bachelors,Barisal,3,108421,13005.8,75.08,11,29,3,2,99,2,9,4,37,Yes
40,Male,Masters,Chittagong,2,42673,5853.86,79.01,14,18,4,1,92,2,3,6,40,No
41,Female,High School,Sylhet,9,49843,8249.54,93.28,9,15,2,3,58,3,8,3,48,Yes
34,Male,Bachelors,Rajshahi,10,83822,11497.05,88.48,7,19,0,1,80,1,3,1,3,No
27,Female,Bachelors,Dhaka,6,89229,8969.39,83.77,14,18,0,5,15,3,7,5,39,No
38,Male,High School,Khulna,2,27542,1975.32,98.9,8,14,1,4,21,2,4,7,11,No
51,Female,Masters,Chittagong,13,30261,5763.06,92.31,14,26,4,5,23,2,4,7,40,No
33,Female,Bachelors,Khulna,12,43642,4698.2,87.67,5,7,4,4,86,0,3,10,44,Yes
27,Male,Masters,Khulna,6,70271,4586.75,76.6,8,17,2,4,37,1,4,1,41,Yes
55,Male,Masters,Khulna,4,38019,3160.65,95.44,21,15,4,1,86,1,5,7,40,No
48,Female,High School,Rajshahi,12,137723,12814.4,89.44,21,27,0,4,67,2,8,7,13,No
51,Male,Masters,Rajshahi,14,129794,18663.44,99.15,5,19,3,1,47,3,1,1,5,Yes
38,Male,Bachelors,Khulna,4,126305,24742.71,81.81,5,15,3,5,13,0,10,5,37,No
58,Female,High School,Dhaka,10,46624,5864.41,82.09,13,29,4,3,18,0,10,9,15,No
48,Female,Bachelors,Chittagong,7,107179,19679.09,75.19,11,22,1,4,36,0,9,9,37,No
34,Female,High School,Rajshahi,13,61274,8388.79,83.8,16,10,4,2,93,3,10,6,5,No
28,Female,High School,Dhaka,14,125929,22486.41,82.7,10,23,1,3,85,1,4,9,32,No
48,Male,Bachelors,Rajshahi,2,70760,7686.59,76.76,18,14,0,5,41,3,9,6,26,No
47,Male,High School,Dhaka,8,75599,11462.83,78.82,18,25,2,3,69,1,6,1,48,Yes
49,Female,Masters,Chittagong,13,31115,2100.23,78.32,14,9,1,5,71,1,1,1,13,No
39,Female,Bachelors,Khulna,6,70237,10223.67,92.24,24,2,4,3,50,0,6,8,46,Yes
57,Male,Bachelors,Dhaka,9,60919,10574.3,99.44,5,24,4,2,94,2,8,10,23,No
52,Female,High School,Barisal,13,108581,16246.15,85.85,7,20,0,5,85,1,9,10,4,No
45,Female,Bachelors,Sylhet,14,56915,5193.74,78.97,7,16,4,2,20,0,3,9,45,Yes
22,Female,Bachelors,Rajshahi,12,32214,1682.22,93.17,8,18,4,1,72,2,10,2,43,Yes
50,Female,Bachelors,Sylhet,12,26624,2513.82,75.28,5,19,4,3,17,0,6,1,34,No
49,Male,High School,Rajshahi,7,128147,25291.9,98.23,13,17,3,4,55,3,1,2,20,No
56,Male,Masters,Sylhet,6,54231,4090.11,85.18,19,18,1,3,60,3,8,4,3,No
32,Other,Bachelors,Khulna,4,127235,15047.59,77.02,9,27,3,5,56,1,1,1,12,Yes
51,Male,Bachelors,Sylhet,3,91185,16263.89,77.85,15,7,4,2,45,2,10,9,35,No
26,Female,Bachelors,Chittagong,13,90137,14833.5,88.36,10,7,1,4,39,3,1,5,28,No
30,Male,Bachelors,Barisal,12,86543,9635.22,89.97,16,15,2,2,23,2,1,8,45,Yes
58,Male,Masters,Khulna,2,69952,12098.79,92.08,6,10,0,2,99,1,1,9,13,Yes
38,Male,Bachelors,Sylhet,4,132470,22205.92,77.98,10,24,2,2,28,1,6,9,31,No
28,Female,Bachelors,Chittagong,2,47110,7073.35,80.09,11,26,3,3,88,2,3,1,6,No
24,Female,Masters,Sylhet,12,43540,2493.85,77.84,17,12,3,2,69,2,3,5,27,No
54,Male,High School,Rajshahi,10,34080,4952.13,80.32,23,7,0,2,41,3,1,5,38,Yes
56,Female,Bachelors,Barisal,12,52235,8553.4,85.67,13,29,3,2,84,1,3,9,6,Yes
47,Male,Masters,Sylhet,12,142462,21020.29,97.16,24,19,4,5,78,2,10,1,1,No
57,Male,High School,Khulna,10,81052,14730.42,94.59,9,28,1,5,41,2,7,1,22,No
25,Female,Masters,Rajshahi,2,149899,18714.27,96.99,21,15,1,3,84,1,7,4,25,No
32,Female,Bachelors,Barisal,7,87964,15972.6,87.55,5,4,4,5,61,1,5,6,4,No
53,Male,Bachelors,Sylhet,13,20632,3851.63,88.23,9,14,3,5,28,3,3,9,49,Yes
56,Female,High School,Rajshahi,3,83271,8601.09,77.71,10,3,0,2,61,2,8,8,18,No
56,Male,High School,Barisal,10,22370,2753.0,81.23,22,13,0,3,75,1,10,3,26,No
42,Male,Bachelors,Dhaka,2,54451,10141.71,92.82,22,25,3,2,72,2,10,1,29,No
50,Other,Bachelors,Rajshahi,10,149989,11755.63,86.83,18,2,0,1,49,1,1,8,24,Yes
59,Female,High School,Rajshahi,11,66615,10233.42,75.28,13,6,2,3,49,0,8,5,4,No
57,Female,Bachelors,Dhaka,7,113320,17458.35,95.41,11,22,1,3,16,1,9,9,37,No
38,Female,Bachelors,Khulna,12,48724,6549.28,81.5,17,8,0,2,53,3,9,7,39,No
29,Male,High School,Barisal,14,48464,8140.48,86.17,23,20,3,3,75,1,3,7,1,No
48,Male,Bachelors,Sylhet,12,93329,5472.22,76.28,18,3,3,2,70,1,5,4,46,Yes
50,Female,Masters,Sylhet,7,102682,12491.72,88.4,14,22,2,5,74,1,8,2,31,No
22,Male,Masters,Khulna,14,27006,3111.42,99.86,11,11,3,3,38,2,7,3,15,No
49,Other,Bachelors,Khulna,9,21824,1174.39,97.78,24,24,3,1,33,2,2,6,48,Yes
58,Female,Masters,Rajshahi,6,26981,3528.84,91.74,6,18,3,1,20,3,3,2,5,No
41,Male,PhD,Khulna,7,101229,10795.72,84.69,18,11,4,3,81,2,6,8,32,No
35,Male,Masters,Chittagong,14,52754,9764.39,94.73,16,29,3,5,95,3,10,3,38,No
58,Male,Bachelors,Chittagong,7,57968,5858.29,78.01,24,28,1,1,33,0,2,6,27,Yes
31,Female,Bachelors,Dhaka,1,138597,18396.99,93.14,21,18,3,2,67,0,4,4,20,No
45,Male,Bachelors,Khulna,10,149898,27094.41,87.28,6,21,1,2,58,1,4,9,34,No
57,Female,Bachelors,Rajshahi,7,148606,19711.62,99.0,8,17,0,2,73,3,7,8,26,No
52,Male,Masters,Rajshahi,1,125086,7987.76,75.75,14,15,0,5,70,0,4,8,3,No
27,Male,High School,Chittagong,1,29024,1736.74,99.4,11,4,3,5,90,1,5,10,23,No
51,Female,Bachelors,Sylhet,14,43451,7047.29,94.81,20,25,0,2,61,1,7,10,32,No
46,Male,Bachelors,Dhaka,10,119486,12613.36,96.12,19,19,1,2,12,1,2,5,1,Yes
33,Male,Bachelors,Chittagong,6,50299,4756.26,94.71,16,22,2,4,72,1,10,1,33,No
50,Female,PhD,Dhaka,9,97527,7779.59,98.78,14,13,1,2,32,0,7,6,22,No
37,Male,Bachelors,Barisal,3,50561,3493.57,94.8,8,19,0,2,42,0,6,9,35,No
38,Male,Bachelors,Barisal,14,82921,7100.29,99.95,8,10,0,1,15,2,5,9,22,No
49,Male,Bachelors,Dhaka,5,131007,15036.97,79.61,11,22,4,1,47,1,4,6,41,Yes
46,Male,Bachelors,Chittagong,14,78155,6768.85,90.56,19,26,2,4,85,0,10,1,27,No
50,Male,High School,Khulna,11,72049,8803.45,75.59,18,22,3,1,13,2,10,9,48,Yes
55,Male,High School,Sylhet,2,119943,9450.96,86.33,23,17,1,1,30,1,6,3,1,No
47,Male,High School,Sylhet,11,66617,5275.41,94.28,22,13,3,1,54,0,3,6,36,No
22,Male,Masters,Sylhet,12,107549,9218.45,78.12,23,4,2,1,91,1,10,4,11,No
34,Male,Masters,Sylhet,6,19315,2429.35,78.57,11,12,2,3,43,1,8,9,29,No
35,Male,Bachelors,Sylhet,12,63248,8368.03,98.9,22,15,3,2,15,3,6,5,7,No
51,Male,Bachelors,Barisal,11,67519,5480.81,80.43,10,13,2,5,14,1,2,10,2,No
24,Male,High School,Rajshahi,6,61751,7610.04,96.77,6,6,0,2,38,1,4,7,29,No
56,Male,PhD,Sylhet,12,60211,6112.4,81.66,14,26,3,1,29,1,8,4,48,Yes
47,Female,High School,Rajshahi,8,127885,20863.47,87.42,10,8,0,1,78,3,1,4,31,Yes
42,Male,Bachelors,Dhaka,12,131283,16831.73,81.99,11,24,0,1,62,1,3,8,20,No
35,Male,Bachelors,Sylhet,4,47246,8145.56,76.61,24,13,1,2,25,1,8,8,16,No
22,Male,Masters,Dhaka,1,146308,16412.21,97.1,11,17,3,1,90,3,4,9,14,No
48,Male,Bachelors,Chittagong,7,76095,10284.55,77.96,22,7,4,5,62,3,1,2,39,No
28,Other,High School,Dhaka,2,83350,5237.16,95.93,13,24,1,1,75,2,2,9,18,Yes
51,Male,High School,Chittagong,8,78115,9266.06,78.08,24,16,1,1,35,0,9,5,38,No
58,Female,Masters,Sylhet,1,146405,28122.14,97.18,11,29,0,2,46,2,1,7,4,Yes
39,Male,Bachelors,Barisal,8,52633,10315.42,92.75,17,3,1,5,37,3,10,4,3,No
39,Female,High School,Khulna,9,73809,12097.62,93.02,18,19,4,4,60,3,6,4,15,No
53,Female,High School,Sylhet,5,20621,1061.69,75.84,8,9,1,5,84,0,10,3,35,No
36,Male,Masters,Sylhet,14,129003,22494.66,75.93,5,28,4,5,85,1,5,1,36,No
43,Other,Bachelors,Dhaka,5,141318,18533.97,96.58,8,17,3,5,27,1,2,1,41,Yes
30,Male,Bachelors,Dhaka,14,83970,9486.88,80.91,15,8,1,4,25,1,4,4,29,No
30,Male,Bachelors,Sylhet,2,22976,4501.72,75.03,12,27,1,3,17,3,9,5,46,Yes
36,Male,High School,Chittagong,5,138868,24708.95,77.61,19,7,4,4,49,3,2,7,7,No
57,Male,Bachelors,Sylhet,14,62201,5167.7,88.6,5,9,3,4,63,1,1,3,29,No
47,Female,Bachelors,Sylhet,3,65872,4391.53,80.19,11,11,2,1,70,0,9,5,20,No
54,Male,Masters,Khulna,3,16270,1435.5,92.41,18,28,3,1,93,3,3,10,17,Yes
54,Female,Masters,Khulna,13,132344,17928.14,93.11,23,13,3,3,63,1,9,5,29,No
31,Male,Bachelors,Rajshahi,12,59390,6862.32,79.37,14,7,0,2,74,1,5,5,49,Yes
30,Male,Masters,Rajshahi,11,91513,16354.52,98.85,11,22,2,4,25,1,9,8,25,No
56,Female,High School,Sylhet,8,105680,15376.85,83.7,16,21,1,5,67,3,9,6,18,No
41,Female,High School,Dhaka,1,75493,11702.6,82.2,16,22,1,4,92,0,4,4,32,No
46,Female,Bachelors,Dhaka,11,125373,11925.58,96.34,21,16,1,5,83,0,4,1,24,No
39,Female,Bachelors,Khulna,3,25605,3727.47,92.32,18,19,3,1,99,3,1,7,17,Yes
50,Male,Bachelors,Dhaka,2,16135,1832.69,86.68,10,10,0,1,95,3,5,10,32,Yes
27,Male,Bachelors,Dhaka,10,130526,23740.51,80.89,10,10,0,2,39,0,3,2,10,No
49,Female,Bachelors,Chittagong,8,23940,4630.15,98.47,5,25,1,4,33,0,3,5,11,No
36,Female,Bachelors,Barisal,6,110913,11926.35,94.59,14,11,4,2,52,1,6,1,4,No
40,Male,Bachelors,Chittagong,8,130743,17739.2,95.12,14,27,4,3,45,3,8,1,25,No
43,Female,Masters,Barisal,13,44869,4577.48,97.19,22,19,2,4,86,1,2,2,49,Yes
38,Female,Bachelors,Sylhet,1,23391,3168.12,82.59,13,10,3,4,12,0,8,7,5,No
59,Female,Bachelors,Sylhet,5,117355,23210.78,84.62,7,23,4,5,66,0,3,1,16,No
24,Female,Masters,Barisal,5,57280,6815.01,98.64,19,24,3,5,70,0,10,10,31,No
32,Female,Bachelors,Rajshahi,5,108386,16106.93,80.16,21,24,4,4,25,2,5,5,10,No
59,Female,Bachelors,Barisal,5,15764,2734.53,75.42,9,22,1,5,38,1,1,5,19,Yes
56,Female,PhD,Chittagong,11,83637,16599.66,95.51,5,19,3,2,79,3,1,9,4,Yes
35,Male,High School,Chittagong,12,101526,17751.73,78.28,17,26,1,3,78,3,2,1,5,Yes
40,Male,Bachelors,Sylhet,8,78413,14738.24,77.2,9,1,1,3,82,3,9,2,22,No
51,Female,Bachelors,Dhaka,2,55844,4445.82,75.25,15,15,0,4,92,0,8,4,15,No
49,Male,High School,Dhaka,8,127355,12960.39,94.84,17,7,1,3,55,0,9,6,22,No
55,Male,Masters,Dhaka,12,142142,18261.14,96.78,6,22,2,4,17,1,10,10,11,No
34,Male,High School,Khulna,11,87465,7179.45,93.73,7,10,2,2,49,3,8,3,17,No
33,Female,Bachelors,Rajshahi,7,128110,10359.98,75.1,18,17,0,3,71,0,2,5,16,No
40,Female,Bachelors,Chittagong,4,43399,5590.2,76.17,19,29,1,4,20,0,7,8,42,Yes
50,Male,Bachelors,Chittagong,8,23354,4051.01,80.52,17,6,3,1,75,2,2,2,34,Yes
42,Female,Bachelors,Dhaka,11,41172,6006.78,98.45,5,21,2,4,46,0,4,2,18,No
46,Female,High School,Dhaka,14,17523,3145.51,86.01,17,10,1,1,44,0,7,9,26,Yes
50,Female,Bachelors,Khulna,13,127340,17713.41,98.95,21,29,4,3,84,2,4,7,38,No
26,Female,Bachelors,Sylhet,10,47542,7027.14,77.7,17,11,3,2,82,0,3,9,24,No
49,Male,Bachelors,Chittagong,6,54021,7749.74,76.4,21,26,4,5,65,2,5,6,9,No
52,Female,High School,Rajshahi,9,22999,2397.94,85.76,12,25,2,2,29,1,4,3,7,No
35,Female,Bachelors,Sylhet,13,69204,8670.67,89.63,5,8,4,1,33,1,7,2,6,No
34,Male,Bachelors,Sylhet,2,35340,6112.64,98.38,10,25,0,1,15,3,7,6,30,No
27,Male,High School,Rajshahi,7,91379,10481.22,97.84,18,22,4,1,72,2,2,7,4,Yes
36,Female,Masters,Dhaka,11,57559,11440.54,87.56,16,1,1,5,68,1,2,3,20,No
40,Male,Bachelors,Dhaka,14,30177,4773.47,99.07,14,6,0,5,19,3,4,10,4,No
23,Male,Bachelors,Chittagong,13,67531,3843.17,79.23,19,6,4,2,72,2,8,10,6,No
36,Male,Masters,Chittagong,7,79553,6009.71,81.42,9,2,3,1,61,1,7,5,18,No
48,Male,Masters,Sylhet,12,28540,4959.47,85.01,18,29,1,4,33,1,7,2,12,No
57,Male,Bachelors,Chittagong,4,43284,4102.7,87.95,16,19,0,1,70,3,7,4,26,No
39,Female,Masters,Barisal,10,90449,14054.42,94.91,19,9,0,1,38,0,4,8,43,Yes
27,Male,High School,Khulna,2,74182,11762.38,79.87,18,17,1,3,10,3,10,6,7,No
55,Male,Masters,Chittagong,12,43782,3090.28,85.54,7,2,0,1,62,2,7,8,15,No
53,Male,Bachelors,Barisal,5,70193,9753.59,84.57,16,20,4,1,12,2,3,10,23,No
29,Female,High School,Barisal,8,97846,4923.02,86.89,21,10,2,2,26,1,6,5,34,No
39,Female,Bachelors,Barisal,7,89108,11692.84,97.31,13,21,2,2,75,0,4,6,47,Yes
37,Female,Bachelors,Sylhet,11,103814,12358.9,86.58,24,8,4,5,25,1,10,10,37,No
55,Female,High School,Rajshahi,4,73479,7603.93,93.55,6,15,0,4,91,0,7,1,21,No
28,Male,Bachelors,Rajshahi,4,100496,16522.95,98.11,20,20,0,2,61,2,8,6,4,No
38,Male,Bachelors,Khulna,10,149537,16899.37,80.1,14,17,1,2,40,1,10,10,1,No
57,Female,Masters,Barisal,5,128950,22887.04,90.07,20,13,4,5,77,2,10,6,42,Yes
54,Male,Bachelors,Rajshahi,9,19397,2664.09,89.7,11,20,1,2,15,2,1,5,1,Yes
36,Male,Bachelors,Khulna,6,33617,3086.86,84.58,12,26,2,4,13,2,3,4,32,No
32,Male,Bachelors,Khulna,6,147105,26544.76,77.81,8,18,4,2,42,1,3,8,40,No
26,Female,Bachelors,Rajshahi,2,70214,6854.18,89.84,7,22,4,3,68,0,4,6,4,No
38,Male,Bachelors,Chittagong,1,139051,24753.73,97.37,23,9,3,5,40,3,10,3,3,No
25,Female,High School,Barisal,6,73197,8771.51,78.03,15,5,0,3,69,3,7,3,49,Yes
58,Male,High School,Sylhet,12,66064,3644.08,97.3,7,6,4,2,24,1,7,5,11,No
29,Male,High School,Sylhet,10,16330,1248.33,90.75,15,3,2,3,98,0,3,3,40,No
46,Female,Bachelors,Dhaka,11,31597,4285.89,77.71,17,1,4,4,15,0,6,6,27,No
34,Other,PhD,Rajshahi,1,128513,6979.83,83.69,9,15,3,4,51,0,2,9,46,Yes
22,Female,Masters,Dhaka,13,21405,2512.57,91.59,13,6,1,3,19,3,2,6,38,Yes
23,Male,Masters,Khulna,2,56077,4733.7,77.74,9,13,1,2,34,0,5,6,38,No
54,Male,Bachelors,Sylhet,6,102666,10673.24,84.04,7,14,1,3,70,1,8,4,40,No
38,Female,Bachelors,Rajshahi,7,24107,2119.57,85.43,10,20,0,2,82,2,6,7,28,No
23,Female,Bachelors,Rajshahi,3,79259,6883.89,83.66,16,23,4,3,44,3,4,6,7,No
38,Female,Bachelors,Sylhet,4,27008,3892.25,87.5,7,27,3,4,16,2,3,4,10,No
25,Male,Bachelors,Rajshahi,7,125117,14253.4,96.66,20,14,4,5,53,2,10,10,2,No
59,Male,Bachelors,Dhaka,3,27333,3582.67,76.91,14,29,0,1,69,2,7,1,31,Yes
47,Other,Masters,Sylhet,8,56117,10187.16,75.06,11,1,3,4,55,1,1,7,18,No
29,Male,Bachelors,Sylhet,9,132669,23472.66,94.15,17,4,2,5,39,0,2,8,2,No
28,Male,Bachelors,Rajshahi,10,35430,6667.44,79.42,20,15,4,1,19,2,9,4,25,No
24,Male,High School,Rajshahi,1,67476,12715.15,90.9,8,3,2,3,71,0,1,8,26,No
31,Female,Bachelors,Khulna,14,72647,4025.95,80.1,6,6,1,2,95,1,8,2,6,No
58,Female,Masters,Dhaka,6,60487,6842.23,78.67,8,11,2,1,33,3,1,3,34,Yes
52,Male,Bachelors,Dhaka,6,124102,22501.21,84.69,19,27,4,3,54,2,8,2,32,No
24,Other,Bachelors,Dhaka,9,49125,5562.07,95.23,13,17,0,2,13,0,7,2,48,Yes
49,Female,Bachelors,Chittagong,5,68939,9880.58,77.64,12,3,4,5,50,1,1,9,28,No
31,Male,Bachelors,Barisal,1,75693,8539.36,84.11,8,3,1,1,59,1,2,2,32,Yes
59,Female,Bachelors,Rajshahi,12,137098,21447.87,91.84,9,21,2,4,87,0,4,1,2,No
28,Female,Bachelors,Khulna,3,96153,9803.39,91.48,6,15,4,3,37,1,7,10,14,No
38,Female,Masters,Khulna,2,104321,15878.86,86.39,19,22,2,2,95,1,8,9,8,No
54,Female,PhD,Barisal,5,39242,4797.62,93.63,7,15,0,5,31,0,6,1,27,No
47,Male,Bachelors,Rajshahi,14,34104,2292.98,96.3,11,5,1,4,20,0,9,3,16,No
26,Other,High School,Barisal,3,128980,11175.24,96.33,7,19,1,5,70,0,3,5,29,No
56,Female,High School,Khulna,9,99451,17498.84,87.3,12,18,3,1,57,1,1,10,41,Yes
35,Female,Masters,Rajshahi,1,143088,21672.62,85.81,7,23,1,4,13,3,1,7,31,No
50,Male,Bachelors,Rajshahi,6,78541,12767.61,82.17,19,20,4,1,48,1,4,7,46,Yes
47,Male,Bachelors,Sylhet,9,57059,9100.27,78.04,15,9,4,2,74,2,10,3,46,Yes
44,Female,Bachelors,Chittagong,8,66068,11712.18,91.41,10,18,3,5,91,3,8,5,18,No
59,Male,PhD,Barisal,7,69273,3669.01,92.35,7,3,1,5,76,1,5,8,3,No
26,Female,Bachelors,Rajshahi,11,130078,18286.98,76.29,8,17,1,3,21,1,4,1,37,No
24,Male,Masters,Sylhet,13,102130,5828.47,92.75,9,7,3,2,86,0,6,7,45,Yes
28,Male,Bachelors,Barisal,4,77112,4897.33,76.43,24,16,2,3,31,0,5,7,36,No
39,Female,Masters,Khulna,6,15232,768.97,93.91,15,26,0,2,65,3,3,2,3,Yes
31,Male,Bachelors,Khulna,13,100917,10611.9,81.65,8,17,3,5,98,3,8,1,5,No
31,Male,Masters,Barisal,11,49937,6697.06,80.03,23,1,2,5,48,2,8,4,47,Yes
49,Female,Bachelors,Barisal,3,53459,4584.82,85.95,16,12,4,1,95,1,7,6,47,Yes
59,Male,Bachelors,Sylhet,14,60277,7946.41,93.18,19,22,2,1,66,3,5,8,44,Yes
40,Male,Bachelors,Sylhet,11,25282,3775.15,84.96,16,16,4,1,16,2,1,9,25,Yes
58,Female,Bachelors,Barisal,2,33276,1737.85,85.62,19,28,2,3,53,2,10,2,25,No
25,Male,PhD,Sylhet,6,125739,22099.47,78.79,6,21,0,2,83,0,2,4,15,Yes
44,Female,Bachelors,Sylhet,13,145580,19541.07,96.49,6,29,0,3,87,1,4,6,7,No
38,Female,Bachelors,Khulna,1,110079,14987.72,96.47,15,9,1,1,46,0,10,4,12,No
48,Female,Masters,Khulna,11,126113,15866.39,91.55,18,16,4,2,78,2,10,4,31,No
28,Female,Bachelors,Khulna,1,117577,5934.07,93.55,23,9,1,5,61,3,10,4,44,Yes
45,Male,Bachelors,Rajshahi,13,40431,4040.73,77.59,19,20,3,2,44,3,10,9,29,No
46,Male,PhD,Sylhet,14,103053,13926.45,98.14,19,2,2,4,41,0,2,7,18,No
48,Other,Masters,Chittagong,3,100458,5646.19,76.99,17,19,2,2,94,1,8,8,6,No
42,Female,Masters,Dhaka,13,75467,13595.54,84.38,10,28,4,4,36,1,2,6,4,Yes
34,Male,Bachelors,Chittagong,10,80573,4507.66,87.37,10,16,1,3,28,2,4,9,13,No
36,Female,Bachelors,Barisal,9,103151,19916.71,87.32,10,2,3,3,96,2,8,9,12,No
54,Female,Bachelors,Rajshahi,10,85739,5879.94,97.08,18,28,2,1,28,0,4,1,29,Yes
27,Male,High School,Dhaka,6,17692,2728.85,95.69,5,5,3,5,84,3,5,8,19,No
35,Male,Masters,Khulna,3,29740,5240.79,86.95,9,27,2,3,81,0,6,9,44,Yes
52,Male,Bachelors,Dhaka,7,87921,14328.54,94.74,9,13,2,4,72,2,3,9,39,No
37,Male,Bachelors,Barisal,13,54996,3573.8,76.32,21,12,1,1,93,0,5,4,18,No
35,Male,High School,Dhaka,4,91032,15125.99,85.79,21,10,1,1,46,0,2,1,38,Yes
58,Female,High School,Khulna,2,43327,7026.84,78.7,12,21,4,5,17,2,6,10,32,No
45,Female,Bachelors,Khulna,14,30064,2893.88,87.16,12,24,4,1,87,2,1,5,0,Yes
38,Male,High School,Chittagong,3,95283,14084.36,95.3,15,14,3,2,33,1,1,8,40,Yes
52,Male,Masters,Rajshahi,7,122719,12492.11,79.43,5,10,4,1,20,0,3,5,39,No
43,Female,Bachelors,Barisal,9,16795,3093.35,93.48,23,28,3,4,61,0,4,4,27,Yes
38,Male,Masters,Khulna,3,108515,7242.61,99.38,11,2,1,3,40,3,7,10,25,No
39,Male,PhD,Sylhet,8,17882,1459.46,85.25,23,26,4,5,64,0,1,7,13,Yes
35,Female,Bachelors,Rajshahi,10,81556,5246.58,76.19,15,1,0,5,23,3,3,10,42,Yes
33,Female,Masters,Rajshahi,7,148610,7965.47,79.74,20,17,0,3,37,3,10,4,30,No
29,Female,Bachelors,Khulna,2,110104,8869.21,83.01,16,2,2,1,47,0,5,8,32,No
56,Female,Bachelors,Rajshahi,1,140722,21579.02,83.3,18,16,3,2,56,1,2,3,48,Yes
54,Female,Bachelors,Chittagong,8,66869,10815.05,78.54,9,19,2,3,56,2,10,1,37,No
31,Female,Bachelors,Dhaka,8,44624,4895.93,85.46,16,6,2,3,62,0,10,9,15,No
58,Female,Masters,Rajshahi,12,63199,11034.51,75.71,12,16,0,3,87,3,5,9,48,Yes
33,Male,Bachelors,Sylhet,2,67289,6974.14,91.7,7,24,4,3,25,2,9,4,7,No
36,Male,Bachelors,Barisal,12,67891,6419.03,85.69,11,11,4,4,75,0,1,5,43,Yes
39,Female,Bachelors,Khulna,12,23239,4292.88,91.47,22,29,2,2,75,0,4,10,32,Yes
23,Male,Masters,Barisal,4,124215,11623.3,84.34,7,26,4,2,25,2,9,1,8,Yes
50,Female,Bachelors,Sylhet,3,126814,14669.5,96.2,13,22,3,3,56,0,4,9,12,No
45,Male,Bachelors,Barisal,10,145788,24693.57,78.33,17,4,2,4,47,3,1,1,21,No
56,Male,Bachelors,Chittagong,3,46622,9086.92,93.89,12,1,0,5,69,0,10,10,42,Yes
31,Female,Bachelors,Chittagong,1,140036,16912.34,93.61,7,19,1,2,88,3,9,7,0,No
35,Female,High School,Khulna,11,139014,21701.42,87.92,5,13,1,5,39,2,5,8,8,No
30,Female,High School,Dhaka,9,47618,5781.29,91.67,8,20,0,3,96,1,2,5,42,Yes
38,Male,Bachelors,Barisal,2,86622,9343.51,92.8,19,9,3,4,81,2,2,9,38,No
24,Male,Bachelors,Rajshahi,8,148473,14147.2,96.0,11,24,1,3,29,2,7,9,33,No
47,Male,Bachelors,Barisal,12,37888,1917.38,99.46,16,8,2,3,14,3,10,9,41,Yes
59,Other,Masters,Rajshahi,5,16122,1228.05,95.14,19,8,1,2,79,2,8,4,14,Yes
41,Female,High School,Chittagong,10,106513,13020.72,97.59,22,8,1,1,17,3,2,10,41,Yes
53,Male,Bachelors,Barisal,4,127169,13054.21,79.37,17,25,2,5,82,1,6,8,41,Yes
56,Male,Bachelors,Sylhet,3,82621,7860.67,80.03,11,10,1,5,95,0,8,1,19,No
25,Female,Bachelors,Dhaka,9,101944,6216.64,91.57,5,14,2,1,38,2,10,2,43,Yes
36,Female,High School,Sylhet,12,137009,21432.44,96.31,20,10,3,5,24,0,3,3,33,No
32,Female,Bachelors,Chittagong,13,125452,14573.87,84.71,16,15,1,4,92,2,1,2,16,No
28,Female,Masters,Sylhet,6,140365,24698.09,86.99,19,1,4,5,97,3,10,8,20,No
26,Male,High School,Khulna,1,121080,23884.51,97.45,8,16,4,5,95,2,4,9,34,No
44,Female,Bachelors,Dhaka,8,102592,7419.82,88.33,24,19,1,2,43,0,5,7,6,No
56,Female,High School,Sylhet,11,118435,7912.86,97.46,12,10,1,3,94,3,1,10,24,No
27,Female,PhD,Khulna,4,144670,12702.78,82.4,17,19,4,5,73,1,6,1,4,No
33,Male,PhD,Dhaka,4,97113,16305.13,96.8,23,5,4,2,28,2,7,9,28,No
26,Female,Masters,Sylhet,6,19538,2947.74,92.7,7,18,3,4,76,3,4,3,49,Yes
26,Female,High School,Sylhet,14,41663,7004.66,91.89,7,12,1,4,45,3,10,9,3,No
56,Male,High School,Barisal,14,69485,9047.0,81.95,12,26,1,5,28,0,3,1,49,Yes
58,Male,Bachelors,Khulna,2,64229,10100.9,85.46,11,9,0,5,99,0,3,7,7,No
59,Female,High School,Khulna,2,100116,16934.8,76.17,20,21,2,3,64,3,8,4,43,Yes
56,Male,PhD,Chittagong,6,45439,6102.89,88.51,12,21,0,1,88,3,5,2,31,No
40,Other,High School,Dhaka,2,23288,2038.34,87.66,22,10,4,4,43,0,4,10,39,No
52,Male,Bachelors,Barisal,12,108874,13271.41,82.16,9,11,3,5,51,2,9,4,47,Yes
28,Male,High School,Khulna,8,19412,1197.62,85.11,6,19,2,3,56,3,9,1,49,Yes
49,Male,Bachelors,Barisal,14,141249,23400.63,90.47,16,23,0,2,56,1,9,8,34,No
41,Female,Masters,Barisal,4,109921,20686.43,75.3,21,16,2,5,21,1,1,3,39,No
26,Male,Masters,Rajshahi,10,35051,5209.94,80.54,24,6,1,4,37,1,3,3,36,No
26,Male,Masters,Dhaka,5,98577,7645.41,75.71,19,14,4,5,73,2,4,3,36,No
27,Female,Bachelors,Dhaka,1,80204,12250.72,92.03,7,28,4,5,19,3,5,2,35,No
31,Male,High School,Sylhet,14,102546,9145.29,87.21,20,8,2,1,57,0,4,3,31,No
35,Male,Bachelors,Dhaka,8,139012,19425.94,75.22,21,1,2,4,95,3,8,6,27,No
33,Male,Masters,Barisal,11,39034,4663.53,82.69,20,17,1,1,14,0,5,6,24,No
30,Female,High School,Sylhet,12,145626,12625.6,91.31,9,15,1,1,29,3,10,1,47,Yes
24,Female,Bachelors,Barisal,6,105306,10407.88,87.13,16,9,4,1,97,0,5,2,22,No
36,Male,Masters,Khulna,4,60194,5106.41,82.72,23,18,4,3,37,0,9,7,41,Yes
28,Male,PhD,Khulna,14,108216,13234.49,88.09,20,10,0,2,60,3,5,6,18,No
28,Female,Bachelors,Khulna,2,85494,15096.66,96.21,10,23,0,1,87,0,2,4,36,Yes
25,Female,Bachelors,Rajshahi,4,51326,9889.31,95.92,24,29,3,3,89,3,5,2,38,No
55,Male,PhD,Barisal,7,46812,2877.95,87.36,8,1,3,1,99,2,10,4,19,No
24,Male,Bachelors,Sylhet,13,119891,11837.95,94.78,16,4,3,3,64,2,10,2,37,No
24,Male,Masters,Dhaka,14,30413,2495.99,99.74,18,13,0,5,92,1,1,4,25,No
43,Male,Bachelors,Chittagong,13,52660,5561.83,94.26,19,12,3,2,84,1,3,1,34,No
51,Male,Masters,Dhaka,2,120462,20439.93,92.89,5,5,1,1,85,2,6,6,16,No
25,Female,Masters,Dhaka,9,26579,2452.85,92.97,14,25,3,2,30,2,2,9,9,Yes
30,Other,Masters,Dhaka,10,41307,2207.69,87.56,7,21,0,1,69,2,8,9,3,No
28,Female,PhD,Sylhet,6,48656,2519.2,97.67,19,5,1,1,13,0,7,8,5,No
39,Male,Bachelors,Dhaka,8,24939,1824.69,92.39,8,25,0,2,66,1,7,6,11,No
55,Male,Bachelors,Rajshahi,6,112213,14207.2,96.97,23,3,2,1,26,3,3,10,25,No
32,Female,Masters,Dhaka,5,84849,10286.26,93.94,15,11,4,1,24,2,1,1,49,Yes
46,Male,Masters,Dhaka,4,80534,9454.06,90.54,7,25,4,3,82,2,3,9,19,No
58,Female,Bachelors,Dhaka,12,111732,10632.59,80.43,16,12,1,4,61,3,6,1,3,No
26,Male,Bachelors,Rajshahi,6,65838,7872.64,89.63,13,13,2,1,10,0,5,1,15,No
29,Female,Bachelors,Sylhet,11,85120,14696.45,88.99,8,27,1,3,44,3,2,4,16,Yes
45,Male,Bachelors,Chittagong,8,148177,13496.96,89.27,18,26,4,3,57,0,1,9,47,Yes
29,Female,PhD,Khulna,11,89818,5473.67,98.09,8,28,0,2,34,1,7,5,19,Yes
26,Male,Masters,Barisal,4,96180,14052.52,85.71,18,25,4,2,13,3,4,10,21,No
45,Male,High School,Barisal,6,84387,4260.98,99.89,23,23,0,5,52,3,4,3,30,No
47,Male,Bachelors,Rajshahi,13,91468,17015.83,88.4,20,12,2,1,50,3,3,6,21,No
43,Male,Masters,Dhaka,7,80026,8122.8,96.79,15,7,2,3,55,3,7,8,4,No
25,Male,Bachelors,Chittagong,11,21282,4147.59,78.0,8,4,3,3,78,3,2,5,39,Yes
23,Male,Bachelors,Sylhet,7,23099,2001.46,96.14,14,11,0,2,19,2,1,7,10,Yes
59,Female,Bachelors,Chittagong,4,129312,25096.29,77.07,20,15,2,2,64,1,7,7,29,No
50,Female,Bachelors,Barisal,9,23026,4124.07,84.55,24,5,3,1,82,1,7,7,31,No
53,Female,Bachelors,Sylhet,2,143048,10789.84,88.55,21,6,1,5,94,0,7,6,32,No
34,Male,Bachelors,Sylhet,4,63504,3508.18,98.48,10,6,3,2,15,0,6,9,9,No
43,Male,Bachelors,Chittagong,7,30489,4354.31,83.87,15,28,2,3,61,1,5,4,46,Yes
57,Other,Bachelors,Barisal,12,66390,7397.2,87.12,13,13,2,1,41,0,8,1,33,No
30,Male,Bachelors,Dhaka,1,69111,9341.37,97.0,6,10,1,5,35,2,1,4,13,No
29,Female,Bachelors,Rajshahi,8,55099,10488.08,92.06,13,25,1,1,37,2,5,3,42,Yes
39,Male,High School,Sylhet,11,108552,21199.15,87.34,20,7,2,4,40,1,4,7,7,No
50,Female,Masters,Sylhet,9,137316,26491.36,84.01,6,3,0,3,63,1,8,6,29,No
44,Other,Bachelors,Khulna,12,125880,18037.53,81.83,8,2,0,2,11,2,5,1,28,No
25,Male,Masters,Barisal,6,69425,3704.02,81.17,7,1,3,4,10,1,5,9,42,Yes
22,Male,Bachelors,Khulna,8,93601,12813.44,82.73,22,18,3,2,21,3,3,10,20,No
46,Male,Masters,Rajshahi,4,17506,1487.78,78.18,19,12,1,1,68,3,10,10,6,Yes
52,Male,Bachelors,Sylhet,5,99516,15001.94,94.97,19,3,4,5,70,3,2,3,24,No
52,Female,High School,Barisal,12,27923,1446.3,77.43,10,9,0,2,48,1,7,7,27,No
33,Female,Bachelors,Sylhet,6,63387,6516.51,88.24,19,16,4,1,28,2,9,3,5,No
44,Female,Masters,Khulna,10,143487,25253.81,96.4,13,15,2,3,19,1,9,2,49,Yes
45,Male,Masters,Sylhet,11,122458,11220.28,89.58,7,14,0,3,28,3,4,5,14,No
24,Female,Bachelors,Dhaka,5,55869,5648.56,98.0,23,19,0,5,12,1,1,7,3,No
29,Male,Masters,Sylhet,3,22546,3730.65,86.27,22,26,1,4,74,3,2,9,3,Yes
35,Male,High School,Sylhet,5,24528,2938.55,77.33,22,19,1,2,70,1,8,4,14,No
56,Male,Bachelors,Rajshahi,9,27028,4079.01,84.39,7,15,1,3,16,0,7,10,16,No
25,Other,Bachelors,Rajshahi,12,21344,3207.21,78.42,14,4,3,5,28,1,9,9,18,No
46,Female,Bachelors,Sylhet,1,68804,11273.82,79.69,17,20,3,2,96,0,8,4,9,No
34,Male,High School,Barisal,4,143155,20151.69,78.82,19,7,1,4,13,0,7,1,35,No
45,Male,Bachelors,Rajshahi,7,79641,5962.6,79.41,9,20,0,1,60,3,2,6,26,Yes
26,Female,Bachelors,Sylhet,7,44201,7982.4,94.49,5,7,3,2,10,2,4,5,22,No
38,Female,Bachelors,Rajshahi,2,76561,4495.4,77.76,6,22,4,3,79,1,10,4,33,No
41,Male,Masters,Chittagong,9,78632,10050.37,87.76,17,28,0,5,39,3,9,8,27,No
38,Male,Bachelors,Sylhet,10,106611,6402.13,76.12,24,26,4,4,18,1,10,10,41,Yes
49,Male,Bachelors,Barisal,5,27654,2168.7,79.48,20,1,2,1,62,2,8,8,0,No
42,Male,Masters,Sylhet,7,78948,12425.87,85.85,9,18,1,2,69,0,1,9,13,Yes
25,Other,Bachelors,Dhaka,8,108822,19476.34,95.82,9,20,1,2,52,0,10,5,27,No
57,Male,High School,Chittagong,5,114927,17170.54,90.3,24,12,3,2,81,1,4,2,37,No
43,Male,High School,Sylhet,14,44711,8425.88,87.55,19,27,1,5,30,0,7,9,6,No
36,Female,High School,Rajshahi,1,141994,18170.18,96.42,20,28,4,1,30,1,2,9,36,Yes
36,Female,Bachelors,Sylhet,3,122186,14093.98,84.21,12,28,0,3,29,2,9,9,45,Yes
23,Female,Masters,Rajshahi,14,109768,6945.47,91.86,5,11,2,2,10,0,6,5,41,Yes
56,Male,Masters,Chittagong,11,130671,19879.93,96.84,24,16,0,4,38,0,2,6,13,No
49,Female,Bachelors,Sylhet,10,81495,14221.95,88.67,20,25,4,2,21,3,10,9,33,No
36,Female,Masters,Khulna,6,147813,11898.06,86.71,6,5,2,5,45,3,8,9,7,No
30,Male,Bachelors,Khulna,8,93039,11320.96,89.46,14,23,2,4,18,3,8,3,8,No
57,Female,Bachelors,Rajshahi,4,131718,15412.6,82.83,13,17,3,4,12,2,2,1,31,No
50,Other,High School,Sylhet,14,112559,14180.62,79.15,20,8,2,4,28,1,10,2,27,No
29,Male,Bachelors,Barisal,1,85158,14513.9,85.4,17,2,3,3,52,3,2,10,7,No
59,Other,High School,Dhaka,14,67229,4761.6,91.77,7,22,1,3,15,3,7,1,20,No
45,Male,PhD,Barisal,7,22732,2765.21,87.47,19,15,0,3,47,2,2,6,40,No
52,Male,Bachelors,Sylhet,3,136553,23383.54,83.81,23,7,0,3,74,3,6,8,37,No
28,Female,Masters,Chittagong,3,49118,3748.28,89.13,11,6,3,5,21,3,1,3,48,Yes
43,Other,High School,Sylhet,12,127267,15701.25,94.78,19,21,0,3,46,1,1,7,35,No
59,Male,Bachelors,Dhaka,9,73811,12041.37,90.93,7,2,2,3,30,3,7,4,11,No
30,Male,Bachelors,Dhaka,3,67559,4721.1,85.39,9,29,1,4,69,0,6,10,30,No
23,Male,Bachelors,Chittagong,2,71298,4104.11,97.16,11,22,4,5,68,1,5,7,28,No
42,Other,High School,Rajshahi,8,80989,6707.59,75.56,11,23,3,1,45,1,9,2,30,No
54,Male,Masters,Sylhet,4,129257,16627.48,87.62,15,17,3,2,77,1,6,9,35,No
30,Male,Masters,Dhaka,5,61250,4127.25,92.45,13,19,1,1,57,1,6,9,16,No
30,Other,High School,Khulna,13,41136,5684.85,90.93,17,29,3,5,50,3,2,8,36,Yes
33,Female,Bachelors,Chittagong,12,38494,5681.37,89.47,24,21,3,5,78,1,6,10,40,No
54,Male,Bachelors,Barisal,14,35629,2097.17,80.82,22,13,1,5,61,1,7,10,24,No
33,Male,Bachelors,Barisal,2,66567,10421.07,93.36,19,13,3,1,25,2,2,2,22,Yes
53,Male,High School,Rajshahi,9,135970,27062.72,80.08,22,19,0,2,54,1,9,2,21,No
49,Female,Masters,Sylhet,3,86907,17205.69,82.45,20,2,3,5,26,1,4,4,23,No
27,Male,Bachelors,Barisal,5,95983,14081.64,76.38,17,23,4,5,98,0,6,1,8,No
42,Female,Bachelors,Khulna,11,141357,18007.86,93.06,8,21,0,5,37,2,2,10,43,Yes
29,Male,Bachelors,Khulna,7,127565,15946.17,83.57,17,26,3,5,72,1,6,9,25,No
44,Male,Masters,Chittagong,7,53080,7271.62,83.41,11,25,1,3,43,2,9,10,4,No
49,Female,Bachelors,Khulna,14,120623,11610.12,81.58,18,21,1,2,57,2,5,8,37,No
26,Female,Masters,Chittagong,1,91026,8106.68,92.2,8,10,3,5,31,1,10,7,31,No
24,Male,PhD,Sylhet,6,18375,2575.2,75.35,6,15,0,1,46,2,4,5,29,Yes
39,Female,Masters,Dhaka,6,15091,2937.17,83.6,10,9,4,1,66,3,10,2,8,Yes
44,Female,Masters,Barisal,2,101996,7880.26,99.58,11,7,0,1,77,0,1,1,24,Yes
34,Female,Bachelors,Khulna,5,100811,10848.19,84.54,18,20,0,2,74,2,2,6,40,Yes
25,Other,Masters,Dhaka,8,22022,2402.46,75.45,10,22,2,5,78,1,7,2,7,No
40,Male,High School,Sylhet,6,89265,13008.48,98.42,14,21,4,5,71,1,10,10,6,No
37,Male,Masters,Dhaka,4,90904,8634.86,78.57,16,28,1,4,56,2,2,6,45,Yes
48,Male,Bachelors,Barisal,7,92823,15833.09,83.82,5,7,0,5,27,0,1,10,17,No
48,Female,Masters,Rajshahi,12,148989,23085.33,81.22,10,14,0,3,54,1,9,8,26,No
22,Other,Bachelors,Khulna,12,46787,6614.27,81.82,24,25,0,2,77,3,3,7,31,No
29,Female,High School,Barisal,14,43490,4411.79,76.73,22,6,4,2,99,2,2,8,43,Yes
38,Male,Bachelors,Rajshahi,6,52583,9956.12,82.6,5,10,1,3,83,1,2,7,10,No
31,Female,Masters,Chittagong,8,32691,4381.13,96.62,20,9,3,1,40,0,3,3,9,No
31,Other,Bachelors,Chittagong,9,92682,16855.39,82.18,11,14,2,1,89,3,8,2,18,No
50,Female,Bachelors,Barisal,14,46388,8950.07,94.65,13,19,2,3,25,2,8,10,19,No
49,Male,High School,Dhaka,11,41550,8173.91,83.93,6,16,1,4,37,3,1,1,29,No
25,Female,Bachelors,Chittagong,6,44567,5965.55,95.09,17,5,3,5,17,0,3,8,43,Yes
34,Male,Bachelors,Sylhet,3,55910,10323.79,87.3,15,2,3,2,31,0,1,8,42,Yes
54,Male,High School,Dhaka,8,52872,7259.15,79.83,13,2,3,2,13,3,8,7,42,Yes
38,Female,PhD,Barisal,8,117518,10041.96,99.82,13,12,3,3,10,2,7,10,13,No
28,Male,Bachelors,Sylhet,6,58155,6783.36,90.75,5,28,4,2,69,2,10,3,21,Yes
51,Female,Bachelors,Barisal,9,42722,7158.26,97.37,24,7,4,5,90,0,4,9,28,No
35,Male,Masters,Chittagong,7,82339,14248.19,82.38,22,17,2,4,91,3,8,1,14,No
46,Male,Bachelors,Sylhet,12,141459,21088.38,77.7,23,7,0,5,50,2,2,4,27,No
57,Male,Masters,Khulna,3,20365,2231.84,92.98,5,10,2,1,64,2,2,5,38,Yes
41,Female,High School,Sylhet,13,102346,12741.72,91.89,22,1,4,4,45,0,3,4,6,No
38,Male,Bachelors,Khulna,12,111841,6312.7,90.42,5,23,2,4,27,2,3,7,23,No
45,Male,High School,Barisal,2,147563,18205.41,87.39,18,25,0,2,99,2,4,9,19,No
53,Female,Masters,Khulna,5,90174,14180.68,92.05,13,25,0,2,22,0,4,8,47,Yes
46,Female,Bachelors,Dhaka,4,79817,4541.28,84.63,9,4,1,5,81,1,1,10,11,No
24,Female,Bachelors,Sylhet,8,97142,13472.24,81.02,22,5,3,5,60,0,1,1,35,No
44,Male,Masters,Dhaka,10,75096,6643.74,93.28,22,25,0,4,84,0,7,4,49,Yes
23,Male,Bachelors,Rajshahi,14,99102,15599.41,84.12,23,14,1,3,10,0,9,2,32,No
49,Male,Bachelors,Dhaka,9,93721,6515.87,81.42,21,18,2,4,59,3,3,8,2,No
51,Female,Bachelors,Sylhet,11,96451,17860.53,88.48,21,5,0,4,29,0,6,8,0,No
45,Female,Masters,Barisal,11,33161,5605.33,95.16,22,9,0,5,11,3,5,10,25,No
36,Male,Bachelors,Barisal,5,82321,13869.29,98.54,15,20,4,2,31,3,7,10,25,No
38,Male,Bachelors,Chittagong,1,112781,6080.17,88.8,19,9,4,3,35,1,8,3,1,No
30,Male,High School,Khulna,3,104121,5301.76,87.77,18,18,2,1,44,0,5,10,6,No
37,Male,High School,Chittagong,11,121805,23878.84,80.15,19,5,0,3,94,0,7,2,11,No
50,Female,Bachelors,Sylhet,9,63623,11526.33,96.93,19,29,0,5,28,0,7,9,24,No
56,Female,High School,Chittagong,8,15140,2989.4,80.23,22,9,4,1,13,2,10,10,32,Yes
35,Female,Masters,Barisal,2,87243,11101.1,97.61,17,12,0,4,92,0,5,10,22,No
39,Other,Masters,Chittagong,7,138592,9027.5,91.42,13,2,1,3,44,1,3,7,30,No
35,Male,Bachelors,Sylhet,4,58377,9895.23,75.64,12,5,1,1,67,2,8,9,15,No
23,Male,Bachelors,Rajshahi,10,146058,18942.69,80.83,23,7,0,1,45,2,6,5,20,No
22,Male,Bachelors,Barisal,7,102108,17659.08,91.35,5,2,4,5,58,2,6,2,38,No
37,Male,Bachelors,Khulna,14,103672,11299.82,83.24,11,8,3,4,81,1,4,9,49,Yes
55,Female,High School,Sylhet,11,50183,7526.88,83.18,24,1,3,2,34,2,10,9,46,Yes
29,Male,Bachelors,Barisal,12,41362,5595.31,94.53,7,21,4,3,77,1,2,2,34,No
37,Male,Bachelors,Dhaka,14,120265,8803.75,86.04,18,22,4,1,39,3,4,7,30,No
44,Male,PhD,Barisal,11,27793,1445.37,75.32,14,26,4,1,11,3,9,1,49,Yes
39,Male,High School,Rajshahi,8,83001,10870.61,76.82,20,15,2,4,78,2,8,6,49,Yes
47,Female,Bachelors,Dhaka,8,43469,7470.64,78.94,22,19,0,2,27,2,10,6,44,Yes
47,Male,Bachelors,Dhaka,9,23544,3643.47,97.87,11,7,2,1,59,1,6,7,13,No
39,Male,High School,Sylhet,9,149515,12734.99,79.67,7,7,3,1,28,0,6,6,12,No
33,Male,Masters,Dhaka,8,114832,20828.17,98.6,22,23,0,1,84,0,9,1,20,No
58,Male,Bachelors,Rajshahi,1,28057,5310.57,87.02,7,22,0,1,48,2,7,1,8,No
23,Female,Masters,Dhaka,11,100824,12036.14,97.85,14,25,4,2,41,3,3,10,4,No
34,Male,Bachelors,Sylhet,1,111011,14320.59,96.69,11,3,1,4,82,3,5,4,32,No
35,Female,PhD,Dhaka,5,124108,15107.19,97.29,10,6,3,3,46,0,6,10,24,No
50,Female,High School,Chittagong,10,95139,11099.48,97.24,23,17,3,2,74,3,6,4,10,No
44,Male,Masters,Sylhet,8,58175,3645.77,93.4,18,1,1,5,60,0,10,1,3,No
47,Male,High School,Khulna,11,140109,22608.57,88.84,9,12,0,3,24,3,6,9,48,Yes
53,Female,High School,Rajshahi,9,72849,13415.35,84.42,15,7,2,4,41,0,9,6,13,No
24,Female,Masters,Khulna,12,68553,8630.08,97.94,24,6,2,1,14,2,10,10,6,No
37,Male,Bachelors,Khulna,2,130241,7413.29,76.17,19,10,3,1,83,2,1,3,34,Yes
38,Male,Masters,Khulna,8,99715,5573.8,96.26,18,4,2,3,25,3,6,2,21,No
43,Other,Bachelors,Rajshahi,12,45072,4044.28,98.82,9,16,0,1,95,3,1,7,1,Yes
49,Female,Bachelors,Dhaka,12,131073,24405.74,90.95,13,6,4,1,36,0,2,7,9,Yes
55,Male,Bachelors,Sylhet,6,89048,14274.59,99.5,9,29,0,3,85,1,3,7,19,No
29,Other,Masters,Khulna,12,93514,4821.92,77.51,5,25,1,2,78,0,10,7,23,No
24,Female,Bachelors,Sylhet,1,56865,4956.96,86.7,19,15,2,2,60,3,1,7,47,Yes
53,Male,Bachelors,Barisal,2,59018,7528.99,76.87,9,27,4,4,62,2,4,9,3,No
53,Male,High School,Chittagong,3,22851,3348.18,92.85,9,1,4,1,65,2,6,7,19,No
48,Female,Bachelors,Barisal,14,45913,8620.84,77.86,11,7,3,5,22,2,8,5,9,No
45,Female,High School,Barisal,5,18515,1973.09,84.35,20,1,2,2,61,2,7,3,20,Yes
47,Male,Bachelors,Barisal,9,26072,4614.3,92.22,5,28,1,3,32,3,7,4,40,No
49,Male,Bachelors,Dhaka,9,51607,6044.2,97.05,17,13,4,5,77,1,9,6,20,No
52,Male,Bachelors,Chittagong,5,76891,10236.93,88.13,11,26,1,3,71,1,7,4,37,No
46,Female,Masters,Dhaka,4,117718,20746.71,81.74,20,8,1,4,51,0,7,4,1,No
23,Female,Bachelors,Khulna,6,94466,10709.67,87.82,21,22,1,3,12,2,10,9,12,No
57,Female,High School,Barisal,1,105418,18322.85,82.45,12,4,1,3,82,3,3,8,49,Yes
39,Female,Bachelors,Chittagong,5,79967,15642.69,98.99,17,21,3,4,89,0,9,4,1,No
39,Male,High School,Barisal,6,27551,4470.77,81.78,22,10,4,5,26,2,5,5,0,No
32,Female,Bachelors,Rajshahi,10,48566,2757.56,84.8,19,5,2,4,19,0,6,2,10,No
29,Male,Bachelors,Barisal,13,110721,8598.17,91.72,7,14,0,5,14,0,9,2,39,No
30,Female,Masters,Rajshahi,7,105667,12293.13,84.64,13,17,1,2,16,3,10,10,46,Yes
40,Female,Bachelors,Sylhet,3,59604,3118.63,98.65,20,14,3,4,56,3,8,5,17,No
43,Female,High School,Rajshahi,14,81501,15730.68,79.57,8,24,0,5,68,1,2,7,42,Yes
45,Male,Bachelors,Khulna,14,106640,15737.17,94.33,11,24,3,2,48,3,10,2,11,No
50,Male,High School,Khulna,14,139052,11610.25,80.18,24,7,3,4,75,0,5,4,2,No
43,Male,Bachelors,Khulna,3,95593,10201.7,76.58,9,21,2,2,88,3,5,9,13,No
46,Male,PhD,Rajshahi,8,126671,23051.72,97.27,12,6,2,5,94,1,6,6,8,No
42,Other,High School,Sylhet,9,77899,5134.26,85.97,5,3,4,2,62,2,7,5,33,No
30,Male,Bachelors,Sylhet,5,104456,17787.39,81.29,19,12,1,1,44,2,2,9,38,Yes
46,Male,Masters,Dhaka,11,52640,10327.91,91.11,19,19,1,3,57,1,9,9,16,No
36,Other,Bachelors,Khulna,14,45784,7322.58,98.65,13,20,3,3,81,0,9,9,42,Yes
35,Male,Bachelors,Dhaka,10,85585,8617.41,80.73,16,8,3,4,15,3,4,3,13,No
31,Male,Bachelors,Barisal,5,43904,4685.38,99.97,23,4,1,1,66,3,10,1,25,No
54,Female,Bachelors,Sylhet,14,68805,11467.51,76.28,16,25,3,4,31,0,6,3,10,No
22,Male,Bachelors,Barisal,10,130097,21671.14,79.74,10,8,4,4,80,2,2,3,28,No
44,Male,Bachelors,Dhaka,1,115906,12283.78,78.51,18,18,4,2,43,2,2,8,43,Yes
35,Female,PhD,Barisal,11,138336,27388.52,88.88,22,7,1,4,91,2,1,7,14,No
27,Female,High School,Barisal,1,126021,12569.22,84.64,16,7,3,3,94,0,9,8,19,No
55,Male,Bachelors,Chittagong,8,82080,5316.93,95.27,18,2,3,5,45,0,10,7,23,No
43,Male,Masters,Chittagong,11,48168,8000.09,81.98,7,15,4,2,46,0,5,10,4,No
39,Male,Bachelors,Sylhet,11,127272,9782.69,82.43,8,21,2,3,26,3,9,4,31,No
39,Female,Bachelors,Dhaka,10,114757,19959.57,79.9,10,18,2,3,67,3,3,8,12,No
36,Male,High School,Barisal,11,93761,14632.28,77.91,11,27,4,4,11,3,9,6,15,No
51,Female,Masters,Rajshahi,4,69393,10850.74,80.58,7,23,3,2,29,0,7,6,49,Yes
22,Other,Bachelors,Chittagong,6,125872,19156.12,84.14,24,14,3,4,21,1,8,7,5,No
36,Male,High School,Sylhet,3,43843,5058.04,86.21,20,20,4,5,51,0,3,3,15,No
35,Female,PhD,Barisal,7,93623,10393.12,79.84,18,14,3,4,43,3,2,6,19,No
57,Male,Masters,Chittagong,5,21805,4061.3,81.02,5,3,2,5,91,3,8,5,18,No
51,Female,High School,Chittagong,2,142229,24920.35,83.62,12,9,2,1,14,3,4,6,28,No
37,Male,Bachelors,Rajshahi,9,43704,6271.26,91.0,23,6,2,3,63,3,1,2,6,No
47,Male,PhD,Khulna,1,45649,4755.59,83.15,11,4,3,1,11,2,6,3,13,No
54,Male,Bachelors,Rajshahi,9,103506,15904.38,84.21,10,21,4,5,80,1,10,1,37,No
46,Male,Bachelors,Khulna,3,42991,7048.6,91.89,22,21,3,3,95,1,10,2,14,No
51,Male,Bachelors,Barisal,3,69091,10334.15,83.24,13,24,0,4,72,2,8,4,3,No
34,Male,High School,Chittagong,5,128691,8322.64,96.62,13,27,4,3,64,2,9,7,38,No
25,Male,Masters,Barisal,14,124459,6603.2,75.26,12,29,4,2,85,0,7,10,48,Yes
45,Female,High School,Barisal,10,65726,12668.34,81.13,17,5,1,2,44,3,2,10,24,Yes
31,Male,Bachelors,Barisal,5,87157,11697.84,97.64,11,23,0,2,10,3,10,9,9,No
26,Male,Masters,Barisal,11,137150,12365.19,80.16,7,20,1,2,14,0,3,5,33,No
28,Female,Bachelors,Chittagong,3,64616,6386.24,88.83,23,6,2,5,79,3,2,4,49,Yes
43,Female,Masters,Dhaka,10,100381,8675.44,91.27,23,29,2,5,10,0,1,8,20,Yes
48,Male,High School,Sylhet,10,66740,9966.79,92.57,7,8,3,4,52,2,4,7,48,Yes
32,Female,Bachelors,Sylhet,10,42552,5458.06,78.64,12,1,3,2,30,3,4,5,20,No
27,Male,Bachelors,Khulna,8,69215,9072.13,75.82,5,3,2,3,45,2,1,4,6,No
32,Female,High School,Rajshahi,8,31561,3880.99,89.95,6,19,2,2,26,0,6,5,35,No
54,Male,Bachelors,Khulna,2,84651,14847.28,79.15,17,25,1,1,46,2,6,1,31,No
48,Female,Bachelors,Rajshahi,7,46405,4315.19,96.46,17,8,4,5,19,0,2,2,22,No
35,Female,Bachelors,Khulna,3,74640,10444.35,86.7,21,15,3,4,53,3,7,8,6,No
56,Male,Masters,Sylhet,3,38037,4430.59,75.5,19,26,0,3,58,1,4,4,0,No
51,Male,Bachelors,Barisal,8,125554,9245.37,79.74,7,18,3,3,26,2,5,1,37,No
31,Female,Bachelors,Dhaka,5,61923,6708.47,84.52,18,8,4,4,64,2,4,8,7,No
50,Male,Masters,Barisal,6,124396,17718.05,95.65,8,18,1,1,69,3,4,1,45,Yes
53,Male,Bachelors,Rajshahi,6,87028,12699.43,98.51,14,4,2,5,67,1,8,6,11,No
26,Female,Bachelors,Sylhet,6,69105,4764.35,80.73,15,24,0,1,38,2,3,10,2,No
56,Female,High School,Rajshahi,1,91332,12366.49,93.69,14,23,0,1,16,0,8,5,16,No
45,Female,PhD,Sylhet,2,105583,18019.24,99.02,23,13,4,5,95,2,2,9,10,No
59,Male,Masters,Dhaka,4,51383,8913.06,96.31,8,17,1,5,78,0,8,1,16,No
29,Male,Bachelors,Khulna,1,137985,19964.0,96.65,20,5,4,2,65,3,1,6,39,Yes
34,Male,High School,Dhaka,12,91219,7586.59,92.15,6,24,2,4,32,0,2,7,3,No
24,Male,Bachelors,Sylhet,12,97438,13470.85,83.73,14,12,3,4,80,0,10,3,44,Yes
37,Male,Masters,Chittagong,7,27879,2976.42,94.33,24,9,0,5,39,3,2,2,26,No
37,Female,Bachelors,Rajshahi,11,109586,6565.68,91.06,13,29,3,4,32,1,6,4,8,No
35,Male,Masters,Khulna,10,93783,11834.66,76.88,6,16,4,4,43,2,1,1,22,No
57,Male,Masters,Sylhet,12,82227,5162.54,88.73,23,21,4,4,82,3,1,4,11,No
22,Female,Bachelors,Chittagong,3,143284,21509.86,80.27,22,18,1,3,36,3,4,3,31,No
53,Other,Bachelors,Sylhet,8,25282,3126.37,84.01,24,3,3,4,81,0,5,9,40,No
45,Male,Masters,Chittagong,12,61225,5387.05,98.45,24,12,1,2,32,2,4,3,26,No
38,Male,High School,Sylhet,11,147525,27849.09,95.37,12,4,1,3,65,2,4,7,29,No
57,Other,Bachelors,Khulna,6,109611,9355.73,99.61,14,21,1,5,94,0,8,9,26,No
56,Female,Bachelors,Rajshahi,11,93809,6938.7,82.09,17,29,2,5,38,2,10,1,1,No
38,Female,Bachelors,Sylhet,10,34599,6556.27,94.27,9,29,0,4,35,3,1,5,12,Yes
45,Male,High School,Khulna,1,53272,6689.99,78.89,18,23,0,1,18,3,4,6,40,No
54,Female,Bachelors,Khulna,12,71852,3714.26,98.33,19,8,1,1,73,1,10,9,29,No
48,Male,High School,Barisal,6,140303,25802.56,79.15,19,17,3,2,81,1,8,8,42,Yes
50,Male,Masters,Khulna,14,42541,6129.94,84.56,19,1,2,1,99,2,2,9,9,Yes
43,Male,Bachelors,Sylhet,4,68214,6455.85,81.27,20,12,3,1,73,3,2,7,3,Yes
35,Female,Bachelors,Chittagong,7,18519,3198.49,83.14,5,21,0,2,73,2,5,10,16,Yes
59,Male,High School,Rajshahi,13,77885,4575.02,79.3,24,28,0,4,64,3,2,7,36,Yes
48,Male,Bachelors,Chittagong,12,71172,12922.37,99.61,14,14,2,3,49,0,4,5,0,No
57,Female,Masters,Khulna,4,141709,10885.68,83.51,7,7,0,2,33,2,9,6,44,Yes
33,Male,Bachelors,Chittagong,6,20809,2373.46,98.52,14,15,0,5,80,3,9,10,45,Yes
53,Male,Bachelors,Rajshahi,12,128314,10260.64,86.27,5,3,3,1,35,1,1,3,0,Yes
48,Female,High School,Barisal,10,94073,15076.63,83.69,12,26,3,3,54,0,3,4,2,No
59,Male,Masters,Dhaka,10,129538,6868.47,78.53,15,22,4,2,12,3,7,5,42,Yes
33,Female,Masters,Dhaka,5,25973,3108.74,82.79,14,22,4,1,55,0,1,2,49,Yes
24,Female,Bachelors,Rajshahi,3,65488,3452.53,96.09,23,7,0,3,19,1,4,4,14,No
28,Male,Bachelors,Chittagong,2,141131,9034.57,92.7,8,24,3,5,56,1,1,5,43,Yes
56,Male,High School,Chittagong,4,59958,9064.61,82.96,14,5,2,4,72,1,7,7,23,No
33,Male,High School,Dhaka,4,43090,4371.17,85.25,15,14,0,1,31,3,1,6,39,Yes
36,Male,Bachelors,Rajshahi,10,93648,16660.78,91.35,19,24,1,2,80,0,5,8,48,Yes
22,Male,Bachelors,Sylhet,14,122489,16421.36,75.91,8,29,0,5,52,1,6,7,20,No
27,Female,Bachelors,Chittagong,1,18212,3609.23,98.44,22,19,2,1,18,2,5,8,22,Yes
42,Female,Bachelors,Dhaka,13,89069,12069.01,82.97,23,2,2,1,38,2,10,10,24,No
33,Female,Bachelors,Barisal,12,36947,5074.26,85.35,19,16,3,1,99,1,5,2,26,No
52,Male,High School,Khulna,8,58685,8149.59,94.38,14,13,1,2,31,1,10,8,46,Yes
46,Female,Bachelors,Chittagong,3,136067,22921.64,80.12,9,9,1,5,69,0,2,3,1,No
51,Male,Bachelors,Barisal,13,20816,2804.74,84.86,22,15,0,2,38,1,10,2,24,Yes
23,Female,High School,Barisal,13,140655,19469.94,98.31,11,18,3,1,80,3,8,5,23,No
39,Male,Masters,Dhaka,6,15255,1768.8,87.88,22,20,2,4,56,0,5,9,38,No
46,Female,Masters,Barisal,5,43984,2230.55,98.05,21,21,2,2,60,1,1,5,13,Yes
45,Male,Bachelors,Khulna,13,77098,13131.17,95.76,6,4,4,2,37,1,4,8,8,No
26,Female,Masters,Sylhet,11,88199,6518.34,92.48,7,18,3,5,37,0,4,3,33,No
23,Male,High School,Rajshahi,5,71318,10068.87,94.07,23,15,1,5,27,3,4,3,4,No
54,Male,High School,Dhaka,6,35286,3866.76,93.06,19,8,2,4,58,1,4,1,44,Yes
25,Male,High School,Rajshahi,6,91168,17332.58,76.85,22,13,3,4,63,0,8,1,31,No
24,Male,High School,Rajshahi,1,48325,9235.39,89.86,17,26,1,2,49,1,10,5,5,Yes
36,Male,Bachelors,Barisal,11,27430,4487.44,89.33,11,12,0,4,59,3,6,7,11,No
27,Male,Bachelors,Dhaka,1,149039,15050.82,78.74,6,27,1,5,20,0,10,10,40,No
53,Male,Bachelors,Barisal,1,54864,9325.86,76.88,17,27,1,1,19,0,3,2,31,Yes
28,Female,Bachelors,Dhaka,10,48306,9189.03,81.28,10,26,0,4,61,2,5,9,34,No
57,Male,Masters,Dhaka,11,149000,11939.77,97.67,5,5,0,4,68,2,6,10,28,No
46,Male,Bachelors,Sylhet,7,53256,6981.8,96.4,19,9,0,4,46,3,2,7,4,Yes
55,Female,High School,Chittagong,14,96747,16486.68,89.21,14,12,4,5,32,0,3,9,22,No
25,Male,Bachelors,Dhaka,4,56444,3060.22,91.46,23,20,2,2,83,2,7,2,37,No
53,Female,Bachelors,Barisal,11,23932,1774.18,92.9,18,9,2,4,54,1,6,9,34,No
50,Female,Masters,Khulna,14,119605,12730.86,88.32,18,1,3,1,37,0,6,6,21,No
53,Female,PhD,Dhaka,2,69107,3730.89,76.3,5,11,1,4,63,1,5,6,5,No
25,Male,Bachelors,Barisal,11,35891,6738.22,80.25,18,10,0,2,24,3,2,4,13,Yes
33,Female,Bachelors,Sylhet,6,24227,4493.28,80.81,16,3,4,5,99,1,10,7,21,No
44,Male,Bachelors,Sylhet,4,59854,10718.49,84.48,13,29,0,5,46,3,8,9,29,No
57,Male,Bachelors,Chittagong,3,102224,16984.58,86.25,12,9,1,5,27,1,8,7,1,No
39,Female,PhD,Sylhet,3,136126,25862.41,79.06,24,25,3,5,14,0,6,2,1,No
50,Female,Masters,Sylhet,12,107917,20028.49,86.91,11,12,4,4,33,3,2,4,47,Yes
29,Male,Bachelors,Chittagong,3,26905,1890.88,96.02,19,25,3,2,52,0,1,3,48,Yes
37,Female,Bachelors,Chittagong,3,98650,15305.81,91.58,7,13,4,2,18,2,4,4,24,No
40,Male,Bachelors,Barisal,12,84834,10294.15,89.95,21,9,0,2,23,0,9,1,20,No
52,Male,Masters,Rajshahi,9,103934,17731.28,83.77,13,14,3,3,68,0,2,4,22,Yes
26,Female,High School,Rajshahi,4,44208,6861.56,85.5,17,21,4,1,76,1,5,2,35,No
36,Female,High School,Chittagong,8,112060,21536.0,77.61,18,5,3,1,89,2,2,10,48,Yes
40,Male,Masters,Dhaka,14,62501,10071.46,99.61,7,11,0,1,80,1,7,7,26,No
52,Female,PhD,Khulna,12,30127,5117.81,88.57,23,28,2,2,94,3,2,4,9,Yes
22,Female,Masters,Khulna,14,125667,14087.49,87.62,10,18,4,2,43,1,9,4,45,Yes
43,Male,Masters,Chittagong,4,99330,12016.89,93.14,14,27,0,2,92,0,9,8,48,Yes
44,Female,Bachelors,Rajshahi,7,17980,1856.78,99.55,19,1,3,5,85,1,8,4,9,No
44,Female,Bachelors,Rajshahi,5,55756,9746.85,86.21,14,18,4,2,42,2,10,3,28,No
39,Male,High School,Barisal,13,88121,6425.09,98.17,13,7,1,2,62,2,7,5,29,No
39,Female,High School,Sylhet,14,33593,6469.62,80.17,24,14,0,4,41,1,8,1,19,No
50,Female,Masters,Chittagong,9,148168,7754.22,95.37,6,13,2,3,63,1,3,5,29,No
44,Male,Masters,Barisal,11,17093,3273.62,75.49,17,14,2,1,30,3,2,5,15,Yes
31,Female,Bachelors,Sylhet,11,131090,20534.42,99.86,21,23,3,3,52,1,2,9,35,Yes
42,Male,Masters,Rajshahi,4,46851,4507.65,84.99,11,10,3,2,38,2,7,1,46,Yes
27,Male,Masters,Sylhet,3,98071,13448.16,77.42,15,25,3,3,48,1,3,3,30,No
38,Female,High School,Dhaka,1,62578,12331.73,87.47,24,20,0,2,29,2,4,9,1,No
54,Male,Masters,Sylhet,14,92659,9235.18,93.25,5,8,4,3,76,0,10,10,41,Yes
58,Female,Masters,Barisal,4,114586,20437.12,92.94,17,22,1,5,75,0,3,6,38,No
24,Male,Masters,Dhaka,9,81164,16046.58,94.14,8,3,4,4,72,3,9,4,21,No
24,Male,Masters,Barisal,5,95640,16791.89,92.16,5,11,0,5,34,0,8,3,32,No
55,Male,Bachelors,Rajshahi,9,41036,2532.46,77.88,16,26,4,4,65,1,5,9,20,No
44,Male,Bachelors,Khulna,5,64229,9691.12,84.43,9,4,3,2,55,0,10,10,32,No
24,Male,Bachelors,Sylhet,4,140384,19047.52,89.37,9,15,4,2,81,3,7,7,1,No
44,Male,Bachelors,Barisal,3,21417,1268.85,89.84,18,9,0,2,28,2,5,4,3,Yes
26,Male,Bachelors,Rajshahi,14,140735,7758.6,75.97,19,15,2,2,86,3,2,6,20,Yes
27,Male,Bachelors,Rajshahi,14,17181,2570.77,79.88,16,5,3,4,98,2,10,2,28,No
44,Female,PhD,Khulna,6,113188,17962.99,81.18,21,14,3,2,28,2,1,7,27,Yes
48,Female,Masters,Chittagong,7,72687,5681.19,77.16,5,7,3,2,91,3,8,8,36,No
43,Male,Bachelors,Barisal,5,125622,12185.78,92.46,13,23,4,2,16,3,7,9,4,No
24,Female,Bachelors,Dhaka,9,18131,3481.11,78.15,5,22,4,4,56,3,7,2,35,No
58,Female,High School,Khulna,8,49006,2592.3,84.92,17,20,1,4,77,0,1,10,7,Yes
32,Male,PhD,Chittagong,7,86290,11392.91,89.74,20,26,4,3,55,0,10,6,4,No
54,Female,Bachelors,Chittagong,8,113754,14196.23,75.29,18,29,1,4,40,3,8,6,30,No
50,Male,High School,Barisal,11,120607,12757.25,75.53,21,23,3,3,66,2,1,2,4,Yes
53,Female,Bachelors,Dhaka,14,81746,7087.24,77.03,19,4,3,2,75,1,10,7,37,No
52,Other,Bachelors,Khulna,7,23503,2179.36,85.81,9,11,4,2,95,3,7,9,49,Yes
47,Other,Bachelors,Dhaka,11,117268,10408.42,79.32,7,10,1,2,84,3,8,4,34,No
42,Male,Bachelors,Chittagong,7,83421,12092.59,90.27,9,6,2,2,49,1,2,9,18,Yes
57,Female,Masters,Khulna,5,68057,10180.74,98.94,7,1,1,5,69,2,2,10,32,Yes
45,Male,Masters,Sylhet,14,68557,5595.38,96.41,24,20,0,4,90,3,9,6,27,No
41,Female,Bachelors,Khulna,10,80594,14442.93,82.82,6,3,2,3,48,1,8,2,16,No
54,Female,Bachelors,Khulna,9,58504,6116.69,91.26,13,22,0,5,56,2,6,4,41,Yes
33,Male,Bachelors,Dhaka,6,131965,23646.98,76.45,18,7,0,2,58,2,9,9,6,No
34,Female,Masters,Sylhet,8,44519,4942.84,92.76,5,11,0,2,74,3,2,5,9,Yes
35,Female,Bachelors,Rajshahi,3,96134,18072.45,93.0,21,15,2,4,91,3,9,9,27,No
30,Female,High School,Chittagong,10,21988,1116.95,96.47,7,22,3,1,57,1,8,1,33,Yes
27,Female,Bachelors,Rajshahi,7,109111,15787.55,85.1,19,15,0,3,53,0,3,4,43,Yes
31,Male,Bachelors,Rajshahi,9,62279,11628.28,76.46,21,16,3,3,63,0,5,7,30,No
36,Male,Bachelors,Sylhet,9,134127,16652.66,85.75,22,6,1,4,48,2,5,5,44,Yes
25,Female,Bachelors,Sylhet,4,142048,8380.5,88.57,7,19,3,3,20,2,6,2,2,No
54,Male,Bachelors,Barisal,14,36911,3236.81,97.01,14,4,3,1,94,0,4,3,32,No
51,Male,Bachelors,Chittagong,1,96560,7499.73,96.93,24,9,2,1,86,0,3,8,13,No
38,Male,Bachelors,Rajshahi,10,76916,11215.23,90.48,7,11,4,2,93,1,8,6,16,No
45,Male,Bachelors,Rajshahi,1,66416,12447.69,88.74,21,12,4,4,45,1,8,5,27,No
44,Female,Masters,Dhaka,1,92134,12432.03,78.07,10,20,2,1,83,1,2,9,26,Yes
49,Female,Bachelors,Rajshahi,1,144436,13013.08,96.44,7,25,1,5,26,0,7,6,9,No
45,Male,Bachelors,Barisal,5,24211,3689.4,76.83,22,14,0,4,11,2,3,10,16,No
58,Female,Masters,Rajshahi,7,75929,14729.88,75.32,19,4,2,1,20,3,5,7,22,No
47,Male,Bachelors,Dhaka,10,44532,2491.7,76.46,9,23,0,4,47,1,7,8,5,No
54,Male,Bachelors,Chittagong,2,62193,10555.98,94.44,21,26,2,5,95,2,4,5,13,No
55,Male,High School,Sylhet,10,51246,7172.71,82.69,8,14,4,2,50,1,1,10,12,Yes
23,Male,Bachelors,Chittagong,2,70998,11830.62,77.39,22,7,1,3,34,1,6,9,32,No
48,Female,Bachelors,Dhaka,13,73293,13138.26,76.42,9,14,2,2,87,0,10,4,28,No
28,Male,Bachelors,Chittagong,9,142902,12056.11,79.33,22,14,1,2,42,1,4,3,28,No
49,Female,Masters,Chittagong,2,83778,8761.28,93.41,18,23,2,5,67,3,10,5,13,No
23,Female,PhD,Chittagong,11,70421,8786.03,82.74,16,12,4,1,26,2,1,9,14,Yes
43,Male,Bachelors,Rajshahi,2,109091,17138.71,84.31,7,29,2,4,15,2,7,1,2,No
49,Female,High School,Sylhet,4,88771,9238.06,98.38,19,15,1,4,48,2,6,3,1,No
43,Female,Masters,Chittagong,10,112158,6421.95,80.46,21,6,0,1,11,0,1,5,1,Yes
41,Male,Bachelors,Chittagong,4,44229,4485.9,90.44,12,6,2,1,28,1,6,4,37,No
37,Female,Bachelors,Barisal,12,121941,20096.52,99.96,23,29,3,5,89,1,6,5,19,No
59,Female,High School,Dhaka,1,50746,3506.57,86.38,20,3,1,5,19,1,5,8,0,No
52,Female,Masters,Chittagong,12,109641,17382.67,77.17,9,5,2,3,92,2,2,6,35,Yes
36,Female,High School,Dhaka,5,86798,14084.54,80.44,19,24,3,5,51,0,2,7,4,Yes
38,Male,Masters,Barisal,7,144415,9516.08,78.26,11,4,2,4,10,0,6,5,44,Yes
36,Male,High School,Chittagong,6,88705,17301.41,81.05,5,8,1,5,99,1,3,3,7,No
46,Male,Masters,Khulna,3,145200,9232.98,85.17,14,6,1,3,60,3,10,1,33,No
29,Male,Bachelors,Dhaka,5,42946,3646.42,97.24,24,25,4,4,66,0,7,4,32,No
33,Male,High School,Khulna,1,134960,24654.53,90.82,19,7,4,3,99,3,9,5,28,No
47,Female,High School,Chittagong,5,18469,1162.12,91.9,15,2,1,5,72,3,3,4,17,No
40,Male,Masters,Dhaka,2,64723,4801.99,76.45,10,27,4,3,44,2,3,10,43,Yes
55,Male,Bachelors,Rajshahi,7,133094,7141.59,91.61,21,26,2,3,84,1,10,4,31,No
24,Male,Masters,Barisal,9,74860,5916.08,83.51,12,9,0,4,80,2,6,2,5,No
47,Male,Bachelors,Dhaka,13,101276,6754.01,95.87,22,12,3,1,91,3,3,2,17,No
49,Other,High School,Chittagong,4,149823,25167.27,78.15,12,14,3,2,87,3,5,7,32,No
51,Male,Bachelors,Khulna,1,147873,23011.28,85.3,6,29,4,4,55,1,7,2,12,No
44,Other,Bachelors,Rajshahi,2,92082,14266.8,79.62,6,17,1,1,10,3,8,9,48,Yes
57,Female,Bachelors,Dhaka,14,94553,13617.86,93.74,20,8,3,5,19,3,3,5,42,Yes
28,Male,Bachelors,Barisal,5,91598,13607.89,96.18,18,14,1,1,22,3,2,5,23,Yes
42,Male,Bachelors,Rajshahi,4,40915,4303.39,84.69,8,29,0,1,56,2,4,6,4,Yes
56,Male,Bachelors,Barisal,9,133148,9189.07,92.98,16,29,0,1,71,2,10,3,12,Yes
40,Male,Bachelors,Dhaka,3,24511,2722.19,95.05,12,18,4,1,31,2,5,9,48,Yes
22,Male,Masters,Khulna,13,53490,5664.08,81.82,22,26,1,4,55,3,3,1,9,No
30,Female,Masters,Rajshahi,10,61321,8213.11,96.49,23,10,4,2,69,2,3,3,45,Yes
31,Female,Masters,Rajshahi,10,38355,7349.98,82.81,10,14,1,1,78,2,5,5,3,No
25,Male,Bachelors,Chittagong,6,41292,2951.46,83.21,20,1,3,3,17,2,4,5,1,No
51,Female,High School,Chittagong,5,135602,8821.04,85.09,22,21,0,5,15,3,6,2,29,No
39,Male,High School,Chittagong,6,114500,10126.6,86.42,6,28,2,2,19,2,3,3,38,Yes
43,Female,Masters,Barisal,5,131144,19942.27,95.04,6,2,1,4,16,2,2,8,5,Yes
33,Female,PhD,Dhaka,8,121901,22157.78,93.34,11,19,3,5,99,0,3,3,12,No
46,Female,Masters,Khulna,3,42112,6118.57,77.09,5,23,2,3,27,2,7,9,28,No
42,Female,Masters,Khulna,10,46112,2678.87,90.59,16,17,0,3,77,3,3,10,34,No
32,Male,Masters,Dhaka,5,18042,3248.63,79.69,14,15,4,1,19,0,8,4,36,Yes
35,Male,Bachelors,Rajshahi,10,36767,5796.87,93.08,9,27,4,2,66,3,5,3,11,Yes
31,Female,Bachelors,Chittagong,4,108547,18990.97,82.87,5,19,1,3,10,1,4,2,23,No
57,Female,Masters,Khulna,4,99390,19669.33,98.41,17,12,1,3,16,2,2,10,17,Yes
30,Female,High School,Sylhet,1,98431,11185.47,81.18,5,15,4,3,76,1,1,10,7,Yes
30,Male,Masters,Khulna,4,16721,1764.26,99.72,16,29,3,4,28,2,6,10,30,Yes
38,Male,Bachelors,Chittagong,4,67070,8789.22,94.65,22,6,4,5,11,1,9,2,27,No
22,Female,Masters,Barisal,12,39547,3884.71,92.93,11,11,1,3,50,2,8,4,40,No
27,Other,High School,Sylhet,3,38457,5575.56,79.85,8,24,4,3,53,0,8,10,33,No
42,Female,Bachelors,Dhaka,2,27015,1672.73,83.52,5,25,3,5,46,1,6,2,18,No
54,Female,Bachelors,Barisal,14,122303,14426.65,93.37,8,10,3,4,42,1,4,4,37,No
42,Female,Bachelors,Rajshahi,4,19305,2415.89,95.88,12,29,2,4,45,1,10,3,19,Yes
54,Male,Masters,Sylhet,11,133598,24321.32,98.07,15,25,4,2,77,2,5,1,4,No
44,Male,Bachelors,Khulna,5,30087,5392.32,75.3,10,7,3,2,65,1,9,3,38,No
25,Female,Bachelors,Sylhet,4,43525,8420.83,90.47,22,15,1,2,23,2,10,3,5,No
57,Male,Masters,Rajshahi,1,103653,6869.65,80.04,19,10,2,3,65,2,4,5,31,No
32,Other,Bachelors,Barisal,10,37489,2984.05,86.93,13,1,3,4,97,0,5,7,25,No
25,Male,Masters,Khulna,14,91403,6411.02,89.28,9,27,4,3,59,3,5,7,12,No
27,Female,Bachelors,Sylhet,7,142255,20233.39,76.16,9,3,1,3,80,3,7,2,37,No
49,Male,PhD,Rajshahi,1,61326,9328.65,80.54,5,27,4,3,10,0,9,7,1,No
31,Female,Masters,Chittagong,7,56879,8044.67,95.53,6,9,2,5,92,1,5,5,0,No
32,Female,Masters,Barisal,11,59438,9549.1,75.86,19,11,4,2,36,3,10,2,5,No
59,Male,High School,Rajshahi,3,82712,15654.02,82.33,7,15,4,2,83,1,1,3,43,Yes
30,Female,Masters,Rajshahi,9,133293,13036.57,95.19,12,23,0,5,88,2,3,3,6,No
40,Male,Bachelors,Barisal,10,26772,3431.26,82.26,7,23,2,3,75,1,8,8,13,No
54,Female,Bachelors,Barisal,8,137633,20922.15,94.65,24,1,0,5,68,0,1,7,11,Yes
52,Male,Bachelors,Khulna,14,55096,8370.44,80.85,11,26,2,5,55,2,9,7,11,No
38,Female,Masters,Khulna,10,67081,11890.97,96.41,16,20,0,3,51,0,4,2,12,No
25,Male,Bachelors,Rajshahi,4,43241,7864.53,99.59,24,6,4,5,52,2,6,9,37,No
40,Male,Bachelors,Barisal,8,132538,11333.37,97.76,10,23,0,4,92,3,2,5,38,Yes
40,Male,Bachelors,Sylhet,1,82192,10482.72,89.91,14,11,4,5,30,0,2,9,32,Yes
41,Female,PhD,Dhaka,7,121137,10006.19,89.11,11,8,0,2,45,0,3,5,44,Yes
55,Male,High School,Sylhet,10,101866,12244.55,76.63,22,16,3,4,44,3,2,9,3,Yes
56,Female,Bachelors,Sylhet,5,50179,7953.41,95.3,5,29,0,2,78,2,9,4,6,Yes
46,Other,High School,Dhaka,5,117541,13389.24,77.12,10,15,0,4,77,0,8,5,19,No
41,Male,High School,Barisal,13,51896,9821.04,96.5,24,20,4,4,90,2,9,9,7,No
50,Male,Bachelors,Khulna,4,87717,11669.53,75.4,23,26,3,4,93,1,6,8,40,No
30,Male,High School,Chittagong,1,26346,2955.29,99.22,23,15,3,5,32,2,7,1,0,No
41,Female,High School,Chittagong,7,108526,19720.51,75.36,20,25,2,5,79,3,4,10,42,Yes
29,Female,Bachelors,Chittagong,10,71245,9457.81,99.94,16,16,2,3,97,2,2,2,6,Yes
54,Male,High School,Khulna,11,134873,18164.42,90.81,7,18,4,1,47,1,3,3,26,No
33,Male,Bachelors,Dhaka,9,113284,15042.18,89.85,18,19,2,5,66,3,6,8,19,No
40,Other,Masters,Dhaka,4,112818,8879.27,88.69,13,15,3,5,51,3,2,5,17,No
28,Female,Masters,Sylhet,8,104958,19683.38,83.35,16,26,2,3,70,3,9,8,4,No
23,Female,Bachelors,Khulna,7,92518,16644.71,86.74,23,16,1,1,90,0,10,9,4,No
37,Male,Masters,Dhaka,7,29655,2002.26,99.03,20,8,2,2,98,0,9,4,6,No
31,Other,Bachelors,Chittagong,9,128481,8911.67,92.91,12,6,1,3,33,0,10,9,22,No
52,Female,High School,Rajshahi,7,107218,12786.57,97.26,22,20,1,4,62,0,2,2,11,No
23,Female,High School,Sylhet,1,138626,26403.89,91.05,13,3,0,3,20,2,7,2,47,Yes
44,Female,Bachelors,Rajshahi,6,56989,2849.97,86.74,10,21,1,5,79,2,4,8,17,No
30,Female,Bachelors,Rajshahi,11,99337,19238.57,90.03,17,1,3,3,60,3,9,2,42,Yes
26,Male,Bachelors,Dhaka,6,53209,3547.33,82.88,16,27,3,1,40,1,10,4,2,Yes
38,Female,Bachelors,Barisal,8,84135,15911.36,87.04,7,13,3,4,56,3,6,3,31,No
27,Female,Bachelors,Barisal,4,143439,18605.54,78.92,6,29,3,3,27,1,7,7,39,No
46,Male,Masters,Khulna,5,95054,15216.92,81.9,10,8,0,3,89,3,1,1,15,No
51,Male,Bachelors,Khulna,6,29616,5303.96,94.14,17,18,0,4,39,0,7,10,32,No
56,Male,Masters,Chittagong,10,45121,7056.3,86.0,7,10,4,5,72,3,1,9,34,No
55,Male,Bachelors,Barisal,9,54367,5546.42,93.81,9,28,3,4,57,1,1,1,10,Yes
34,Male,Bachelors,Khulna,1,83416,11742.43,75.46,20,19,4,5,69,2,2,7,4,No
38,Male,Masters,Barisal,10,47455,7797.1,92.96,23,8,0,5,88,2,5,10,17,No
43,Female,Bachelors,Khulna,14,144078,18726.96,86.52,13,29,4,5,96,0,7,9,30,No
28,Male,Bachelors,Sylhet,5,44558,4328.93,98.18,6,24,4,1,49,2,7,8,21,No
57,Female,Bachelors,Barisal,3,31267,1996.17,79.26,11,17,4,5,55,1,3,5,46,Yes
53,Male,Masters,Dhaka,10,99142,7051.06,82.9,23,3,1,1,19,3,7,9,20,No
45,Male,Bachelors,Sylhet,9,45782,8914.3,83.45,6,13,0,1,56,2,8,6,4,No
42,Male,Masters,Barisal,6,66052,11240.79,94.07,11,12,3,1,16,2,10,7,3,No
34,Female,PhD,Sylhet,12,70841,9514.05,99.22,5,5,1,4,60,1,6,3,38,No
23,Female,Bachelors,Rajshahi,4,17019,1660.17,92.17,15,7,1,2,73,3,9,5,27,Yes
35,Male,Bachelors,Sylhet,4,121595,6112.94,94.03,12,15,3,1,75,0,1,5,8,Yes
51,Male,Bachelors,Chittagong,4,127885,23130.97,94.96,24,16,3,1,71,0,5,1,17,No
22,Female,Bachelors,Rajshahi,11,26034,4505.53,80.88,20,29,0,3,70,1,1,8,0,Yes
43,Male,Bachelors,Rajshahi,8,121308,22516.21,84.47,7,18,0,2,63,1,9,2,10,No
44,Female,Bachelors,Dhaka,12,15504,2002.27,93.63,22,1,2,1,65,0,2,1,24,Yes
40,Female,Masters,Barisal,8,58599,9445.04,87.73,23,4,3,2,30,1,8,3,4,No
32,Male,Bachelors,Rajshahi,3,50286,7323.06,75.18,6,4,3,4,32,1,7,8,12,No
52,Female,Masters,Dhaka,3,123737,19158.14,96.84,8,24,0,3,10,1,3,3,34,No
50,Female,High School,Khulna,8,102850,6307.76,77.21,12,9,0,2,13,1,4,8,48,Yes
40,Female,Bachelors,Dhaka,7,35093,3968.86,95.58,9,14,3,3,71,3,6,2,38,No
27,Female,Bachelors,Chittagong,13,124331,21131.8,94.24,11,6,0,5,63,3,6,2,25,No
43,Female,Bachelors,Chittagong,5,40631,3970.03,97.76,14,4,0,3,40,0,2,2,20,Yes
54,Male,Bachelors,Sylhet,1,138870,19305.78,82.47,16,27,1,5,50,2,1,2,7,Yes
25,Male,Bachelors,Rajshahi,11,135568,20338.77,85.45,22,12,2,4,78,3,2,1,32,No
57,Male,High School,Chittagong,9,130963,20255.06,95.52,6,22,1,5,35,3,7,1,43,Yes
49,Female,Bachelors,Sylhet,5,102849,12684.8,88.4,24,8,4,2,37,2,3,1,10,No
40,Other,High School,Dhaka,1,75649,9813.59,80.38,10,9,2,4,65,1,4,8,23,No
28,Female,High School,Khulna,2,127642,18925.22,87.2,20,1,4,1,76,3,1,1,39,Yes
25,Male,Masters,Khulna,11,132572,23205.71,99.44,20,11,3,2,39,1,2,6,28,Yes
51,Female,Bachelors,Chittagong,3,21387,1158.45,95.26,7,17,0,3,53,2,8,5,18,No
25,Male,Masters,Rajshahi,1,114105,9060.48,86.8,17,9,1,5,62,1,1,6,30,No
37,Male,Bachelors,Barisal,11,80111,15835.17,81.68,6,1,0,5,76,0,10,2,24,No
53,Female,Bachelors,Khulna,3,135415,7345.65,81.16,7,1,0,4,25,0,4,10,42,Yes
45,Male,High School,Sylhet,12,32900,6353.56,81.4,10,12,2,1,18,2,8,3,42,Yes
44,Male,Bachelors,Khulna,7,82979,11801.7,79.12,19,19,2,5,87,2,10,3,2,No
23,Male,High School,Khulna,12,74143,14813.05,86.7,17,7,1,2,81,0,7,5,42,Yes
24,Male,High School,Sylhet,1,118074,8479.49,89.44,9,26,1,3,54,3,5,6,42,Yes
47,Female,Masters,Chittagong,12,79359,4417.16,98.24,20,1,1,1,17,2,6,8,25,No
28,Female,PhD,Khulna,12,138878,26543.55,90.23,13,5,1,4,99,1,6,5,24,No
28,Male,Masters,Dhaka,4,123566,17355.97,85.13,7,4,3,3,44,1,10,4,13,No
26,Male,High School,Barisal,13,71994,6628.34,85.21,6,13,0,3,80,2,3,9,44,Yes
26,Female,Masters,Barisal,3,42489,4734.5,78.4,5,19,3,2,39,1,1,7,25,Yes
53,Male,Bachelors,Barisal,12,109700,15304.01,90.61,17,29,2,1,47,2,5,9,33,Yes
43,Female,Masters,Barisal,6,39609,4791.0,77.04,15,19,0,1,46,3,4,9,12,No
57,Male,Bachelors,Chittagong,12,101795,5170.63,82.59,21,26,3,1,11,1,4,4,6,Yes
33,Male,Bachelors,Dhaka,6,22020,1354.67,95.75,20,6,1,5,11,1,5,9,43,Yes
44,Male,Bachelors,Sylhet,12,114794,8192.65,98.46,20,8,3,3,97,2,9,10,32,No
23,Female,High School,Khulna,8,110747,6701.53,88.31,21,8,0,3,88,2,10,1,36,No
23,Male,Masters,Sylhet,11,122726,13884.37,95.0,7,3,3,4,81,0,5,6,6,No
48,Male,Masters,Chittagong,8,119628,5999.3,83.62,14,17,2,1,40,0,1,5,31,Yes
33,Male,PhD,Khulna,1,138496,19615.92,94.19,24,8,3,2,65,1,9,2,13,No
41,Female,Masters,Barisal,7,100999,11042.19,98.97,17,15,0,4,66,0,5,4,15,No
39,Other,Masters,Khulna,4,140174,18848.41,92.09,13,20,3,2,60,2,1,5,13,Yes
23,Female,Masters,Sylhet,14,71852,10088.27,99.73,18,10,3,4,50,3,10,5,36,No
37,Male,Bachelors,Dhaka,14,27478,2087.06,76.97,14,17,1,4,95,3,4,1,49,Yes
32,Female,High School,Chittagong,10,117020,22566.75,86.77,6,23,3,1,86,2,7,5,3,No
54,Other,Bachelors,Khulna,13,144429,19811.31,91.86,16,12,1,3,91,3,5,7,38,No
23,Male,Bachelors,Rajshahi,10,58519,10951.09,85.15,24,7,2,5,68,1,6,10,41,Yes
33,Male,Masters,Dhaka,5,46340,6350.57,81.32,9,8,2,3,56,0,5,10,4,No
50,Female,Bachelors,Rajshahi,10,60663,4805.92,87.07,14,1,1,3,70,3,10,7,27,No
58,Male,Masters,Barisal,13,26400,4915.83,75.85,18,15,3,5,27,2,7,4,20,No
36,Other,Masters,Rajshahi,3,58232,7758.02,82.09,15,23,1,5,19,3,6,6,49,Yes
59,Male,Bachelors,Rajshahi,11,134425,26294.76,81.49,8,10,4,4,33,1,7,4,4,No
51,Other,Bachelors,Rajshahi,4,43885,3384.83,99.52,9,17,4,2,34,1,2,5,18,Yes
38,Male,Masters,Barisal,1,134056,16638.5,75.72,16,11,1,2,67,2,6,3,38,No
28,Female,Bachelors,Chittagong,9,60442,4876.61,80.39,10,2,0,3,48,0,9,8,30,No
56,Female,Bachelors,Khulna,7,81446,9267.54,92.7,6,26,0,5,44,2,5,7,29,No
27,Male,Masters,Khulna,7,149094,25556.98,78.63,12,28,4,4,99,3,7,2,20,No
23,Other,Bachelors,Khulna,8,141288,13014.99,84.47,18,23,2,4,76,1,7,10,15,No
59,Male,High School,Dhaka,5,33711,4015.44,81.95,13,13,0,1,21,3,2,2,13,Yes
37,Male,Bachelors,Khulna,2,118882,13007.31,90.94,23,29,2,5,66,2,10,8,45,Yes
41,Male,Masters,Khulna,12,79177,5278.42,95.37,17,1,0,2,42,0,4,5,21,No
24,Male,Bachelors,Rajshahi,8,109567,12589.0,91.95,8,23,1,1,58,0,9,3,13,No
46,Female,Bachelors,Sylhet,3,87684,13066.63,77.74,10,8,4,3,41,3,3,6,38,No
43,Male,Bachelors,Chittagong,13,109975,8226.68,85.2,8,26,3,3,98,0,1,10,8,Yes
26,Male,High School,Khulna,2,126363,18370.26,75.76,14,9,2,5,71,2,3,5,48,Yes
25,Male,Bachelors,Chittagong,3,104180,7906.16,96.06,9,10,3,1,15,2,5,3,34,No
58,Female,Bachelors,Chittagong,14,41311,6733.08,84.96,10,11,1,3,45,1,1,8,30,Yes
42,Other,Bachelors,Khulna,4,31987,5613.27,91.72,12,13,0,5,86,3,5,4,45,Yes
39,Male,Masters,Khulna,14,90200,8938.83,85.24,13,9,0,4,66,0,2,1,45,Yes
38,Male,High School,Khulna,6,139968,25496.53,90.9,12,16,1,3,67,0,5,8,20,No
42,Male,Masters,Khulna,5,70177,8057.95,75.09,7,11,4,5,96,0,2,3,7,No
36,Male,High School,Barisal,4,24171,4728.94,82.05,12,1,4,1,61,1,5,9,34,No
36,Male,Bachelors,Chittagong,10,49478,3823.95,84.98,5,17,2,2,46,3,4,5,35,No
50,Male,Masters,Dhaka,7,23569,4493.81,96.49,16,22,1,2,82,2,1,5,34,Yes
26,Male,Masters,Chittagong,6,76829,12001.97,82.13,7,7,1,4,99,1,3,4,43,Yes
28,Female,Masters,Rajshahi,8,19926,2959.8,81.74,5,16,4,1,87,0,1,4,38,Yes
37,Male,Bachelors,Dhaka,11,108392,6006.88,93.0,9,8,0,2,45,2,5,2,9,No
32,Female,Bachelors,Barisal,13,107369,9961.07,77.77,7,24,0,2,32,0,5,10,35,No
45,Male,High School,Dhaka,12,93014,10994.71,87.59,12,6,3,1,23,0,7,1,15,No
59,Male,Bachelors,Chittagong,11,40447,4435.46,94.95,12,23,4,3,22,1,2,4,2,No
48,Male,High School,Chittagong,2,58266,8351.63,75.89,14,11,1,2,28,1,5,9,45,Yes
55,Male,Masters,Chittagong,3,34040,6716.0,76.28,15,7,4,3,30,2,7,8,5,No
32,Other,Bachelors,Sylhet,7,59243,10758.68,75.25,10,28,3,5,27,2,1,6,48,Yes
35,Male,High School,Khulna,12,67171,4974.21,96.8,13,14,3,2,72,3,3,7,16,No
50,Male,Bachelors,Barisal,10,109353,13138.69,89.35,23,5,3,5,98,1,6,3,23,No
36,Male,Bachelors,Barisal,10,49040,7300.83,76.49,9,25,3,1,76,2,10,8,41,Yes
46,Female,Masters,Chittagong,9,104095,7845.57,91.36,9,8,3,1,80,1,10,2,10,No
35,Male,Bachelors,Rajshahi,4,124566,18982.97,89.08,18,27,3,4,46,0,4,5,18,No
32,Male,Masters,Dhaka,7,26347,1468.4,76.63,17,27,4,5,89,2,8,8,48,Yes
56,Female,Masters,Chittagong,11,29102,2392.44,81.18,12,16,0,1,58,1,2,4,39,Yes
59,Female,Bachelors,Sylhet,6,94458,10016.69,98.6,20,13,0,2,54,0,3,2,38,No
50,Female,High School,Sylhet,8,133914,22094.02,81.26,13,5,1,4,23,3,2,1,48,Yes
27,Male,Masters,Barisal,3,19402,1933.15,89.69,13,25,1,1,40,0,6,7,31,Yes
40,Male,Bachelors,Sylhet,7,91340,7400.02,85.58,17,20,4,3,79,0,9,3,4,No
44,Female,Bachelors,Dhaka,6,111464,18201.74,92.31,14,10,2,2,77,3,1,8,39,Yes
56,Female,High School,Barisal,12,92607,10064.2,98.78,22,25,4,5,29,3,6,4,35,No
58,Female,Bachelors,Sylhet,11,60185,9569.74,76.04,7,12,2,1,27,3,1,7,6,Yes
24,Male,Bachelors,Rajshahi,13,17470,2280.88,88.4,24,2,3,2,47,3,6,10,9,Yes
41,Male,High School,Khulna,9,95434,15013.6,82.18,19,7,4,1,17,1,7,1,10,No
49,Female,High School,Rajshahi,3,130375,11446.85,79.42,21,3,4,5,94,3,3,7,1,No
42,Other,High School,Rajshahi,12,61316,6222.65,89.01,23,22,2,1,98,1,1,9,38,Yes
27,Male,Masters,Barisal,12,23378,4656.58,82.0,20,4,3,1,91,2,9,1,18,No
38,Male,High School,Dhaka,2,93909,14216.71,85.81,19,1,2,4,43,2,8,3,32,No
54,Female,Bachelors,Khulna,5,100646,6619.93,95.3,17,23,0,2,89,0,7,8,8,No
34,Male,Masters,Dhaka,6,57284,8699.74,88.72,20,10,3,4,70,2,1,9,19,No
30,Male,Bachelors,Dhaka,4,136351,15246.65,80.49,21,10,1,4,39,3,10,6,12,No
59,Male,Masters,Dhaka,2,49839,3149.17,81.51,5,19,4,2,47,1,10,5,11,No
38,Male,Bachelors,Chittagong,1,105490,7428.08,94.52,11,3,4,3,33,0,5,4,2,No
45,Male,Bachelors,Chittagong,4,32092,5771.23,81.81,6,22,3,4,64,1,3,2,35,No
48,Female,High School,Khulna,2,46392,7557.58,87.78,13,15,4,1,49,2,10,2,32,No
50,Male,Masters,Dhaka,4,136356,13441.38,80.46,23,19,2,3,17,3,5,9,24,No
24,Female,Masters,Dhaka,3,57952,3964.29,81.0,7,29,4,5,13,0,3,2,22,No
51,Male,Bachelors,Barisal,12,65573,11039.7,92.28,16,20,2,3,88,3,6,6,40,No
35,Female,Bachelors,Khulna,11,63533,4656.89,90.36,22,16,4,3,36,3,4,1,7,No
56,Male,Bachelors,Dhaka,13,48557,3871.46,92.2,18,18,3,1,50,1,4,2,1,No
27,Female,High School,Sylhet,14,33431,2565.58,87.12,13,5,3,4,55,2,5,7,22,No
28,Female,Masters,Sylhet,8,143792,14470.11,91.29,6,28,4,4,12,3,9,10,36,No
59,Male,Masters,Chittagong,14,57832,4077.63,82.56,24,21,3,5,56,0,2,3,3,No
37,Female,Masters,Dhaka,6,78160,7667.7,88.79,23,29,4,5,20,3,8,7,47,Yes
59,Male,Bachelors,Barisal,8,104028,16062.2,94.92,20,4,3,2,49,3,5,7,47,Yes
41,Female,Bachelors,Khulna,1,143793,10655.04,79.73,9,10,2,5,11,2,5,1,32,No
38,Female,High School,Barisal,8,15409,1858.14,88.52,22,27,4,5,18,3,9,3,44,Yes
40,Female,Bachelors,Dhaka,8,138682,7087.66,75.46,19,8,1,1,14,0,1,2,36,Yes
55,Female,Masters,Barisal,4,89276,5019.05,79.22,6,26,2,5,19,0,8,2,2,No
31,Male,Bachelors,Chittagong,2,117059,21421.67,78.28,7,9,4,4,39,3,5,4,13,No
55,Male,Bachelors,Rajshahi,8,129696,14076.22,88.72,16,10,0,1,55,3,2,2,27,Yes
58,Male,High School,Khulna,4,15568,2130.2,83.88,15,2,3,5,16,2,2,9,21,Yes
50,Female,Bachelors,Khulna,8,48389,2956.91,88.66,17,27,2,3,57,1,1,9,23,Yes
50,Male,Bachelors,Rajshahi,6,19880,3810.25,84.05,18,6,0,3,56,1,4,7,41,Yes
50,Male,Bachelors,Chittagong,12,27871,4615.15,78.67,20,10,1,1,19,0,3,10,39,No
45,Male,Bachelors,Rajshahi,1,96073,16732.78,94.62,20,2,2,5,73,1,2,10,7,No
29,Male,Bachelors,Chittagong,12,102924,15037.99,89.23,6,2,1,5,50,1,10,10,21,No
24,Male,PhD,Rajshahi,11,27754,1911.95,86.71,5,29,2,5,44,2,10,2,38,No
31,Female,Masters,Sylhet,5,95136,17386.62,88.01,11,25,3,5,82,0,9,7,40,No
32,Female,High School,Rajshahi,6,70335,6187.22,83.29,23,28,3,3,70,2,6,3,27,No
51,Male,Bachelors,Barisal,2,95753,16554.04,86.23,7,11,1,5,15,1,4,10,32,No
31,Male,Bachelors,Rajshahi,5,97838,11940.08,98.5,9,27,2,5,50,0,1,2,0,Yes
28,Female,High School,Khulna,12,76025,10253.39,93.58,18,22,4,3,71,3,8,1,46,Yes
30,Female,Bachelors,Dhaka,2,54443,2767.42,98.35,13,27,0,3,76,2,8,6,7,No
45,Male,Bachelors,Dhaka,10,56944,4341.0,99.59,5,26,1,5,33,2,2,10,39,Yes
25,Female,High School,Chittagong,10,113840,18132.65,79.93,13,8,3,3,20,2,4,2,3,No
33,Female,Bachelors,Khulna,5,24332,3232.27,77.66,9,18,1,4,80,2,2,4,20,No
47,Female,Masters,Dhaka,12,95541,17266.24,99.49,16,2,2,1,50,0,4,8,25,No
43,Female,Masters,Chittagong,8,140800,21596.05,92.1,21,10,2,4,72,1,1,9,17,No
28,Female,Bachelors,Dhaka,9,66855,12264.59,82.76,8,23,3,4,90,0,6,1,28,No
54,Male,Masters,Rajshahi,14,100709,13682.82,93.04,13,13,0,1,36,3,6,8,22,No
36,Other,Masters,Chittagong,13,50236,3188.07,78.74,17,15,0,2,35,3,6,2,42,Yes
54,Female,Bachelors,Rajshahi,11,30244,2412.16,85.01,10,13,3,1,45,1,6,10,27,No
30,Female,Masters,Dhaka,3,103519,15463.11,82.07,23,23,2,2,57,3,6,8,5,No
49,Male,Bachelors,Chittagong,14,71598,5532.36,99.88,14,21,2,5,23,2,8,6,42,Yes
26,Male,Bachelors,Rajshahi,1,139670,7989.36,83.92,20,25,4,5,28,0,6,5,25,No
25,Male,Bachelors,Barisal,10,27732,2409.42,75.15,14,8,1,3,72,2,5,9,46,Yes
59,Female,Bachelors,Khulna,6,83314,4875.03,88.33,5,13,1,4,96,0,2,6,5,No
41,Male,Bachelors,Chittagong,1,45821,2803.26,84.05,17,18,0,5,63,3,6,4,26,No
37,Female,Bachelors,Rajshahi,8,60282,7772.8,78.75,10,17,3,3,31,1,4,7,12,No
23,Male,PhD,Khulna,2,56686,4382.46,78.74,10,3,1,2,52,3,7,9,29,No
23,Male,Bachelors,Chittagong,9,32027,5088.25,89.44,5,15,1,1,53,2,9,3,48,Yes
55,Male,Bachelors,Khulna,7,99963,17421.78,81.85,23,2,3,5,35,0,2,5,1,No
32,Female,Bachelors,Sylhet,10,25546,2636.67,78.76,12,13,1,2,27,3,6,10,18,No
54,Female,Bachelors,Sylhet,10,78982,12836.48,99.53,13,18,0,1,34,2,8,10,35,No
54,Male,Bachelors,Chittagong,11,33679,5376.11,94.55,8,9,0,1,10,1,4,8,47,Yes
37,Female,Bachelors,Sylhet,1,120518,6358.45,92.86,13,7,2,4,92,1,8,1,34,No
35,Female,PhD,Sylhet,4,70881,4659.01,93.85,10,3,0,5,91,0,2,2,19,No
31,Female,Bachelors,Khulna,14,71457,12685.48,75.81,19,13,1,5,84,0,9,8,39,No
27,Male,Bachelors,Khulna,13,135896,12142.24,90.18,20,1,1,4,68,3,6,1,34,No
24,Female,Bachelors,Khulna,13,116615,15292.66,87.03,22,21,4,5,43,2,3,7,46,Yes
43,Male,Bachelors,Dhaka,5,21333,1551.95,88.9,7,14,1,5,25,3,1,10,48,Yes
35,Male,Masters,Chittagong,3,28537,1450.68,76.81,19,10,2,5,17,3,4,5,20,No
54,Male,Masters,Rajshahi,10,96078,9165.54,78.45,22,27,0,5,94,0,4,8,43,Yes
41,Female,Bachelors,Barisal,11,17810,2846.92,91.14,14,7,3,4,68,2,4,7,45,Yes
46,Male,Bachelors,Dhaka,14,15256,975.95,98.12,15,10,3,4,18,3,5,7,23,No
59,Female,High School,Rajshahi,14,94364,6312.02,92.33,10,22,3,2,51,2,10,8,41,Yes
54,Female,Bachelors,Khulna,1,35925,6819.62,80.87,12,18,0,5,42,3,3,3,7,No
56,Male,Bachelors,Barisal,4,136375,22366.17,82.54,8,15,2,2,62,0,7,3,36,No
46,Female,Masters,Rajshahi,1,75885,4351.52,81.22,24,20,3,2,35,3,10,10,0,No
23,Male,High School,Khulna,5,47580,5383.42,78.85,15,4,4,4,50,0,6,1,7,No
40,Male,Bachelors,Sylhet,6,105159,11654.0,95.9,14,29,4,1,53,1,4,3,13,Yes
28,Other,Bachelors,Chittagong,9,87016,6346.8,95.46,20,26,0,1,73,0,5,1,5,Yes
25,Male,Bachelors,Barisal,9,125572,22280.54,91.07,21,8,0,4,63,0,7,9,43,Yes
36,Male,Bachelors,Barisal,13,99900,5682.17,77.74,19,7,3,1,34,2,2,7,25,Yes
48,Other,High School,Sylhet,10,29786,3911.44,92.15,17,29,4,1,29,1,1,10,39,Yes
54,Male,Bachelors,Chittagong,9,22795,2823.15,79.44,8,3,3,2,15,3,3,2,23,No
26,Other,Bachelors,Dhaka,12,52967,5392.42,79.62,6,26,3,4,83,2,1,1,46,Yes
55,Male,PhD,Khulna,6,39340,7227.97,79.25,7,16,0,1,89,1,7,6,31,No
49,Male,Masters,Dhaka,7,57681,8172.13,87.29,10,16,4,3,58,0,1,4,44,Yes
56,Male,Masters,Barisal,12,121097,10633.65,94.25,23,7,4,1,41,1,6,3,20,No
59,Female,Masters,Chittagong,10,51757,9069.3,87.85,12,25,4,5,15,0,6,6,24,No
41,Male,High School,Khulna,5,146511,23461.31,96.86,20,2,2,5,45,1,5,7,8,No
38,Female,PhD,Rajshahi,6,20461,1215.84,76.42,10,11,0,1,15,1,1,1,5,Yes
33,Male,PhD,Dhaka,12,49802,3717.9,93.74,17,26,1,5,61,0,8,10,46,Yes
59,Male,Bachelors,Barisal,9,137731,15797.82,95.03,14,29,1,1,97,1,3,5,44,Yes
38,Male,Bachelors,Chittagong,12,130351,25393.33,90.68,10,1,2,5,10,3,2,5,40,No
40,Male,Bachelors,Rajshahi,1,93900,10248.98,87.49,11,24,2,3,10,0,7,1,4,No
25,Male,High School,Rajshahi,12,74026,14239.57,76.01,8,13,4,1,65,2,5,9,44,Yes
36,Female,Bachelors,Chittagong,14,105756,10255.92,76.2,24,25,3,2,27,0,2,1,10,Yes
56,Male,Bachelors,Barisal,10,23705,1481.93,92.84,20,21,4,5,34,2,10,8,2,No
52,Male,Masters,Chittagong,1,37843,4217.18,99.01,9,29,4,3,25,3,4,1,15,No
39,Male,High School,Chittagong,3,28376,4927.88,97.31,11,10,3,4,52,0,1,2,30,No
53,Female,High School,Dhaka,4,54324,8005.88,79.05,6,1,1,1,35,2,10,4,20,No
57,Male,Bachelors,Rajshahi,7,114629,16852.88,97.45,19,6,2,5,19,0,9,4,38,No
54,Male,Bachelors,Barisal,6,50959,6772.9,85.55,6,5,4,3,93,2,4,1,30,No
57,Male,Bachelors,Chittagong,3,38476,7679.36,97.84,11,1,4,4,66,2,3,6,27,No
58,Female,Masters,Rajshahi,11,116105,17332.18,99.52,17,22,2,3,26,2,2,9,36,No
52,Female,High School,Sylhet,2,59021,11503.67,86.18,22,14,3,5,96,0,10,10,35,No
45,Male,Bachelors,Chittagong,1,106139,8223.05,84.09,6,4,0,4,46,3,4,3,41,Yes
34,Female,Bachelors,Dhaka,7,116253,7172.96,75.71,23,29,3,4,17,1,9,4,46,Yes
48,Other,Masters,Khulna,13,115329,13269.68,94.75,5,2,3,2,58,0,10,10,0,No
57,Male,Bachelors,Khulna,1,138669,27335.3,83.75,23,10,1,1,35,3,7,9,27,No
29,Male,Bachelors,Sylhet,8,85343,11955.38,81.2,20,26,1,5,81,1,5,8,11,No
52,Female,Bachelors,Sylhet,10,61418,9300.97,91.74,24,4,1,1,70,2,1,5,17,Yes
56,Male,High School,Barisal,13,77067,10498.13,82.72,15,13,1,2,25,1,9,1,9,No
30,Male,PhD,Barisal,10,124815,20882.97,81.83,8,20,0,2,24,2,2,8,20,Yes
58,Female,Bachelors,Khulna,3,116687,21673.75,89.86,13,16,3,5,12,2,9,4,44,Yes
59,Male,Bachelors,Sylhet,10,67838,8012.77,96.67,24,29,4,5,51,0,4,5,10,No
24,Male,Bachelors,Barisal,11,112984,18203.42,85.99,12,10,2,4,93,0,1,3,28,No
45,Male,Masters,Barisal,12,66849,3525.64,78.04,14,3,3,3,23,3,1,9,34,No
54,Male,Masters,Dhaka,10,17085,1857.9,83.9,16,18,1,5,52,0,10,7,4,No
57,Male,High School,Khulna,3,49569,2629.63,94.01,24,26,1,1,94,2,3,9,18,Yes
28,Female,Bachelors,Rajshahi,14,79093,7611.79,82.93,7,14,2,5,99,3,10,5,14,No
29,Female,Masters,Rajshahi,4,29977,3063.44,77.54,13,29,0,4,50,1,9,5,8,No
37,Female,Bachelors,Rajshahi,6,118224,19496.73,79.18,11,19,4,3,60,2,2,1,34,No
49,Female,Masters,Sylhet,12,69818,6408.87,88.24,11,15,3,1,93,3,8,8,4,No
41,Other,High School,Chittagong,5,43993,7787.33,93.96,11,13,0,2,51,2,2,3,22,Yes
44,Male,Masters,Barisal,2,94607,14073.78,77.56,16,27,4,3,87,0,10,6,45,Yes
28,Female,Bachelors,Khulna,14,144087,8991.48,91.86,22,25,2,2,10,2,3,6,31,No
59,Male,High School,Dhaka,5,97867,8332.12,82.52,7,7,2,2,35,0,4,3,42,Yes
33,Male,Bachelors,Dhaka,8,81692,10870.48,93.82,16,28,4,4,35,0,7,3,18,No
58,Other,Bachelors,Sylhet,6,91064,13758.5,81.83,6,8,2,3,72,1,5,9,40,No
32,Female,Bachelors,Barisal,1,94154,12511.41,92.75,5,11,3,4,14,1,5,7,11,No
26,Female,Masters,Dhaka,12,125586,13779.29,75.45,19,24,3,5,17,3,1,4,19,No
44,Female,Bachelors,Rajshahi,5,93904,17999.63,85.33,17,12,3,4,88,2,9,5,42,Yes
37,Female,Bachelors,Chittagong,14,89862,8633.33,93.25,5,27,0,2,16,0,6,10,35,Yes
33,Female,Bachelors,Rajshahi,10,111496,10803.47,86.9,15,28,3,4,15,3,8,2,16,No
27,Female,Bachelors,Khulna,6,113681,18681.57,98.64,18,28,3,3,45,2,2,7,25,Yes
59,Female,Bachelors,Khulna,4,128953,12184.23,80.84,16,19,0,1,98,1,6,5,47,Yes
40,Male,Bachelors,Khulna,5,27016,4176.06,95.6,6,29,1,1,14,0,8,5,44,Yes
35,Male,Masters,Barisal,12,147235,11514.45,79.54,24,13,2,3,15,3,10,6,39,No
38,Female,Bachelors,Chittagong,8,31852,6325.72,79.74,17,9,1,3,35,2,10,5,2,No
24,Male,Masters,Sylhet,4,139838,17087.33,94.22,9,24,2,4,22,3,5,9,4,No
30,Female,Bachelors,Rajshahi,5,51013,7870.75,86.16,22,8,2,4,38,0,5,3,8,No
27,Male,Masters,Sylhet,10,144544,10801.87,90.85,9,13,4,4,13,3,5,4,35,No
33,Male,Bachelors,Dhaka,8,59920,9546.16,79.35,20,24,4,2,47,0,6,2,38,No
41,Female,Masters,Dhaka,4,119195,23061.35,87.32,8,29,2,5,12,1,7,3,21,No
34,Male,PhD,Chittagong,8,128813,7335.95,82.9,11,23,0,4,93,0,1,6,44,Yes
41,Male,High School,Chittagong,10,65092,8318.73,75.72,16,12,1,1,30,0,2,3,21,Yes
24,Female,Masters,Khulna,8,146164,18878.78,81.68,12,17,3,4,15,2,1,10,9,No
52,Male,High School,Sylhet,3,103048,6554.44,87.92,6,7,4,4,61,1,9,5,33,No
52,Male,Bachelors,Rajshahi,14,78552,13250.25,79.66,7,3,3,3,27,1,4,9,27,No
37,Male,High School,Barisal,6,100724,12443.62,85.96,20,7,4,2,61,1,9,3,33,No
35,Female,Masters,Dhaka,1,32303,2174.03,80.43,5,27,3,3,80,2,7,6,28,No
24,Male,Bachelors,Khulna,6,23189,2055.61,98.86,18,9,4,5,30,1,6,6,28,No
51,Male,Bachelors,Dhaka,10,124260,23761.09,75.39,14,20,0,3,84,2,5,1,4,No
33,Male,Bachelors,Dhaka,11,34393,4767.82,89.71,12,5,1,4,74,0,2,7,6,No
50,Male,Bachelors,Rajshahi,2,56688,4964.57,93.86,16,17,3,3,42,0,3,8,25,No
22,Male,Bachelors,Chittagong,7,126938,14335.68,87.96,11,20,4,3,33,3,5,2,19,No
47,Male,Masters,Khulna,7,72330,7894.19,93.49,10,7,0,5,81,2,8,10,5,No
41,Other,Masters,Khulna,12,101220,11435.11,90.77,14,20,0,3,98,1,2,7,7,No
46,Male,PhD,Barisal,14,123290,12559.4,88.1,13,3,3,1,68,2,3,8,25,No
52,Female,Bachelors,Khulna,12,85139,8604.03,78.2,19,10,4,2,82,0,3,10,8,No
55,Female,Bachelors,Khulna,9,98760,5865.1,84.0,15,5,1,4,98,0,1,1,18,No
31,Male,PhD,Khulna,11,104783,11794.39,91.62,23,15,2,5,30,3,6,4,14,No
47,Female,Bachelors,Sylhet,3,123026,17899.92,93.03,21,25,3,5,82,1,8,9,35,No
29,Female,Masters,Rajshahi,4,51482,6560.16,99.0,16,11,1,2,29,2,10,8,36,No
24,Male,Masters,Dhaka,4,67921,13027.5,83.94,8,14,1,4,93,0,8,7,22,No
32,Female,Bachelors,Rajshahi,11,69186,7907.29,86.01,16,27,0,1,75,0,1,7,17,Yes
51,Female,Bachelors,Chittagong,8,137615,10380.84,81.0,11,29,1,5,35,1,2,8,29,Yes
52,Male,Masters,Chittagong,12,84695,12885.81,78.47,9,25,4,1,54,3,6,8,37,No
37,Male,Bachelors,Barisal,8,114930,14669.38,80.42,8,5,4,4,61,1,9,10,21,No
34,Female,Bachelors,Barisal,4,17335,978.0,76.26,5,27,3,1,41,1,7,3,35,Yes
23,Male,Masters,Dhaka,7,40641,3012.22,98.36,8,2,0,2,82,3,10,4,3,No
56,Female,High School,Dhaka,11,59811,3110.26,85.57,11,3,1,5,98,3,4,4,31,No
46,Female,High School,Sylhet,3,126887,16718.36,92.83,12,1,1,4,15,0,4,5,29,No
30,Male,Bachelors,Khulna,2,19311,3806.28,81.71,14,19,1,1,73,2,8,5,20,Yes
23,Male,Bachelors,Barisal,1,113135,9193.21,95.65,5,7,3,3,30,1,8,9,33,No
37,Male,High School,Chittagong,1,47091,2684.54,80.02,19,11,4,3,88,2,5,9,47,Yes
24,Male,High School,Sylhet,11,45504,6147.72,99.77,15,20,2,1,43,2,1,3,46,Yes
32,Female,Bachelors,Dhaka,5,69947,4379.4,84.21,17,1,2,5,19,0,3,2,26,No
39,Male,Bachelors,Khulna,7,58191,9890.42,92.03,19,24,1,1,16,3,5,9,45,Yes
47,Female,Bachelors,Chittagong,10,134460,14441.46,77.19,8,20,1,4,42,2,9,9,23,No
49,Male,High School,Khulna,8,71508,4943.35,77.27,8,17,2,4,44,1,7,5,20,No
48,Male,Bachelors,Chittagong,3,108099,11341.46,88.89,24,9,3,1,97,1,10,8,25,No
45,Male,High School,Rajshahi,3,92902,13118.0,95.46,9,6,1,4,77,2,7,9,10,No
27,Female,Bachelors,Chittagong,5,27286,1785.75,87.22,18,24,4,4,61,3,6,9,13,No
48,Male,Masters,Khulna,10,135055,17550.98,83.03,23,25,4,2,90,1,1,6,47,Yes
59,Male,Bachelors,Barisal,13,113374,21486.54,96.45,7,4,3,5,46,2,2,5,2,No
24,Female,Masters,Rajshahi,6,96940,17678.94,93.14,11,14,4,2,61,1,2,3,44,Yes
34,Female,Bachelors,Rajshahi,4,112786,9063.43,97.65,15,16,2,3,14,2,1,5,35,No
57,Other,Bachelors,Barisal,12,128239,12111.46,88.35,17,18,3,4,92,1,6,10,48,Yes
32,Male,Bachelors,Khulna,2,80177,5469.36,93.02,20,16,1,4,47,1,6,2,1,No
58,Female,Masters,Chittagong,3,115203,11741.19,86.09,24,18,0,1,97,0,1,7,18,Yes
45,Female,High School,Dhaka,6,79099,15023.58,87.02,14,25,4,5,89,1,2,9,11,No
35,Male,Bachelors,Rajshahi,6,97844,17375.08,85.15,9,28,1,3,16,1,1,1,3,Yes
31,Female,Bachelors,Khulna,1,29302,1868.9,97.02,20,18,0,3,22,2,3,6,19,No
32,Male,Bachelors,Rajshahi,14,140109,16634.66,85.94,14,20,2,1,87,0,1,6,19,Yes
33,Female,Bachelors,Rajshahi,12,66292,3863.88,80.95,11,19,4,5,62,0,10,2,22,No
30,Male,Bachelors,Rajshahi,12,68620,13488.11,93.56,14,6,4,3,81,1,4,7,5,No
25,Female,Bachelors,Rajshahi,7,106853,13402.37,93.06,19,27,0,1,42,0,2,7,47,Yes
49,Male,Bachelors,Rajshahi,7,45101,6893.53,88.14,15,18,3,3,74,0,1,4,26,No
36,Female,Bachelors,Barisal,14,61848,8585.63,79.9,23,4,4,5,50,1,3,10,2,No
26,Male,High School,Dhaka,11,92431,15771.69,79.56,20,17,4,5,22,0,5,2,47,Yes
47,Male,Bachelors,Chittagong,8,30822,3826.29,84.88,19,8,4,1,10,3,10,10,35,No
25,Male,Bachelors,Chittagong,7,88611,11932.76,80.07,7,23,2,3,31,3,2,2,19,No
56,Female,PhD,Barisal,12,86706,8400.93,75.82,17,26,2,3,16,0,4,10,26,No
22,Male,Masters,Barisal,10,139925,26504.14,77.07,20,2,1,1,91,2,7,9,44,Yes
23,Male,Masters,Chittagong,1,33635,4178.26,85.26,6,28,0,1,45,2,8,4,3,Yes
38,Male,PhD,Barisal,12,45324,6053.83,86.56,11,12,3,5,82,2,7,3,43,Yes
51,Female,High School,Sylhet,4,47870,4028.27,97.57,18,3,4,2,26,0,9,5,41,Yes
25,Male,Masters,Rajshahi,2,44886,7190.66,94.13,22,12,3,3,88,1,9,10,47,Yes
44,Female,High School,Rajshahi,11,55163,8349.19,89.99,10,1,0,2,40,0,1,6,27,Yes
56,Female,Masters,Chittagong,8,64373,5032.75,86.02,13,23,1,2,86,2,8,9,17,No
26,Male,Bachelors,Rajshahi,7,47654,6315.02,77.19,13,12,3,2,62,2,6,10,45,Yes
30,Male,Bachelors,Sylhet,1,130734,15932.32,82.65,6,2,3,2,36,2,2,4,23,Yes
53,Female,Bachelors,Barisal,8,121061,16717.76,94.77,15,6,1,4,45,2,7,3,2,No
26,Female,Bachelors,Chittagong,12,37066,1995.49,76.12,7,15,0,2,70,0,6,6,2,No
39,Female,High School,Chittagong,3,104717,15609.85,81.81,8,24,4,4,41,2,2,6,25,No
39,Male,High School,Sylhet,11,53045,4017.56,75.23,21,17,1,4,94,3,10,1,9,No
48,Male,PhD,Dhaka,9,56140,7232.29,99.82,6,7,4,4,86,2,6,4,35,No
57,Male,Masters,Barisal,7,121358,17135.68,91.41,17,29,2,4,96,3,7,10,16,No
25,Female,Bachelors,Rajshahi,7,135049,25379.65,92.72,11,18,2,4,28,3,4,9,26,No
42,Female,Masters,Chittagong,10,80350,7724.47,81.91,14,5,2,3,13,2,9,4,4,No
31,Female,Bachelors,Barisal,4,74459,7450.25,94.17,13,20,0,3,21,1,9,5,20,No
37,Male,Bachelors,Dhaka,3,70646,8012.47,96.41,5,1,4,2,23,2,4,1,17,No
50,Female,Masters,Sylhet,10,123819,23983.21,91.94,11,19,0,2,99,1,6,6,3,No
49,Female,Bachelors,Chittagong,9,93813,10520.28,83.56,20,7,0,3,17,1,1,5,0,No
44,Male,Masters,Rajshahi,8,68803,4650.92,91.51,13,20,1,5,92,2,6,1,8,No
48,Male,Bachelors,Chittagong,13,87006,4817.43,95.7,6,16,2,4,37,0,7,9,48,Yes
27,Female,Bachelors,Khulna,4,66692,4239.82,94.58,17,14,4,3,74,0,3,3,5,No
30,Male,Masters,Khulna,14,94477,9019.25,95.18,21,24,2,3,95,0,2,4,45,Yes
59,Male,Bachelors,Chittagong,4,72607,4629.38,81.32,22,4,2,4,92,1,1,6,27,No
31,Male,Masters,Dhaka,5,50449,2589.44,86.28,22,17,1,3,29,3,10,9,10,No
38,Male,Bachelors,Dhaka,2,65757,4165.89,84.2,8,25,2,1,34,2,9,1,28,No
23,Male,Bachelors,Dhaka,1,87028,15141.55,94.48,21,3,1,2,85,0,2,3,25,Yes
47,Other,Bachelors,Sylhet,13,31610,2286.11,75.19,13,26,0,3,87,2,9,1,6,No
32,Male,Masters,Khulna,8,115400,11518.93,80.88,15,10,1,4,35,2,9,10,19,No
33,Male,Bachelors,Dhaka,2,22107,1314.28,94.35,21,3,3,4,67,2,2,3,22,No
39,Other,Bachelors,Chittagong,11,117347,8107.67,77.66,22,29,1,4,29,2,2,7,36,Yes
35,Female,Masters,Rajshahi,13,39517,2926.33,78.56,9,12,2,3,37,2,8,1,39,No
57,Male,Bachelors,Barisal,10,129170,22500.61,78.24,18,3,2,5,84,2,4,4,31,No
54,Female,Masters,Dhaka,4,145052,20042.45,76.87,6,12,4,3,11,2,10,9,16,No
59,Male,Masters,Chittagong,3,110759,15389.87,97.61,18,9,4,4,79,3,3,9,2,No
32,Female,High School,Rajshahi,14,141897,21121.76,78.68,22,26,0,3,85,3,3,4,47,Yes
40,Female,PhD,Barisal,9,100293,13544.84,82.87,23,1,0,1,32,2,2,9,1,Yes
40,Male,PhD,Khulna,10,27856,2684.98,81.08,18,10,3,5,42,0,3,6,2,No
37,Male,Bachelors,Rajshahi,5,136366,20437.57,88.17,23,22,3,4,91,1,1,1,47,Yes
53,Female,High School,Sylhet,9,107891,14982.8,84.8,9,21,2,4,29,2,10,5,33,No
55,Female,Bachelors,Khulna,4,83855,6792.39,85.43,18,29,3,3,52,3,8,10,48,Yes
24,Female,Bachelors,Rajshahi,1,57778,8899.39,76.8,17,21,0,1,61,0,10,2,7,No
46,Male,Bachelors,Sylhet,13,61402,11551.62,82.68,7,14,3,4,28,2,5,4,34,No
44,Female,High School,Chittagong,9,55112,7870.41,82.11,5,1,2,1,16,0,8,3,31,No
26,Male,Bachelors,Barisal,2,56142,10952.02,78.74,24,28,3,5,63,1,3,4,28,No
23,Male,Bachelors,Khulna,2,16654,3085.55,77.13,9,16,4,4,89,3,4,7,9,No
40,Male,Bachelors,Barisal,3,47144,3846.37,83.85,9,20,2,4,51,0,6,6,3,No
57,Male,Masters,Rajshahi,4,54457,9771.18,78.71,8,19,3,3,86,3,7,7,29,No
24,Male,Masters,Chittagong,2,103898,6032.1,90.65,23,18,0,5,32,1,7,7,12,No
46,Female,Bachelors,Sylhet,7,120040,8311.21,81.64,12,3,4,3,46,2,3,4,39,No
22,Male,High School,Khulna,13,96083,12882.02,87.96,10,3,2,4,65,3,1,10,29,No
33,Male,PhD,Barisal,4,131620,18119.98,77.92,22,10,3,5,29,1,1,3,15,No
28,Male,High School,Sylhet,10,42638,4819.89,84.66,11,10,4,2,70,0,2,3,11,Yes
30,Male,Masters,Dhaka,14,148375,17513.71,80.31,22,16,2,2,64,0,10,8,31,No
43,Female,Bachelors,Khulna,10,124284,20799.6,95.82,21,9,3,5,13,2,8,7,46,Yes
54,Male,Bachelors,Dhaka,1,43547,2411.52,99.81,20,7,4,2,68,1,1,6,15,Yes
27,Male,Bachelors,Dhaka,4,61664,5370.29,87.77,9,7,0,4,69,2,8,7,2,No
53,Male,Bachelors,Chittagong,13,141450,9458.95,82.83,14,27,3,5,48,0,2,5,6,Yes
46,Male,Bachelors,Khulna,10,37301,2702.08,82.87,20,16,4,5,63,2,2,7,32,No
37,Male,Bachelors,Khulna,4,67637,3982.04,92.66,13,18,4,1,21,0,10,1,19,No
51,Other,Bachelors,Dhaka,7,120029,12738.33,92.2,21,27,3,5,28,2,3,8,39,No
54,Male,PhD,Chittagong,2,87150,16375.15,81.85,22,5,4,1,89,1,7,5,46,Yes
28,Male,Bachelors,Khulna,5,129130,19293.65,80.14,22,28,1,4,17,0,10,10,11,No
55,Male,Bachelors,Barisal,4,87945,7677.15,92.32,10,12,1,3,95,1,8,7,10,No
54,Female,High School,Dhaka,2,119358,20695.8,94.84,18,7,3,1,30,2,1,10,27,Yes
22,Male,Bachelors,Rajshahi,2,26906,3504.87,88.5,19,12,2,4,78,3,10,9,4,No
59,Male,Masters,Barisal,2,102822,6166.45,95.71,17,10,0,5,30,2,6,9,49,Yes
25,Other,Bachelors,Khulna,2,86580,14317.41,85.4,6,17,0,4,63,3,9,9,48,Yes
50,Female,Bachelors,Sylhet,2,102060,9667.57,92.54,21,26,0,4,18,3,3,5,20,No
31,Female,Masters,Chittagong,12,119435,18468.18,80.04,8,4,1,4,85,1,8,7,39,No
57,Male,Masters,Dhaka,4,131666,20065.5,88.81,22,10,4,3,66,3,6,8,19,No
24,Male,Masters,Dhaka,8,52481,5492.26,98.19,15,6,4,5,34,0,1,7,19,No
22,Female,High School,Khulna,13,63469,5919.8,91.5,7,3,0,1,72,3,6,9,7,No
26,Male,Masters,Dhaka,2,120166,12007.94,75.27,11,28,3,5,29,0,6,5,21,No
58,Male,Bachelors,Sylhet,13,31930,4028.41,90.22,12,22,3,1,57,3,2,3,23,Yes
34,Female,Bachelors,Khulna,5,83580,12986.08,89.61,22,24,4,2,33,2,2,10,32,Yes
32,Male,Masters,Chittagong,4,73965,8041.95,92.66,12,4,4,5,30,3,6,10,23,No
47,Male,Bachelors,Rajshahi,11,106788,8322.15,80.99,8,14,4,4,25,0,10,3,8,No
36,Male,Masters,Sylhet,1,37970,2402.72,95.41,19,7,3,5,99,0,9,6,1,No
52,Male,Masters,Barisal,2,21922,4212.48,97.81,24,11,0,3,81,3,8,3,29,No
40,Other,PhD,Dhaka,6,120710,10414.27,95.24,6,23,4,1,31,0,7,10,44,Yes
37,Male,Masters,Rajshahi,13,48293,9063.0,83.0,18,2,4,3,80,3,6,7,26,No
53,Other,High School,Khulna,5,85838,14244.82,82.47,16,5,4,5,25,2,6,1,11,No
39,Male,High School,Chittagong,14,143811,28248.13,77.97,6,9,2,5,90,2,7,8,22,No
47,Female,Bachelors,Sylhet,8,41875,3662.04,95.11,15,23,1,2,39,0,2,7,23,Yes
44,Female,High School,Dhaka,7,143648,27797.55,96.4,13,17,0,1,85,0,8,10,33,No
25,Male,Bachelors,Sylhet,8,35297,4310.4,98.15,16,1,1,3,44,0,6,6,31,No
29,Female,Bachelors,Dhaka,12,148184,17271.77,76.32,12,9,1,4,37,3,6,7,34,No
22,Other,Masters,Dhaka,13,30146,1692.15,96.74,17,29,2,1,43,2,6,10,48,Yes
33,Female,High School,Chittagong,4,32202,4067.34,80.63,21,8,0,4,78,2,2,7,17,No
43,Female,Bachelors,Sylhet,2,66278,11291.26,79.2,22,17,3,3,28,2,8,7,23,No
25,Male,Bachelors,Chittagong,7,66982,10575.29,75.94,9,17,2,1,70,0,3,3,27,No
52,Female,Bachelors,Khulna,4,120438,11699.68,79.8,18,7,0,5,71,2,7,10,42,Yes
45,Male,Bachelors,Sylhet,11,48704,6802.42,91.62,22,24,0,3,50,0,1,3,39,No
54,Male,Bachelors,Rajshahi,10,134521,26593.96,93.73,22,27,1,2,58,3,8,10,19,Yes
49,Male,Bachelors,Dhaka,3,79459,4063.65,83.53,24,27,4,5,30,2,6,8,34,No
22,Male,Bachelors,Barisal,9,28410,3369.41,80.23,20,2,2,3,73,0,3,7,3,No
47,Male,Bachelors,Chittagong,1,106084,15409.83,75.28,6,7,0,2,49,1,4,6,45,Yes
57,Female,Bachelors,Khulna,5,48052,6743.17,78.87,12,17,1,1,69,2,7,10,42,Yes
48,Female,Bachelors,Rajshahi,4,90655,13843.82,75.08,19,5,4,2,22,2,8,6,31,No
44,Male,Bachelors,Khulna,10,53051,3863.4,91.22,15,21,0,2,32,2,8,7,34,No
55,Male,High School,Barisal,1,140134,17333.89,84.31,20,7,0,2,40,2,4,7,15,No
41,Male,Bachelors,Sylhet,3,57202,9317.17,98.5,11,9,0,3,16,2,9,4,21,No
43,Male,High School,Dhaka,13,85466,7918.91,92.74,22,25,2,2,46,3,10,8,3,No
44,Female,Bachelors,Khulna,14,101627,16489.82,77.36,9,4,0,1,87,0,4,2,46,Yes
39,Female,Bachelors,Rajshahi,12,59312,6854.23,87.48,12,24,4,4,37,0,7,3,47,Yes
38,Male,Masters,Rajshahi,8,67897,7109.17,91.95,14,1,3,5,63,1,5,3,33,No
32,Male,Masters,Barisal,6,110180,17005.85,81.1,9,28,1,1,92,3,8,9,14,Yes
57,Male,Bachelors,Sylhet,9,33784,4790.38,96.58,23,7,2,5,55,1,7,5,4,No
32,Male,Bachelors,Khulna,13,107352,6222.91,98.99,23,23,3,2,48,2,3,1,49,Yes
28,Male,Masters,Sylhet,3,26336,3685.81,78.68,10,22,0,1,82,1,5,10,21,No
44,Female,Masters,Barisal,10,24272,3194.63,77.17,24,28,1,1,23,0,7,3,36,Yes
39,Male,Bachelors,Dhaka,10,145346,28420.9,92.06,20,3,0,2,58,0,5,1,10,No
35,Female,Bachelors,Chittagong,3,107765,10192.59,79.79,21,9,3,1,23,3,3,6,39,No
42,Other,High School,Sylhet,4,25955,1326.26,91.61,22,24,3,1,89,3,1,4,10,Yes
34,Male,Masters,Barisal,6,135702,11164.49,76.28,9,17,4,4,33,0,5,7,31,No
29,Female,High School,Barisal,6,125471,6525.53,91.39,19,12,0,3,60,2,5,8,28,No
24,Other,Bachelors,Rajshahi,14,144435,8302.8,76.06,20,12,1,3,29,2,2,3,48,Yes
26,Male,Bachelors,Rajshahi,3,36613,2238.25,77.36,11,7,3,4,93,2,1,6,26,No
37,Male,Bachelors,Sylhet,5,28668,4357.91,76.6,23,2,4,5,74,3,1,10,18,No
48,Female,Masters,Dhaka,4,141286,13444.8,80.35,6,10,4,3,40,2,2,1,14,No
49,Male,Masters,Sylhet,3,73924,12906.52,82.31,23,16,2,1,70,1,4,5,8,No
49,Male,High School,Sylhet,1,55477,8186.19,77.57,20,13,2,5,76,0,7,4,3,No
29,Female,Masters,Rajshahi,6,107432,8925.36,91.11,21,15,0,1,77,1,2,2,29,Yes
46,Female,Masters,Barisal,11,47934,2859.82,98.46,9,16,0,3,56,3,9,7,4,No
44,Male,High School,Sylhet,10,57197,10524.57,86.66,19,29,1,1,15,1,6,7,30,Yes
58,Male,Bachelors,Dhaka,12,31000,1919.95,99.69,9,15,0,5,70,3,2,9,16,No
35,Male,Bachelors,Dhaka,1,72516,12074.77,84.08,21,16,3,2,31,3,2,10,23,Yes
51,Female,Bachelors,Khulna,7,95683,6376.97,92.31,10,17,0,2,70,0,2,3,13,Yes
45,Male,Bachelors,Chittagong,6,132303,13115.52,76.67,20,20,0,4,99,0,4,10,3,No
34,Male,Bachelors,Dhaka,14,88529,14180.66,77.18,17,22,1,3,34,2,1,5,10,No
39,Female,Bachelors,Barisal,7,65986,12164.56,88.72,17,27,4,3,57,0,7,3,3,No
52,Male,High School,Barisal,6,35999,5267.57,81.69,6,22,4,1,84,0,5,5,12,No
47,Female,Masters,Dhaka,9,80960,8948.23,79.9,21,21,1,4,54,2,8,6,1,No
32,Male,Masters,Barisal,13,35062,2316.37,95.78,18,9,2,3,39,1,9,6,19,No
23,Male,High School,Sylhet,11,95336,14417.39,91.72,24,6,2,5,40,1,4,2,11,No
55,Female,Masters,Dhaka,7,27598,2220.01,97.1,5,27,3,4,36,2,2,9,1,Yes
39,Male,Masters,Sylhet,8,137193,24435.55,88.6,7,25,0,2,72,0,7,8,42,Yes
52,Female,Masters,Khulna,13,57084,7848.94,89.32,10,18,3,2,68,3,2,6,21,Yes
45,Male,Bachelors,Khulna,2,50883,7883.21,93.6,15,6,3,2,29,0,9,9,3,No
56,Female,High School,Rajshahi,10,26901,4015.65,82.28,24,8,2,2,87,0,2,8,16,Yes
29,Male,Bachelors,Barisal,14,85751,11867.95,84.07,15,11,0,3,40,2,6,5,3,No
50,Other,High School,Dhaka,4,130502,7904.29,98.26,5,20,0,2,85,0,8,1,20,No
22,Female,Bachelors,Chittagong,10,31245,2884.6,77.45,20,3,4,1,55,3,7,6,39,No
26,Female,Bachelors,Sylhet,11,118023,9185.43,96.7,22,20,4,1,83,0,9,3,6,No
57,Female,Bachelors,Dhaka,8,24578,3182.45,93.53,19,17,4,1,49,3,9,10,47,Yes
59,Male,Bachelors,Chittagong,14,51648,5594.36,83.14,16,11,4,4,27,3,8,8,28,No
54,Male,Bachelors,Chittagong,11,147711,23315.75,82.93,5,26,1,5,26,0,7,1,39,No
36,Female,High School,Dhaka,4,120743,19607.72,86.54,7,11,0,4,80,2,9,1,19,No
48,Female,Bachelors,Khulna,12,65302,11957.19,81.26,8,3,1,4,88,3,6,2,3,No
54,Male,Bachelors,Dhaka,2,86787,6037.89,93.73,7,2,1,2,22,2,7,4,22,No
26,Male,Bachelors,Chittagong,7,108476,15445.7,93.97,12,13,2,2,34,1,1,2,26,Yes
34,Male,Masters,Rajshahi,4,80805,9691.8,77.47,10,9,3,5,60,0,10,9,35,No
27,Female,Bachelors,Sylhet,2,24315,4663.06,84.66,17,27,1,1,12,0,10,10,7,Yes
57,Female,High School,Rajshahi,10,57605,6767.37,75.8,8,10,3,3,23,1,8,9,7,No
48,Female,Bachelors,Khulna,14,52983,8285.76,90.34,10,17,4,2,99,3,6,7,40,No
55,Female,Bachelors,Rajshahi,9,49787,7148.98,80.37,11,18,3,4,66,1,2,5,17,No
59,Female,Masters,Dhaka,5,70597,8362.71,77.18,7,13,3,3,71,3,5,1,44,Yes
28,Male,High School,Barisal,12,85502,6100.92,81.9,18,18,0,5,62,1,9,8,19,No
50,Male,High School,Sylhet,12,134331,8953.25,82.26,14,22,4,5,40,3,9,4,42,Yes
43,Male,Bachelors,Rajshahi,6,120871,19820.78,95.58,23,8,3,4,87,2,3,7,0,No
34,Other,Masters,Chittagong,4,84869,5908.21,92.54,17,1,3,2,89,2,2,6,16,Yes
22,Other,Bachelors,Dhaka,13,60891,11713.53,95.39,11,26,2,1,93,3,7,3,6,Yes
46,Female,High School,Rajshahi,9,66948,8644.02,78.28,22,9,1,3,74,2,4,2,48,Yes
55,Male,Bachelors,Dhaka,2,115614,11343.43,84.14,9,7,2,1,77,2,9,1,35,No
40,Male,Bachelors,Dhaka,8,68977,11389.72,75.84,17,11,4,5,14,0,9,1,18,No
42,Female,Bachelors,Khulna,4,24842,4241.95,79.79,22,13,1,2,69,1,2,5,39,Yes
56,Female,Bachelors,Rajshahi,13,65212,6758.81,99.38,10,25,3,1,51,3,4,7,8,No
25,Male,Masters,Khulna,13,25846,4614.26,81.28,6,21,1,5,50,0,3,2,25,No
51,Male,Bachelors,Sylhet,7,91460,10869.06,87.83,19,17,1,5,33,3,4,1,29,No
36,Male,High School,Sylhet,12,30425,5488.79,78.44,18,23,0,1,78,0,9,8,13,No
35,Female,Bachelors,Chittagong,1,59897,3181.6,89.93,12,8,1,5,75,3,4,3,31,No
56,Male,Masters,Chittagong,10,129036,13641.91,91.08,24,23,3,2,84,0,9,6,19,No
34,Male,High School,Dhaka,8,23139,4058.19,90.19,20,9,3,5,38,0,1,1,14,No
33,Male,High School,Dhaka,4,76164,10893.5,89.16,16,16,0,2,79,0,2,9,40,Yes
53,Male,Masters,Chittagong,7,106807,8324.92,95.55,9,11,3,2,27,0,1,8,35,Yes
33,Female,Bachelors,Rajshahi,9,48786,4937.73,80.64,22,1,3,1,63,1,8,10,15,No
34,Male,Bachelors,Chittagong,2,113164,18335.43,91.7,17,22,3,4,69,2,5,1,45,Yes
34,Female,Masters,Barisal,5,72439,6306.11,87.29,8,21,4,3,59,1,2,2,35,No
43,Male,Masters,Chittagong,13,147180,24100.45,98.69,17,27,2,5,44,3,1,10,16,Yes
41,Male,Bachelors,Chittagong,8,82374,9835.01,80.77,7,27,1,1,49,0,8,6,3,Yes
52,Female,Masters,Khulna,3,51204,8111.18,81.87,12,3,0,2,39,3,5,2,10,No
33,Female,High School,Rajshahi,7,54402,8164.64,87.32,16,25,0,4,90,2,8,2,11,No
43,Other,High School,Dhaka,5,132692,12497.43,79.6,9,11,3,2,58,1,6,7,42,Yes
47,Male,Bachelors,Rajshahi,4,18976,3388.22,87.07,23,29,2,2,49,1,4,2,48,Yes
57,Male,High School,Dhaka,4,89000,17100.32,81.76,16,27,1,5,53,3,4,4,48,Yes
26,Male,Bachelors,Dhaka,13,135721,21906.01,75.46,6,21,4,5,42,3,6,2,32,No
37,Female,Bachelors,Rajshahi,2,90046,9489.71,82.22,21,4,4,1,48,0,5,6,29,No
29,Male,Bachelors,Chittagong,3,109193,10861.57,92.36,6,26,1,5,47,3,8,4,9,No
36,Male,Bachelors,Chittagong,3,148773,28226.11,97.92,16,3,0,5,84,3,4,5,8,No
49,Male,High School,Khulna,7,86892,12038.52,75.79,21,27,2,4,18,1,10,1,25,No
55,Male,Bachelors,Khulna,6,16999,1713.33,87.27,12,19,2,2,49,0,5,1,5,Yes
51,Male,Bachelors,Sylhet,3,76022,9031.01,75.43,15,17,3,1,80,2,6,4,29,No
34,Female,High School,Sylhet,7,46900,4296.49,95.93,16,16,2,3,56,1,4,10,30,No
29,Female,Masters,Dhaka,4,106216,10200.27,99.85,15,23,3,3,66,1,1,4,34,No
50,Male,High School,Chittagong,6,126332,17658.57,84.24,13,21,3,3,39,2,1,4,2,No
26,Male,High School,Rajshahi,2,83406,11713.41,93.96,21,28,1,2,97,3,5,5,37,Yes
34,Female,Bachelors,Dhaka,1,52261,3721.36,90.7,16,16,2,2,34,0,8,1,6,No
40,Male,Bachelors,Sylhet,8,84031,11711.34,76.5,17,12,4,3,84,1,1,8,41,Yes
41,Female,High School,Khulna,6,20390,1115.68,85.43,13,10,0,3,69,2,5,6,30,No
29,Female,Masters,Dhaka,2,128113,23400.44,92.08,22,7,3,4,74,2,10,9,0,No
47,Male,Masters,Chittagong,6,81649,4381.97,77.98,14,26,2,3,73,0,10,5,12,No
56,Female,Masters,Sylhet,14,29119,2015.0,87.69,16,24,0,1,14,0,10,7,5,No
50,Female,Masters,Chittagong,2,66741,4672.9,88.07,11,15,4,3,84,3,6,10,26,No
58,Male,Bachelors,Sylhet,10,100627,13259.67,88.31,23,6,4,1,16,3,1,9,40,Yes
50,Female,Bachelors,Sylhet,9,65066,6679.05,79.45,6,16,2,3,65,1,2,10,1,No
54,Male,Masters,Barisal,9,143384,18252.32,80.84,12,14,4,3,61,1,2,5,32,No
31,Male,Bachelors,Chittagong,3,97835,16749.05,91.51,9,24,2,1,70,1,6,4,16,No
39,Male,Masters,Barisal,4,68752,8169.94,87.17,22,4,0,3,41,0,4,1,3,No
46,Male,Masters,Chittagong,2,139153,8135.56,98.75,12,28,1,3,25,0,6,8,26,No
41,Other,Bachelors,Dhaka,2,65330,5511.37,96.0,18,19,0,5,70,0,5,9,4,No
25,Female,Masters,Khulna,12,68050,7410.73,85.58,16,20,4,4,55,0,1,7,27,No
56,Female,Bachelors,Rajshahi,5,42257,2856.82,88.54,24,7,3,5,66,1,2,3,6,No
52,Female,Bachelors,Rajshahi,3,93947,7675.86,88.48,9,4,3,5,48,1,6,5,10,No
25,Male,Bachelors,Khulna,3,84244,6443.67,98.57,10,2,3,5,62,0,10,4,27,No
36,Male,Masters,Rajshahi,2,141973,19280.12,88.79,17,10,0,3,73,2,6,5,23,No
55,Male,Bachelors,Khulna,2,31702,1834.61,95.45,12,22,2,1,54,1,6,10,15,No
23,Female,High School,Rajshahi,7,18417,1133.89,85.47,6,5,3,2,86,0,4,7,31,Yes
22,Male,Masters,Sylhet,4,79840,15554.11,97.07,23,9,2,4,28,2,5,10,41,Yes
45,Female,Bachelors,Chittagong,13,135290,15756.4,99.05,6,28,2,4,28,0,7,7,49,Yes
47,Male,Bachelors,Barisal,13,35115,4648.13,95.5,10,6,2,5,48,0,8,8,6,No
28,Female,Bachelors,Barisal,9,138349,18287.21,95.68,5,17,2,3,18,2,4,6,39,No
41,Male,High School,Rajshahi,4,141504,14009.2,87.85,5,25,4,2,24,0,3,6,35,No
46,Female,Masters,Rajshahi,7,113118,11048.19,80.31,21,19,4,3,51,1,8,2,41,Yes
37,Female,Masters,Dhaka,9,67034,12226.97,78.81,12,5,2,2,66,0,7,3,2,No
52,Female,Bachelors,Sylhet,6,101498,8040.71,75.79,21,25,2,1,45,3,10,2,14,No
56,Male,Masters,Sylhet,8,98420,13775.54,88.24,19,5,1,4,38,0,2,4,41,Yes
38,Male,Masters,Sylhet,6,39969,7875.03,75.9,5,11,2,3,91,3,9,8,8,No
41,Male,Bachelors,Khulna,12,148039,17009.17,83.66,13,26,3,4,75,3,3,6,5,No
30,Female,Masters,Barisal,13,59267,9379.15,76.2,8,21,4,1,64,2,10,3,13,No
33,Male,Bachelors,Khulna,8,90250,6497.6,90.19,9,12,4,1,60,3,8,3,17,No
49,Male,Bachelors,Dhaka,9,41769,2614.11,91.1,5,6,1,1,69,2,7,8,40,No
54,Female,High School,Rajshahi,14,139427,20925.5,90.96,12,9,3,1,57,0,6,1,29,No
30,Female,Masters,Khulna,4,102742,7597.55,80.42,13,3,4,5,27,2,5,5,25,No
33,Female,Bachelors,Chittagong,2,90413,12170.68,80.29,23,13,1,4,69,1,8,3,48,Yes
50,Other,Masters,Dhaka,6,148472,29640.2,89.14,20,26,0,2,83,0,9,1,31,Yes
50,Male,Masters,Rajshahi,4,33341,5421.24,82.34,8,21,1,2,31,0,5,1,49,Yes
47,Female,Bachelors,Rajshahi,2,115870,13798.57,99.78,24,29,4,3,48,2,10,10,31,No
26,Female,Masters,Khulna,13,83212,6495.7,78.75,9,6,3,1,91,3,7,5,43,Yes
27,Female,Bachelors,Khulna,3,47020,7413.12,91.23,7,14,1,2,25,1,4,4,18,No
48,Male,Bachelors,Khulna,4,131636,19537.67,99.28,20,20,1,3,91,1,7,10,10,No
31,Male,Bachelors,Sylhet,9,108820,12907.68,86.61,16,10,1,3,23,3,1,8,22,No
26,Female,Bachelors,Khulna,10,25937,3383.59,88.21,17,9,3,4,63,2,3,4,24,No
35,Male,PhD,Chittagong,6,125398,24330.41,78.35,5,25,2,3,46,3,8,4,13,No
29,Male,Bachelors,Chittagong,12,64077,4351.22,80.15,16,19,3,4,11,1,1,9,47,Yes
43,Female,Bachelors,Chittagong,7,47788,7200.77,87.4,11,28,4,5,34,2,8,2,4,No
58,Female,Bachelors,Barisal,3,149832,18482.15,80.65,14,17,1,1,82,2,7,6,41,Yes
29,Other,Masters,Sylhet,4,120787,13581.57,96.91,21,8,2,5,19,2,7,8,15,No
30,Male,Bachelors,Chittagong,8,99546,19407.08,81.16,8,10,1,3,64,2,3,9,6,No
37,Male,Bachelors,Chittagong,9,70538,11111.43,92.83,15,1,0,2,14,2,6,5,38,No
52,Male,Bachelors,Rajshahi,11,61193,5134.41,77.23,20,4,2,5,45,1,5,10,47,Yes
35,Other,Masters,Barisal,4,146020,20910.28,87.78,21,9,2,1,15,3,10,6,3,No
56,Male,High School,Chittagong,9,48907,8895.56,93.9,24,17,3,4,89,0,9,4,45,Yes
28,Male,Bachelors,Chittagong,10,115249,20504.94,91.41,6,12,0,2,85,3,3,3,47,Yes
30,Female,Bachelors,Dhaka,12,49133,3789.09,76.87,15,2,1,3,38,1,9,1,16,No
59,Other,Bachelors,Rajshahi,4,123331,11993.66,84.87,16,25,2,1,34,1,10,5,39,No
59,Male,Bachelors,Khulna,4,81233,13327.37,84.24,12,29,2,5,91,1,2,2,41,Yes
59,Male,Masters,Rajshahi,7,23073,3731.88,95.93,21,1,2,5,25,2,10,1,9,No
37,Female,Bachelors,Barisal,14,27675,3155.62,97.69,24,19,3,2,51,0,8,4,7,No
48,Female,Bachelors,Rajshahi,8,141291,21300.16,99.05,13,15,4,2,24,3,3,9,21,No
37,Female,Bachelors,Barisal,11,69663,7347.91,97.21,23,3,2,1,19,2,2,7,17,Yes
30,Other,High School,Dhaka,4,95001,11821.79,87.64,14,6,0,2,77,2,10,8,23,No
33,Male,High School,Rajshahi,14,16607,862.39,87.55,12,15,3,2,33,1,2,10,11,Yes
47,Male,PhD,Sylhet,9,82802,15364.51,90.95,8,20,0,2,81,0,8,8,32,No
22,Male,High School,Rajshahi,10,136571,9253.85,77.08,5,15,3,2,65,3,5,9,39,No
48,Male,Bachelors,Chittagong,4,138312,19071.57,85.71,22,8,3,2,10,0,3,6,1,No
24,Female,High School,Khulna,9,27749,5263.28,78.35,21,2,0,1,31,0,2,6,26,Yes
51,Other,Bachelors,Rajshahi,14,134500,21329.8,75.04,5,10,0,5,31,2,7,8,21,No
24,Female,Bachelors,Rajshahi,5,33340,6379.47,84.04,18,5,3,4,21,3,1,3,13,No
44,Male,Masters,Khulna,14,113595,20033.38,94.61,16,17,2,2,68,1,3,10,39,No
39,Male,Masters,Barisal,6,142794,17378.02,90.99,14,1,1,3,32,3,7,9,37,No
50,Male,High School,Khulna,1,72653,4992.5,76.55,21,28,3,4,55,3,8,4,37,No
59,Female,Masters,Dhaka,6,146310,24242.55,85.83,16,16,3,4,24,0,6,5,46,Yes
57,Female,Bachelors,Khulna,2,94746,11304.73,79.22,19,6,3,5,33,1,7,7,10,No
37,Male,Bachelors,Khulna,1,124284,10618.39,84.9,21,24,1,2,21,1,9,6,5,No
29,Female,PhD,Rajshahi,7,143885,24623.2,87.17,15,14,4,4,84,3,10,5,17,No
48,Female,High School,Khulna,3,149661,25713.24,90.64,16,4,4,5,80,3,9,4,6,No
59,Male,High School,Barisal,12,51085,2744.32,92.58,19,9,1,4,30,1,9,9,40,No
37,Female,Bachelors,Barisal,6,77734,15301.01,78.76,10,29,0,3,28,0,7,2,10,No
59,Male,Bachelors,Barisal,13,66657,9676.06,92.25,16,17,4,3,19,3,5,9,6,No
44,Female,Masters,Khulna,3,147091,28635.46,96.73,7,22,4,5,18,0,10,2,13,No
45,Male,Bachelors,Chittagong,11,121867,7601.94,86.99,11,16,2,5,51,0,7,6,22,No
56,Female,Masters,Barisal,9,123912,11757.81,77.66,17,1,2,2,46,2,9,7,30,No
36,Female,Bachelors,Sylhet,8,149097,27627.88,81.91,12,27,4,3,48,2,1,6,42,Yes
56,Male,High School,Sylhet,11,50803,9253.15,84.07,22,17,2,2,40,3,9,10,32,No
43,Male,Bachelors,Dhaka,8,96714,14780.97,75.9,23,6,1,1,56,1,2,1,3,Yes
35,Male,Masters,Chittagong,5,67160,10808.32,99.0,12,9,3,4,64,3,7,2,40,No
22,Male,Masters,Dhaka,1,70231,13030.18,76.7,20,28,4,4,28,1,5,8,35,No
53,Female,Bachelors,Rajshahi,6,138049,22108.59,78.15,23,3,2,3,18,2,6,7,27,No
58,Male,PhD,Chittagong,6,98058,11394.67,96.55,11,11,4,1,84,2,6,2,8,No
45,Other,PhD,Rajshahi,6,90485,9564.22,79.75,17,28,4,3,32,3,3,9,16,No
42,Male,Masters,Sylhet,11,58475,5505.93,99.62,17,28,1,4,58,3,2,8,10,Yes
40,Female,PhD,Dhaka,2,25426,2317.57,88.52,6,6,4,3,78,0,7,5,6,No
55,Female,Masters,Dhaka,8,48213,3217.8,98.27,19,18,1,1,76,0,1,2,24,Yes
24,Male,High School,Sylhet,1,140360,26331.95,81.36,11,10,1,4,12,1,2,10,32,No
55,Male,Masters,Rajshahi,3,97181,16031.71,88.17,13,21,1,5,39,0,10,10,29,No
46,Male,Masters,Khulna,13,15762,2271.97,91.72,20,1,3,1,37,1,4,9,6,Yes
26,Male,High School,Dhaka,7,54936,7053.96,83.56,23,15,2,2,32,3,2,2,40,Yes
33,Male,Bachelors,Khulna,7,142650,22466.1,81.73,7,14,3,3,58,1,8,8,30,No
45,Female,Masters,Chittagong,11,90024,9978.96,91.72,18,2,2,5,71,3,8,9,26,No
33,Male,Masters,Khulna,6,120896,15320.26,81.97,7,4,3,3,15,3,6,6,1,No
34,Female,Masters,Rajshahi,4,96057,16246.33,85.79,18,3,0,1,56,3,3,2,9,No
56,Female,Masters,Dhaka,6,69108,4508.7,95.78,9,18,0,1,84,3,7,1,41,Yes
25,Male,Masters,Khulna,6,145132,23058.52,89.64,20,13,0,1,41,0,5,5,23,No
27,Male,Bachelors,Sylhet,6,120810,9826.31,85.62,23,24,4,5,81,2,1,10,47,Yes
54,Male,Masters,Dhaka,10,74193,6297.93,83.14,9,3,3,4,82,0,2,7,3,No
53,Male,PhD,Rajshahi,13,35416,2271.65,96.66,13,7,0,3,30,2,1,9,30,No
33,Male,Bachelors,Barisal,2,133473,6916.03,88.38,24,24,2,4,32,3,3,1,35,No
59,Male,Bachelors,Sylhet,9,42757,5994.87,87.17,9,9,3,3,31,2,2,2,27,No
25,Male,Masters,Chittagong,7,95319,18261.09,75.2,23,12,3,1,49,0,1,1,3,Yes
23,Male,Masters,Chittagong,7,17371,990.78,88.88,17,8,4,2,41,1,9,5,21,Yes
30,Female,Masters,Khulna,9,41479,8116.8,85.47,8,3,2,3,72,0,2,8,14,No
32,Female,High School,Barisal,10,58458,8811.81,79.75,5,27,0,4,18,3,9,2,43,Yes
27,Female,PhD,Sylhet,14,85819,16489.49,92.32,16,22,4,1,48,0,2,5,27,Yes
26,Other,Bachelors,Khulna,7,31547,3974.57,95.17,14,14,4,4,30,0,2,3,42,Yes
56,Female,Bachelors,Barisal,13,121369,21313.83,89.67,19,24,0,1,76,3,6,2,25,No
56,Female,Bachelors,Dhaka,14,25045,1585.68,78.75,18,2,2,3,70,0,10,3,34,No
33,Female,Masters,Rajshahi,13,130329,21102.27,78.49,6,12,2,5,43,0,2,1,22,No
51,Male,Bachelors,Rajshahi,10,42101,5502.02,83.67,5,14,1,3,59,2,1,4,39,No
38,Female,Bachelors,Chittagong,13,30613,3972.86,92.18,20,13,4,4,67,1,4,6,33,No
43,Female,Masters,Khulna,8,94197,13181.44,82.78,19,10,1,5,75,0,7,1,23,No
38,Male,High School,Dhaka,3,122984,8220.2,79.57,9,20,0,1,47,3,5,4,40,No
56,Male,Masters,Dhaka,2,124430,23941.09,89.5,11,16,1,1,69,3,8,8,34,No
30,Other,Masters,Sylhet,12,24365,3957.06,90.16,10,14,3,4,39,0,7,6,19,No
58,Male,High School,Rajshahi,1,91835,16156.37,93.65,24,10,2,3,45,0,5,7,21,No
59,Male,Bachelors,Khulna,7,72070,4510.49,76.83,23,7,4,5,16,3,8,8,12,No
25,Male,Masters,Rajshahi,9,75518,14497.78,77.32,7,15,2,1,96,3,8,9,14,No
56,Male,Bachelors,Barisal,5,51178,3968.59,80.7,13,29,3,5,23,1,1,10,9,Yes
40,Male,High School,Sylhet,1,18599,1269.63,97.09,19,20,4,2,19,1,5,9,2,Yes
45,Other,PhD,Dhaka,4,83612,13445.8,99.56,14,19,3,1,16,1,8,7,22,No
37,Male,Bachelors,Khulna,9,72506,7784.55,92.91,8,19,1,4,20,1,8,10,2,No
45,Male,High School,Chittagong,2,62242,9147.59,97.73,13,9,0,3,32,1,8,2,8,No
35,Female,High School,Rajshahi,2,101865,17238.51,87.72,8,14,1,2,82,0,9,8,35,No
28,Male,Bachelors,Chittagong,12,94293,10805.38,75.41,10,13,4,5,19,0,7,3,33,No
22,Male,Bachelors,Khulna,5,65996,7838.91,94.94,16,16,3,4,27,2,10,10,36,No
49,Female,Bachelors,Khulna,13,31473,5200.96,76.11,12,14,2,1,77,0,8,3,26,No
45,Male,Bachelors,Rajshahi,11,73207,8471.2,84.37,15,6,0,3,78,3,7,5,5,No
39,Male,PhD,Dhaka,12,144764,26249.2,86.59,8,8,2,3,78,1,2,10,26,Yes
56,Female,Bachelors,Chittagong,9,130322,8340.89,99.55,23,26,4,5,61,3,6,1,31,No
42,Male,High School,Rajshahi,14,73751,12111.56,84.97,23,17,4,3,16,0,1,3,18,Yes
50,Male,Masters,Chittagong,11,62924,9580.01,83.47,12,15,1,2,77,2,7,7,11,No
52,Female,Masters,Rajshahi,14,80298,10342.23,89.32,17,18,3,2,16,2,5,6,38,No
39,Male,Bachelors,Dhaka,1,50830,4087.34,79.76,13,11,2,4,27,1,3,5,17,No
22,Male,Masters,Rajshahi,10,47213,5050.14,87.24,20,1,0,4,33,0,7,10,40,No
30,Male,Bachelors,Chittagong,2,145041,13186.18,78.47,15,14,2,3,77,3,8,2,48,Yes
52,Male,High School,Rajshahi,12,22941,3243.33,78.38,13,22,1,1,87,3,9,9,14,No
37,Male,Bachelors,Rajshahi,14,105914,12618.8,99.06,18,3,1,5,93,0,7,5,18,No
37,Male,Bachelors,Barisal,9,72073,5278.62,87.63,19,11,1,2,35,3,5,5,48,Yes
24,Female,Masters,Dhaka,3,31375,3577.93,79.29,11,13,2,1,84,1,3,5,11,No
50,Male,Bachelors,Sylhet,12,64492,12536.68,96.04,20,5,3,4,90,3,8,2,26,No
45,Female,Bachelors,Barisal,3,22031,2989.27,89.06,21,14,0,4,43,2,9,7,31,No
23,Female,High School,Chittagong,4,142540,18675.85,75.0,5,1,3,3,54,0,5,9,6,No
59,Male,Bachelors,Barisal,6,61912,7727.64,85.26,21,1,1,3,97,2,9,6,5,No
42,Female,Masters,Sylhet,3,67932,9218.25,96.59,24,2,3,3,58,3,4,4,40,No
52,Male,Bachelors,Dhaka,11,54846,7926.32,83.25,15,19,4,4,51,0,7,9,24,No
56,Female,Masters,Sylhet,1,149578,18697.03,90.49,17,5,4,2,65,0,5,2,17,No
37,Female,Bachelors,Chittagong,11,67258,13334.66,96.11,15,18,1,5,25,3,1,9,27,Yes
26,Male,Bachelors,Barisal,11,70926,9586.0,77.93,20,28,1,4,59,1,6,8,28,No
33,Female,Masters,Sylhet,5,104331,18536.84,83.34,21,25,3,2,81,3,7,3,38,No
50,Female,Bachelors,Khulna,10,140093,19125.6,98.88,14,2,4,2,80,2,2,8,41,Yes
29,Other,PhD,Rajshahi,3,86478,9423.95,97.94,14,17,0,3,46,2,1,1,11,Yes
37,Male,Bachelors,Barisal,11,63969,7146.92,83.57,18,17,3,4,69,1,1,8,39,Yes
45,Female,Bachelors,Sylhet,14,115400,12465.22,97.76,18,22,3,3,93,1,8,1,37,No
22,Female,Masters,Khulna,7,19460,1261.5,75.26,5,15,0,2,40,2,4,7,34,Yes
32,Female,Masters,Barisal,13,42298,2321.1,92.42,24,2,2,3,27,3,7,6,41,Yes
41,Male,Bachelors,Barisal,9,101314,14216.75,76.95,22,27,4,2,94,0,10,9,20,Yes
48,Other,High School,Khulna,7,95503,4979.67,92.66,19,1,2,2,56,1,7,5,26,No
57,Female,Masters,Chittagong,2,129725,17306.94,88.22,7,19,0,1,38,1,4,5,38,No
33,Male,Bachelors,Sylhet,12,90412,7633.85,88.96,19,29,2,5,41,2,8,10,46,Yes
33,Male,Bachelors,Chittagong,13,89112,8530.45,93.69,21,19,0,1,65,1,1,9,21,Yes
58,Other,High School,Chittagong,1,147799,9752.64,83.51,11,3,4,2,31,0,9,9,10,No
31,Male,Bachelors,Rajshahi,7,74178,3928.97,96.46,7,4,0,5,88,3,1,5,47,Yes
37,Male,Bachelors,Sylhet,13,37886,5905.93,80.34,20,29,0,2,73,0,2,1,49,Yes
31,Other,Bachelors,Khulna,3,149975,18583.54,89.44,12,29,1,1,16,3,8,1,14,Yes
57,Female,Bachelors,Dhaka,1,87251,6979.47,82.79,10,14,3,1,71,0,9,10,29,No
42,Male,High School,Barisal,8,47388,6376.21,76.07,13,6,1,4,71,1,1,10,42,Yes
33,Male,Masters,Sylhet,9,39325,4803.37,81.82,16,17,4,5,41,2,10,7,37,No
25,Female,Bachelors,Chittagong,5,87724,15211.78,87.95,5,10,3,1,88,3,4,8,45,Yes
54,Male,PhD,Barisal,10,21510,2271.78,94.92,11,17,0,4,85,1,5,4,13,No
45,Female,Bachelors,Dhaka,7,119709,16455.42,94.62,16,1,4,1,16,2,5,5,6,No
59,Female,High School,Dhaka,8,85112,12731.26,92.49,11,13,1,5,64,1,7,3,17,No
57,Male,PhD,Sylhet,5,41046,6565.3,92.9,12,15,1,2,93,1,1,6,16,Yes
47,Male,Masters,Sylhet,3,91045,6743.87,82.17,13,12,0,2,25,3,10,3,28,No
39,Male,High School,Khulna,8,74480,6174.5,90.93,24,16,3,4,35,3,4,9,15,No
37,Female,Bachelors,Barisal,12,104443,11781.14,88.23,22,1,2,3,32,0,3,1,2,No
44,Female,Bachelors,Rajshahi,11,25975,3964.67,90.84,19,5,1,5,97,3,3,10,37,No
40,Male,High School,Rajshahi,5,96394,10758.48,81.11,16,24,1,1,98,3,5,4,25,No
25,Male,Bachelors,Rajshahi,11,15830,1807.43,92.59,7,17,1,4,17,0,2,10,30,Yes
30,Male,Masters,Barisal,12,111948,9036.2,90.92,16,11,2,5,44,1,7,1,18,No
34,Male,Bachelors,Khulna,1,140776,25816.96,97.13,12,27,2,1,68,0,6,8,44,Yes
51,Male,High School,Barisal,13,134164,13258.66,91.36,10,3,2,1,97,0,10,4,21,No
31,Female,Bachelors,Barisal,2,69932,12544.75,76.71,21,18,0,4,67,0,2,5,27,No
59,Male,Bachelors,Barisal,3,147158,24260.78,97.46,8,13,0,1,53,0,5,1,29,No
50,Female,Bachelors,Rajshahi,6,116008,18761.37,97.66,9,25,2,4,99,0,2,4,2,No
33,Other,Bachelors,Chittagong,14,85182,12926.93,85.16,10,25,2,5,92,2,3,6,19,No
25,Male,High School,Chittagong,4,22200,2569.01,85.09,9,17,1,3,76,0,8,5,32,No
32,Female,High School,Sylhet,1,77349,10846.65,87.86,22,19,3,3,34,0,2,9,0,Yes
51,Male,Bachelors,Sylhet,10,147897,8379.22,79.98,19,7,3,1,96,1,4,10,13,No
54,Male,Masters,Chittagong,9,51143,3549.28,91.71,14,8,4,4,42,2,2,10,1,Yes
58,Female,Masters,Dhaka,11,94089,6668.14,78.1,10,2,2,2,65,1,7,9,0,No
37,Female,Bachelors,Dhaka,8,70827,8900.22,84.41,17,18,0,1,65,1,10,1,35,No
58,Female,PhD,Barisal,7,100498,6211.35,94.4,15,23,1,4,16,1,6,3,23,No
34,Male,Bachelors,Dhaka,3,143241,28442.36,94.07,10,3,0,1,80,2,5,8,28,No
34,Male,Masters,Khulna,9,144900,22428.8,97.92,6,13,3,2,73,0,5,7,25,No
24,Other,High School,Sylhet,7,128828,21074.47,92.39,10,26,2,4,69,3,4,8,44,Yes
27,Male,Bachelors,Khulna,12,69879,5423.75,75.94,20,6,0,3,25,0,3,8,28,No
29,Male,Masters,Rajshahi,14,53365,4136.35,81.72,11,14,3,4,10,2,6,2,19,No
54,Male,Bachelors,Khulna,13,25373,2299.35,84.67,22,6,0,1,26,2,9,6,30,No
47,Male,High School,Chittagong,9,143051,14581.22,86.83,11,1,0,4,93,1,5,9,21,No
22,Male,Bachelors,Barisal,4,132740,24300.1,95.51,14,2,3,4,31,3,1,8,26,No
56,Male,Bachelors,Barisal,4,45414,8112.08,90.66,5,14,1,2,69,1,5,10,30,No
23,Female,Masters,Barisal,6,52829,5624.7,98.69,21,5,1,5,75,1,8,7,41,Yes
48,Female,Bachelors,Chittagong,10,93157,11078.26,81.92,5,29,1,1,31,0,2,8,33,Yes
30,Male,Bachelors,Dhaka,14,100794,9229.09,83.33,15,28,0,4,50,2,5,7,26,No
29,Male,High School,Rajshahi,4,33592,5178.37,95.02,8,15,1,5,96,3,10,9,35,No
47,Male,Bachelors,Sylhet,10,57786,5952.39,91.98,17,14,1,1,66,1,4,6,41,Yes
49,Male,Masters,Dhaka,2,45025,3085.91,91.75,14,7,0,3,31,3,2,7,5,No
29,Male,Bachelors,Chittagong,10,127519,24946.22,90.02,13,28,3,1,84,3,8,5,0,Yes
50,Male,Bachelors,Dhaka,3,101577,19287.77,87.68,7,9,3,2,16,1,7,4,19,No
22,Other,Bachelors,Sylhet,2,144155,8255.27,98.05,11,23,4,5,73,0,9,1,16,No
32,Male,Masters,Barisal,1,49741,5965.83,79.13,22,21,1,2,23,1,7,3,31,No
42,Female,Bachelors,Rajshahi,5,137544,18869.28,82.82,16,3,4,2,26,2,9,6,20,No
47,Female,High School,Chittagong,2,84998,9778.11,87.96,19,21,0,5,71,2,6,5,30,No
22,Male,PhD,Barisal,12,50949,9930.94,84.14,17,20,4,5,33,1,7,8,34,No
24,Male,Bachelors,Khulna,12,53430,3583.4,85.17,14,11,1,2,16,0,9,5,49,Yes
44,Male,High School,Chittagong,1,20073,2002.39,88.07,22,24,2,1,39,2,8,9,37,Yes
36,Male,Bachelors,Dhaka,11,29322,2423.71,95.8,9,5,4,5,98,1,3,2,3,No
46,Male,Masters,Chittagong,9,102804,7020.42,77.0,22,12,0,2,90,2,7,8,43,Yes
57,Male,Masters,Chittagong,7,50024,7835.81,85.04,8,7,3,1,47,2,8,10,10,No
40,Male,High School,Barisal,7,60762,5935.43,80.3,5,21,4,5,63,0,3,10,39,No
55,Female,Bachelors,Chittagong,7,141847,12265.91,84.93,11,1,3,3,13,3,6,8,45,Yes
52,Male,Bachelors,Dhaka,14,40615,7790.65,91.94,18,27,0,3,76,2,10,7,44,Yes
43,Female,Masters,Khulna,14,20938,2492.73,90.49,21,16,4,3,51,3,2,10,30,Yes
31,Male,Bachelors,Khulna,4,68582,5152.83,92.57,14,7,0,5,63,0,5,10,20,No
40,Other,Bachelors,Dhaka,5,39167,3554.65,92.08,13,1,1,3,91,1,4,3,49,Yes
56,Male,High School,Khulna,4,29449,3480.85,75.37,16,25,3,1,96,0,9,2,36,No
24,Male,Masters,Barisal,14,57663,8803.18,85.4,19,21,4,3,60,3,2,4,28,No
27,Other,Bachelors,Rajshahi,14,134508,11441.84,86.17,19,28,3,1,67,0,2,3,44,Yes
59,Female,High School,Rajshahi,4,85799,10707.17,98.1,22,21,0,3,12,2,7,7,42,Yes
45,Female,Bachelors,Sylhet,11,143034,18132.02,81.0,17,4,0,3,82,2,3,9,5,No
39,Male,Masters,Chittagong,3,64847,6574.51,95.67,20,11,2,2,62,1,7,7,35,No
27,Male,Bachelors,Sylhet,12,20000,1750.68,90.54,14,29,1,5,19,2,7,8,10,Yes
45,Male,High School,Chittagong,1,104166,18865.23,83.12,20,7,3,5,40,0,5,7,42,Yes
31,Female,Masters,Chittagong,6,71033,3978.12,77.24,15,26,3,3,32,0,3,1,41,Yes
47,Female,Bachelors,Rajshahi,12,103973,5794.83,90.82,21,18,3,1,25,1,9,8,43,Yes
24,Female,Masters,Khulna,5,74751,10358.9,89.92,17,4,1,2,33,0,3,2,8,No
22,Male,Masters,Sylhet,4,32374,6336.0,77.14,22,24,2,1,67,0,2,9,30,Yes
48,Female,Bachelors,Chittagong,8,26667,2337.83,94.0,18,1,0,2,44,3,8,7,42,Yes
38,Male,Bachelors,Chittagong,12,47244,6204.65,90.5,20,18,4,3,27,2,8,2,6,No
42,Male,Masters,Chittagong,1,103979,14781.45,80.49,11,26,1,2,49,3,4,9,30,Yes
36,Male,Bachelors,Dhaka,4,78314,6383.18,89.37,13,23,2,2,45,3,7,2,18,No
51,Male,Bachelors,Sylhet,6,125674,12629.88,99.91,7,29,4,3,74,0,2,10,24,Yes
42,Female,Bachelors,Dhaka,14,19107,1898.46,93.2,19,10,0,5,11,3,5,7,10,No
44,Other,Bachelors,Barisal,6,37866,7451.56,77.09,8,15,0,1,22,0,8,2,31,No
37,Female,PhD,Chittagong,14,16655,2213.18,80.26,13,2,2,5,16,2,4,5,30,No
39,Female,Bachelors,Khulna,9,36828,6969.96,93.9,20,26,4,1,30,2,9,8,2,Yes
48,Female,PhD,Sylhet,12,95961,15390.64,85.85,13,3,0,5,78,3,1,4,21,No
43,Female,Bachelors,Dhaka,7,79220,12371.88,83.3,6,17,0,5,95,1,4,8,23,No
32,Male,Bachelors,Rajshahi,9,96482,5378.95,78.68,18,6,1,3,75,0,7,6,14,No
25,Female,Masters,Rajshahi,14,138627,25511.9,94.84,12,3,3,2,90,0,3,4,35,No
59,Female,PhD,Sylhet,4,92773,15814.13,89.32,15,14,0,1,87,1,3,8,28,No
36,Male,Bachelors,Barisal,2,136745,13079.37,93.63,24,4,2,2,16,0,9,10,29,No
43,Female,High School,Dhaka,1,86045,8670.01,75.67,8,15,4,3,36,1,2,9,13,Yes
38,Female,High School,Dhaka,5,127676,17987.6,82.11,16,19,1,2,83,3,7,4,5,No
24,Male,High School,Khulna,8,42684,2883.12,80.32,9,14,0,3,62,1,8,7,37,No
55,Female,Bachelors,Sylhet,1,67003,9054.7,77.53,16,1,0,5,46,2,3,8,6,No
50,Male,Bachelors,Chittagong,14,55010,6897.47,96.72,10,15,4,4,76,2,6,4,49,Yes
43,Male,Bachelors,Chittagong,13,28317,2660.09,86.3,19,27,1,2,78,1,10,7,24,Yes
27,Female,High School,Khulna,3,128678,24735.77,82.32,23,26,4,3,19,0,10,4,0,No
58,Male,Bachelors,Sylhet,1,73057,6867.47,81.86,13,26,3,5,24,2,2,6,13,Yes
29,Other,Bachelors,Dhaka,13,135313,18081.75,88.55,24,19,0,5,51,3,4,4,14,No
35,Other,Bachelors,Rajshahi,10,94879,5251.45,92.88,9,2,0,5,25,1,2,2,16,No
54,Male,High School,Chittagong,13,130453,21467.37,82.79,7,4,1,5,94,3,10,5,45,Yes
50,Male,Bachelors,Dhaka,6,17148,1896.83,78.21,17,14,3,2,43,3,1,2,7,Yes
49,Female,Bachelors,Khulna,2,111362,12923.86,80.57,17,21,4,1,94,1,8,8,8,No
28,Male,High School,Khulna,2,57377,10886.08,83.88,16,24,1,3,37,2,1,5,41,Yes
44,Male,Masters,Sylhet,3,33983,5371.72,82.03,16,26,4,5,56,3,2,7,39,Yes
34,Female,Bachelors,Dhaka,2,27415,3760.72,96.67,5,22,0,4,14,2,10,10,11,No
24,Other,Bachelors,Dhaka,3,48381,3793.57,76.88,9,8,0,2,11,3,2,3,0,Yes
48,Male,Bachelors,Dhaka,5,61276,6741.94,76.17,18,10,4,4,72,2,10,7,22,No
36,Male,Bachelors,Barisal,6,53566,4393.26,89.37,5,8,2,3,15,3,8,3,15,No
23,Male,Masters,Rajshahi,13,72017,7840.33,79.68,20,26,0,3,68,0,2,7,44,Yes
47,Female,High School,Dhaka,6,51940,4908.06,86.65,17,6,3,4,45,3,9,7,47,Yes
59,Male,PhD,Rajshahi,6,38599,2858.8,89.17,6,4,4,2,85,2,4,2,3,No
53,Male,Bachelors,Khulna,5,134334,16784.42,79.45,12,2,3,1,15,1,10,8,21,No
55,Male,High School,Chittagong,5,70928,5056.88,88.42,23,4,4,5,44,3,2,7,9,No
51,Female,Bachelors,Chittagong,7,32561,4675.3,89.69,21,27,1,3,43,0,3,9,19,No
53,Male,Bachelors,Dhaka,2,64100,7087.87,85.5,6,26,1,1,74,2,6,5,3,Yes
48,Female,High School,Dhaka,11,95696,11647.58,77.88,22,4,4,5,67,0,5,2,44,Yes
51,Male,Masters,Khulna,6,52904,6902.4,85.5,15,12,1,1,43,1,1,3,35,Yes
55,Male,Bachelors,Barisal,5,31038,5241.33,89.66,22,28,0,4,85,2,1,9,19,Yes
35,Female,Bachelors,Sylhet,4,51942,4500.31,93.9,17,26,0,3,70,0,8,4,33,No
37,Female,Bachelors,Dhaka,8,68310,5183.45,90.29,16,4,4,2,12,1,6,10,1,No
51,Female,High School,Rajshahi,1,17859,3020.53,98.66,19,11,3,3,36,3,7,5,20,No
53,Male,Bachelors,Khulna,7,55999,5716.55,96.16,18,29,2,4,19,3,7,5,37,No
53,Female,Masters,Khulna,10,21006,3128.6,99.78,10,26,2,2,90,2,1,10,13,Yes
57,Male,Bachelors,Chittagong,1,47068,3843.79,79.3,16,9,0,3,51,1,8,4,27,No
27,Female,Bachelors,Sylhet,12,118279,20409.84,88.36,23,1,4,5,75,2,8,2,47,Yes
29,Male,High School,Chittagong,2,144261,25628.56,94.58,10,16,4,4,64,1,3,3,11,No
49,Other,Bachelors,Barisal,14,127980,18151.97,80.88,24,28,0,2,76,1,2,7,27,Yes
37,Male,Bachelors,Khulna,11,101182,5658.4,82.17,19,18,3,3,41,1,3,1,7,No
26,Male,Masters,Khulna,7,121363,8300.4,99.4,23,17,3,5,61,2,4,9,16,No
43,Male,Bachelors,Barisal,10,144975,21265.78,95.24,24,2,4,3,52,2,10,1,39,No
26,Female,Masters,Rajshahi,14,31399,4954.93,93.82,16,10,0,3,72,0,10,6,11,No
27,Male,Masters,Rajshahi,6,64788,9923.47,92.13,12,13,0,2,17,1,7,8,40,No
42,Female,PhD,Dhaka,12,64936,6379.05,77.01,21,15,2,3,15,1,1,9,18,No
44,Female,High School,Sylhet,9,117443,15105.51,90.43,24,10,1,3,66,0,9,4,5,No
49,Male,Masters,Dhaka,3,115416,21757.58,86.2,12,8,3,1,38,0,5,10,19,No
26,Male,Bachelors,Chittagong,14,72950,4685.42,78.84,7,1,3,3,59,1,10,2,38,No
23,Female,Bachelors,Rajshahi,3,52158,5101.7,82.44,5,27,0,5,22,3,6,7,8,No
55,Female,High School,Barisal,11,68517,7105.11,90.01,9,19,1,3,34,0,4,4,20,No
50,Female,Bachelors,Barisal,9,84468,16547.54,91.75,14,13,1,3,46,3,9,2,35,No
57,Male,Bachelors,Barisal,4,31575,3789.98,95.07,15,21,3,5,66,0,1,9,25,No
59,Male,Bachelors,Barisal,8,37098,2405.18,79.96,19,8,2,4,59,2,10,8,4,No
32,Female,Masters,Dhaka,3,109552,11877.27,95.72,12,23,0,5,95,3,6,7,40,No
35,Female,Masters,Khulna,2,99110,13756.26,88.08,22,7,2,5,38,0,4,7,19,No
53,Female,PhD,Barisal,4,111859,12172.42,82.9,20,10,3,1,35,0,8,4,12,No
38,Female,Bachelors,Sylhet,6,51314,8626.23,97.87,10,17,3,3,87,3,2,9,3,No
35,Male,Bachelors,Rajshahi,12,71221,10783.74,76.58,17,14,2,5,65,2,5,9,30,No
43,Male,Bachelors,Chittagong,8,111713,21420.56,85.36,23,29,2,5,59,2,5,9,38,No
27,Male,High School,Dhaka,9,114023,19628.83,92.69,9,6,1,4,34,2,4,9,47,Yes
49,Female,Bachelors,Sylhet,12,77322,15192.9,84.54,8,28,2,1,60,2,10,8,19,Yes
52,Female,Bachelors,Barisal,12,100789,18901.75,92.24,20,26,2,5,37,0,9,6,31,No
37,Female,Masters,Khulna,8,72338,8978.24,90.39,13,8,0,2,17,1,5,4,47,Yes
25,Male,Bachelors,Chittagong,14,133290,16545.56,97.21,21,5,1,5,71,2,4,1,17,No
32,Female,Bachelors,Khulna,4,74940,5240.29,78.49,16,4,1,5,76,1,6,7,26,No
37,Male,Bachelors,Sylhet,14,119382,20250.79,96.24,9,27,3,5,78,0,8,9,17,No
37,Male,High School,Barisal,9,126604,15890.95,78.84,12,16,4,3,17,1,6,3,20,No
46,Male,Masters,Dhaka,11,18303,2476.06,92.51,14,5,3,3,59,1,4,8,20,No
47,Female,Bachelors,Khulna,12,129346,24063.79,98.09,24,22,2,4,79,1,1,3,46,Yes
58,Male,Bachelors,Chittagong,4,40272,3316.49,82.5,10,29,2,2,67,3,7,9,38,Yes
27,Male,Bachelors,Dhaka,4,145719,24575.07,78.71,5,14,4,5,36,3,2,1,46,Yes
23,Female,Bachelors,Rajshahi,3,92371,9589.13,97.96,22,6,2,3,77,2,4,4,26,No
25,Male,Masters,Sylhet,2,20003,1510.28,86.77,13,19,0,5,19,0,4,3,31,No
46,Male,Bachelors,Khulna,10,144197,15469.24,90.91,5,21,1,5,41,2,3,10,33,No
34,Male,Bachelors,Khulna,8,137809,14307.21,86.0,7,8,4,1,19,1,8,7,45,Yes
53,Female,Bachelors,Dhaka,3,71871,6844.1,81.68,13,26,2,4,47,2,7,7,20,No
51,Male,Bachelors,Barisal,4,33725,5546.21,75.61,24,10,2,2,54,3,7,1,12,No
59,Female,Bachelors,Sylhet,9,27867,3455.4,75.59,17,14,4,2,78,1,3,3,10,No
41,Female,Bachelors,Sylhet,13,113951,11128.78,76.89,24,7,3,3,39,0,1,4,32,No
52,Female,Bachelors,Rajshahi,9,58519,10551.45,96.97,17,12,3,1,24,1,10,2,21,No
48,Male,Bachelors,Chittagong,12,88088,4620.32,84.03,9,1,4,3,23,1,8,2,11,No
28,Male,Masters,Chittagong,2,139705,16235.96,85.51,19,21,0,2,48,0,9,8,10,No
55,Female,Bachelors,Rajshahi,10,34143,6408.08,86.28,7,28,4,1,66,2,2,5,5,Yes
43,Male,Bachelors,Rajshahi,12,91492,11203.99,98.55,19,20,2,1,57,3,4,4,3,No
53,Female,Bachelors,Rajshahi,3,87478,5713.06,85.46,19,6,0,5,40,0,3,9,15,No
26,Male,High School,Sylhet,8,145279,25606.82,99.26,7,23,3,4,96,3,6,10,33,No
51,Male,Bachelors,Barisal,11,81142,14130.37,77.74,17,11,2,5,62,2,2,2,11,No
57,Female,High School,Chittagong,1,98108,17530.69,93.78,15,24,3,5,98,1,4,4,28,No
37,Male,Bachelors,Barisal,7,22993,1208.63,79.47,21,4,4,1,50,2,3,6,18,No
23,Female,Bachelors,Barisal,14,120317,13964.55,78.3,17,29,1,1,48,3,7,8,40,Yes
46,Female,Masters,Dhaka,9,34708,4515.76,80.98,23,7,2,2,79,2,6,7,19,No
38,Male,Bachelors,Rajshahi,13,52299,5168.45,90.19,17,14,2,4,94,2,2,9,17,No
45,Male,Bachelors,Rajshahi,7,115763,16531.48,81.77,16,25,4,2,98,2,5,7,15,No
52,Male,Bachelors,Chittagong,10,74583,5082.25,81.67,22,3,4,3,20,1,5,9,7,No
57,Male,Bachelors,Barisal,1,15218,2099.63,91.94,20,9,0,5,84,2,10,4,30,No
46,Male,Bachelors,Khulna,2,67499,9118.78,77.35,12,8,1,5,58,1,8,4,35,No
48,Male,Bachelors,Chittagong,9,95453,15927.97,79.24,14,11,0,5,70,2,8,9,30,No
47,Male,Bachelors,Dhaka,6,132398,19275.52,88.82,5,7,1,4,42,2,8,3,19,No
44,Male,Bachelors,Rajshahi,4,127541,10212.49,88.85,24,5,1,5,52,0,7,4,23,No
55,Female,Masters,Chittagong,4,60315,7421.9,90.82,10,17,4,1,97,0,3,10,10,No
45,Male,Bachelors,Rajshahi,4,25813,3845.99,83.26,18,7,3,3,98,2,5,1,27,No
47,Female,Bachelors,Rajshahi,5,60932,6385.34,84.65,13,10,0,2,33,2,1,6,13,Yes
41,Male,Masters,Chittagong,14,29898,1779.72,80.14,21,22,0,4,96,3,7,1,23,No
35,Male,Masters,Rajshahi,14,100025,13103.83,81.07,15,15,2,2,32,1,2,7,15,Yes
52,Female,Bachelors,Khulna,13,123882,22780.61,84.33,21,21,2,3,34,3,2,7,7,No
36,Male,Masters,Chittagong,2,68890,12418.31,86.69,6,14,2,2,28,0,5,10,44,Yes
25,Male,PhD,Barisal,1,83663,10239.72,80.54,11,21,2,1,44,0,8,4,29,No
54,Male,Bachelors,Sylhet,1,135624,11691.99,81.39,8,27,0,2,45,0,9,7,34,Yes
47,Male,Masters,Dhaka,4,148922,24231.54,87.53,20,26,4,4,19,1,10,4,37,No
41,Male,Bachelors,Barisal,12,110952,19399.38,99.98,18,20,4,4,56,1,6,6,1,No
47,Male,Bachelors,Sylhet,6,105101,6017.71,76.91,11,29,4,1,71,1,3,10,42,Yes
40,Male,Bachelors,Dhaka,4,45541,9039.39,91.77,24,10,3,5,70,1,7,8,48,Yes
44,Male,Bachelors,Khulna,14,125045,9311.67,89.98,15,19,2,3,65,2,2,4,7,No
31,Female,Bachelors,Chittagong,3,70198,11678.24,75.98,9,23,1,1,34,2,8,9,24,No
38,Female,Bachelors,Rajshahi,4,127547,18415.5,98.14,17,4,1,4,72,3,7,10,6,No
25,Female,High School,Sylhet,11,136134,6920.28,94.69,24,6,4,4,30,2,2,3,30,No
51,Other,Bachelors,Khulna,8,17035,2776.42,87.92,14,25,2,5,35,3,2,9,33,Yes
45,Female,High School,Chittagong,12,140159,24500.85,83.2,13,1,0,5,96,2,2,1,38,No
32,Female,Bachelors,Chittagong,9,45288,8489.8,83.3,7,6,0,2,54,3,8,5,45,Yes
22,Female,Bachelors,Chittagong,11,35992,4655.38,83.97,15,12,3,2,30,0,8,2,27,No
32,Female,Bachelors,Dhaka,11,37914,7330.42,92.15,5,23,1,3,74,3,10,6,22,No
23,Male,Bachelors,Sylhet,1,66940,10702.67,94.25,21,14,2,1,39,1,6,10,10,No
56,Female,Bachelors,Barisal,4,130447,18953.21,95.27,8,20,0,1,15,0,7,8,34,No
22,Male,Bachelors,Sylhet,14,36373,4841.05,79.91,15,18,4,3,52,0,2,5,27,No
35,Female,Masters,Dhaka,14,66425,12690.67,82.67,24,18,2,5,30,2,5,2,29,No
44,Male,Masters,Sylhet,4,51423,4277.24,79.12,14,24,3,5,39,1,10,4,2,No
29,Female,High School,Khulna,4,16537,2461.03,90.73,18,22,1,3,22,1,10,7,29,No
39,Male,Bachelors,Sylhet,8,47386,4565.27,81.05,15,26,4,3,15,1,9,8,5,No
44,Female,Bachelors,Barisal,10,50820,4119.49,97.95,8,6,3,5,42,0,2,6,5,No
57,Female,Bachelors,Dhaka,2,136851,16284.59,98.1,9,3,3,3,37,1,3,2,46,Yes
27,Male,Bachelors,Khulna,4,57434,9921.25,91.06,10,8,2,1,16,1,8,4,47,Yes
52,Male,High School,Sylhet,14,60459,5783.14,95.46,11,7,2,4,27,1,4,8,13,No
29,Female,High School,Dhaka,11,30200,2309.77,89.74,9,15,0,2,23,2,7,9,29,No
24,Male,Bachelors,Chittagong,1,57644,4191.27,84.63,7,16,0,1,97,0,10,1,36,No
41,Female,High School,Dhaka,11,91535,5328.66,83.37,12,27,0,5,61,2,9,5,4,No
35,Male,Bachelors,Dhaka,1,60850,7286.15,78.38,19,17,1,2,13,3,7,10,30,No
45,Female,Bachelors,Rajshahi,2,27001,4199.88,79.34,20,21,1,1,33,3,7,2,17,No
25,Female,High School,Dhaka,12,58814,10475.53,92.01,19,15,2,2,39,3,4,4,20,No
49,Female,Bachelors,Chittagong,7,67921,10112.65,95.24,21,14,4,4,32,3,2,9,4,No
26,Male,Bachelors,Chittagong,7,135121,19226.21,99.75,7,15,2,3,33,1,9,4,13,No
41,Female,High School,Rajshahi,11,39835,2639.89,97.37,13,22,0,1,77,0,1,7,47,Yes
51,Male,Bachelors,Sylhet,6,121368,22093.18,97.2,21,25,3,3,82,0,4,4,20,No
56,Male,High School,Sylhet,8,58410,4407.77,92.53,6,20,2,2,73,0,9,9,8,No
25,Male,PhD,Dhaka,1,23555,3476.02,98.26,21,28,4,1,65,1,8,1,26,Yes
46,Male,Masters,Rajshahi,8,58088,9738.35,87.86,14,8,2,1,63,3,6,2,15,No
39,Male,PhD,Rajshahi,12,96072,6285.44,84.58,16,23,1,2,91,0,4,3,48,Yes
55,Female,Bachelors,Dhaka,8,60711,10772.4,83.97,15,9,1,1,39,0,9,4,39,No
51,Male,Bachelors,Khulna,9,49987,5355.87,84.21,7,16,0,1,28,3,4,7,39,No
30,Male,Masters,Khulna,13,22875,4281.24,86.21,9,19,1,1,70,3,5,1,18,No
31,Other,Bachelors,Chittagong,8,80895,6669.34,90.03,24,24,1,5,68,1,7,8,12,No
23,Female,High School,Dhaka,9,127566,21160.25,86.68,14,16,0,1,94,1,3,7,46,Yes
48,Male,Bachelors,Barisal,10,108295,10372.95,96.16,16,20,0,4,45,1,1,1,14,No
58,Male,Bachelors,Rajshahi,3,67230,10072.73,76.68,17,20,4,2,40,1,4,5,21,No
38,Female,Bachelors,Sylhet,6,69448,6730.53,81.74,11,4,4,1,66,1,7,7,9,No
24,Female,Masters,Rajshahi,3,94794,5009.08,76.3,9,13,4,4,59,0,3,10,8,No
41,Male,Bachelors,Dhaka,6,16648,1441.56,85.98,16,16,0,5,75,2,3,6,20,No
24,Male,High School,Dhaka,9,48846,8522.79,81.22,22,10,3,4,67,2,5,6,44,Yes
52,Other,High School,Dhaka,13,144486,27272.06,96.12,14,17,2,1,73,2,6,2,12,No
30,Male,Bachelors,Khulna,3,49747,7727.22,87.22,12,15,3,2,56,2,8,1,41,Yes
24,Male,High School,Barisal,11,49317,8526.91,79.25,7,19,1,4,92,1,7,9,46,Yes
47,Female,Bachelors,Chittagong,7,121592,15530.94,82.78,13,29,0,2,53,3,1,5,15,Yes
49,Female,Masters,Sylhet,12,44882,2259.69,92.73,9,5,4,5,64,1,2,9,21,No
41,Other,Bachelors,Khulna,11,26327,1867.99,84.2,14,2,4,1,99,2,8,7,29,No
46,Female,Bachelors,Dhaka,7,100992,19664.23,95.12,24,17,3,2,79,1,6,7,43,Yes
26,Female,Bachelors,Rajshahi,10,99423,15724.95,85.09,22,27,1,1,56,1,10,9,39,Yes
46,Female,Bachelors,Dhaka,3,90602,4543.59,93.13,24,17,0,5,92,3,5,9,44,Yes
27,Female,High School,Khulna,12,96332,11669.43,76.98,20,28,1,3,23,1,6,3,20,No
27,Male,PhD,Sylhet,6,26256,2045.18,87.65,21,19,0,1,35,0,8,6,26,No
50,Male,Bachelors,Khulna,3,106368,14962.0,76.5,7,12,3,3,75,2,4,9,4,No
35,Male,Bachelors,Rajshahi,5,55992,4781.09,76.21,21,13,4,4,68,2,2,4,38,No
35,Female,Bachelors,Khulna,2,147653,22714.93,94.41,18,4,3,2,91,1,7,1,25,No
48,Male,Bachelors,Chittagong,5,92987,9511.22,88.45,19,4,4,5,89,2,6,10,1,No
51,Female,Masters,Khulna,10,116246,19811.34,90.55,7,14,0,3,11,1,5,1,42,Yes
58,Male,Bachelors,Barisal,8,95059,13669.82,95.45,9,15,1,4,51,0,5,8,5,No
59,Male,High School,Khulna,11,117670,23388.08,87.99,18,23,4,1,25,3,1,6,35,Yes
30,Female,Bachelors,Khulna,8,82402,14643.12,97.01,20,25,1,1,26,1,1,2,49,Yes
52,Male,Bachelors,Dhaka,8,55231,11042.85,96.52,9,3,1,3,16,0,8,8,26,No
58,Male,Bachelors,Dhaka,11,116082,13419.94,75.81,13,22,4,1,62,2,2,10,46,Yes
55,Male,Masters,Sylhet,14,24547,1950.64,80.6,22,13,2,4,63,3,4,3,11,No
30,Male,Bachelors,Dhaka,8,27536,5158.77,92.47,15,5,3,1,30,3,6,1,4,No
44,Female,Masters,Chittagong,14,73229,13868.61,86.44,20,27,1,2,47,2,8,9,40,Yes
43,Male,High School,Khulna,2,102105,19274.09,83.6,18,12,3,3,60,3,3,9,24,No
28,Male,Bachelors,Rajshahi,9,61450,8191.39,94.65,22,10,0,5,39,3,6,8,37,No
37,Male,PhD,Khulna,4,57617,10080.03,81.94,19,13,0,1,30,1,3,4,44,Yes
46,Male,Bachelors,Sylhet,8,137119,17605.62,91.53,9,22,3,5,27,1,6,5,43,Yes
22,Female,Masters,Rajshahi,8,132656,20778.65,86.44,7,17,2,3,61,0,10,9,7,No
50,Other,High School,Chittagong,3,111882,8564.22,98.85,21,9,1,4,51,0,1,1,14,No
24,Female,Bachelors,Chittagong,2,18765,2695.67,94.08,12,28,1,1,64,2,10,3,21,Yes
28,Male,Bachelors,Barisal,5,140438,7876.91,88.47,8,5,2,4,33,3,5,8,27,No
54,Male,PhD,Khulna,13,17913,2550.91,87.42,20,20,4,2,49,0,5,4,8,Yes
45,Male,High School,Rajshahi,1,50918,4096.75,99.09,24,21,1,2,49,1,3,9,44,Yes
34,Male,PhD,Barisal,4,99530,14824.33,84.97,16,25,1,4,89,3,7,1,5,No
22,Female,High School,Dhaka,8,24465,1972.61,93.46,9,22,3,4,96,1,7,9,37,No
50,Male,Masters,Barisal,5,114076,22137.89,88.43,14,9,4,5,80,3,9,9,19,No
31,Male,Masters,Dhaka,2,147275,28433.19,98.24,13,19,0,4,58,0,10,3,22,No
40,Male,Bachelors,Dhaka,6,65800,8769.57,75.4,5,15,0,2,21,1,10,5,11,No
24,Male,Masters,Sylhet,13,139449,13210.93,88.4,18,8,3,2,96,3,7,7,12,No
26,Male,Bachelors,Rajshahi,13,70943,12127.63,92.78,13,10,0,2,21,1,6,4,25,No
31,Male,Bachelors,Barisal,10,62879,10843.78,93.71,7,28,3,4,49,3,1,8,36,Yes
23,Female,Masters,Barisal,4,139755,15805.93,95.21,20,20,0,3,62,1,5,1,24,No
40,Female,Masters,Barisal,12,51162,3371.38,75.18,16,6,4,4,12,3,5,1,32,No
38,Male,Bachelors,Sylhet,2,125827,15880.19,98.83,20,25,2,4,49,0,10,9,1,No
55,Male,Bachelors,Sylhet,8,50893,8481.46,98.51,14,26,1,5,17,2,8,4,26,No
47,Male,Bachelors,Chittagong,3,62201,6274.73,76.69,6,18,0,4,50,1,4,3,8,No
50,Female,Bachelors,Dhaka,13,132077,8185.27,97.96,13,2,0,1,51,0,9,6,37,No
45,Male,Bachelors,Barisal,13,101141,11881.91,85.85,20,22,4,2,56,3,7,6,12,No
36,Male,Bachelors,Khulna,14,123685,24189.89,75.77,16,21,3,4,57,0,1,5,21,No
42,Female,Masters,Chittagong,10,86762,4515.49,89.65,17,18,0,5,27,0,2,6,39,No
23,Other,Masters,Khulna,11,86719,11952.15,89.46,11,18,3,3,64,3,9,5,27,No
53,Other,Bachelors,Chittagong,12,64344,4565.33,95.73,12,10,3,2,45,1,6,3,22,No
42,Male,Bachelors,Khulna,11,60013,8173.21,83.73,21,27,0,3,32,3,2,6,22,Yes
27,Male,Bachelors,Barisal,4,143916,14436.67,94.17,23,21,3,3,64,2,7,3,29,No
42,Male,High School,Barisal,2,65678,7163.89,96.32,19,7,1,2,50,1,7,7,33,No
26,Male,Bachelors,Dhaka,13,81161,11049.05,98.35,12,27,4,3,70,2,8,9,24,No
59,Male,Bachelors,Sylhet,8,90061,17660.52,92.78,5,19,0,3,21,1,6,7,31,No
55,Male,Masters,Khulna,12,63376,10162.21,85.56,8,23,2,5,23,2,7,8,30,No
46,Male,High School,Sylhet,13,47217,8227.46,85.91,6,3,4,4,85,1,2,3,9,No
48,Male,Bachelors,Barisal,1,78749,6356.63,79.87,19,7,0,5,85,3,8,7,1,No
41,Male,High School,Chittagong,12,106277,15125.78,88.83,11,3,2,2,96,0,10,4,43,Yes
50,Male,High School,Chittagong,11,89561,13663.0,78.78,15,18,4,4,79,3,2,5,0,No
44,Male,Bachelors,Dhaka,7,36462,2868.79,99.36,24,8,2,1,83,2,10,4,8,No
26,Female,Bachelors,Sylhet,1,71804,9894.13,80.52,20,14,3,4,30,2,4,5,46,Yes
34,Male,Bachelors,Rajshahi,1,144870,14823.37,82.74,20,3,0,1,92,1,2,1,48,Yes
26,Male,Masters,Khulna,14,104727,17355.88,92.59,18,26,1,1,36,0,7,4,49,Yes
43,Male,Bachelors,Khulna,1,51384,3507.55,92.33,5,29,0,3,25,1,3,5,27,No
36,Female,Bachelors,Dhaka,4,60690,3574.77,98.25,15,25,1,5,18,3,9,7,2,No
51,Female,Bachelors,Barisal,7,25537,3022.82,80.1,8,8,2,2,20,3,6,5,9,No
39,Female,Masters,Khulna,5,17665,907.73,77.34,7,15,1,4,30,0,4,10,28,No
49,Male,Bachelors,Dhaka,10,78206,13529.27,84.66,10,9,1,4,67,3,4,2,30,No
22,Female,Masters,Dhaka,5,89830,6619.93,85.4,7,1,0,2,73,3,1,3,9,Yes
56,Male,Bachelors,Chittagong,8,24892,3790.9,85.02,11,8,3,5,34,2,9,7,5,No
29,Female,Bachelors,Dhaka,8,107301,11393.58,90.21,23,6,2,1,64,1,8,4,28,No
36,Female,Masters,Barisal,3,144869,27142.21,95.6,18,26,4,4,78,3,9,7,42,Yes
52,Male,High School,Dhaka,2,103377,16449.87,75.79,5,27,2,3,81,2,1,5,11,Yes
46,Female,High School,Rajshahi,9,81733,7722.79,78.67,6,29,4,5,28,1,9,4,15,No
25,Male,Bachelors,Rajshahi,9,128222,22163.21,97.03,10,20,1,1,27,2,6,10,10,No
24,Male,Bachelors,Dhaka,13,144345,23480.84,76.01,11,21,2,1,31,0,4,1,37,No
32,Male,Bachelors,Sylhet,11,15715,1153.06,87.03,13,2,4,3,39,0,7,7,46,Yes
38,Female,High School,Barisal,8,76293,10602.2,77.42,14,3,0,1,89,0,6,10,26,No
55,Male,High School,Dhaka,1,18002,2713.97,82.86,9,24,4,1,35,1,1,4,9,Yes
35,Female,Masters,Chittagong,5,86965,8419.31,88.1,10,16,2,5,18,1,5,8,25,No
28,Male,Masters,Rajshahi,12,38222,6541.44,89.53,17,3,0,5,47,2,7,7,14,No
25,Female,Bachelors,Sylhet,10,136404,10051.37,76.44,11,3,2,3,75,3,8,7,22,No
44,Female,Bachelors,Sylhet,10,40833,5163.46,83.42,18,7,2,4,47,1,7,8,43,Yes
35,Male,High School,Barisal,7,51159,3703.88,84.06,19,24,1,4,38,0,9,9,15,No
22,Male,Masters,Khulna,2,121501,9134.0,80.03,11,13,0,3,34,3,10,3,10,No
35,Male,Bachelors,Khulna,9,18692,3287.65,94.16,23,12,1,5,20,1,3,7,34,No
28,Male,Bachelors,Chittagong,14,126312,19294.79,76.79,8,4,4,4,86,3,6,9,18,No
23,Male,Masters,Barisal,1,62487,3187.09,78.48,17,12,2,5,95,0,9,2,15,No
58,Female,Bachelors,Rajshahi,12,74218,11411.95,81.79,21,26,2,5,79,0,2,9,26,Yes
31,Male,Masters,Rajshahi,10,145221,16603.62,88.47,21,19,4,5,99,2,1,5,11,Yes
37,Male,High School,Rajshahi,9,99762,12548.95,90.05,14,5,3,3,69,2,2,5,47,Yes
34,Other,Masters,Rajshahi,6,97668,13196.42,88.15,18,5,0,1,74,0,2,5,41,Yes
44,Male,Bachelors,Rajshahi,2,41571,6163.7,80.89,22,4,4,2,16,2,6,4,29,No
36,Other,Masters,Barisal,5,67079,3623.49,97.92,13,17,2,1,28,2,10,1,26,No
35,Female,Bachelors,Dhaka,1,115639,19848.04,88.78,9,20,2,2,81,1,10,9,47,Yes
28,Male,PhD,Barisal,2,81339,9754.85,85.96,15,22,3,4,77,2,1,2,11,No
39,Female,Bachelors,Barisal,12,96608,12850.17,87.81,16,2,0,4,52,1,5,5,47,Yes
29,Female,High School,Sylhet,11,145518,24636.58,92.57,23,15,3,4,98,0,3,7,33,No
27,Female,High School,Rajshahi,6,46505,4765.47,78.89,9,15,4,4,31,0,4,7,12,No
40,Male,Bachelors,Rajshahi,4,131743,17953.41,92.43,22,27,1,3,65,0,3,10,47,Yes
23,Male,Masters,Rajshahi,10,110640,22039.26,91.49,24,24,3,2,51,3,2,5,3,Yes
48,Female,Masters,Dhaka,10,24875,1366.44,93.01,8,16,0,4,65,2,2,6,16,Yes
27,Other,Masters,Chittagong,2,69196,13758.29,87.37,22,19,0,4,41,0,3,9,11,No
44,Female,Bachelors,Dhaka,10,67305,7866.36,92.01,8,5,0,5,86,2,6,7,46,Yes
53,Male,Masters,Barisal,6,56242,4767.16,78.9,8,7,0,4,99,1,8,6,45,Yes
54,Male,Bachelors,Rajshahi,12,128674,13018.34,87.84,11,13,0,4,14,3,10,8,17,No
46,Other,PhD,Rajshahi,7,138077,14079.51,77.04,24,23,3,2,50,1,8,10,11,No
27,Female,Masters,Chittagong,1,127508,15384.62,82.28,8,26,1,3,73,1,3,7,36,No
44,Male,Bachelors,Sylhet,12,103592,19548.78,76.02,8,13,4,4,88,3,3,10,10,No
55,Male,Bachelors,Chittagong,4,108429,16671.45,89.08,8,11,2,5,48,3,4,2,26,No
57,Male,High School,Rajshahi,4,61140,6110.36,85.06,21,25,0,5,53,1,3,10,27,No
37,Female,Bachelors,Khulna,13,19622,3561.14,79.64,22,4,2,5,45,0,6,10,24,No
54,Male,Bachelors,Rajshahi,9,140503,18054.83,79.54,23,5,0,4,68,2,3,5,1,No
49,Male,Bachelors,Dhaka,14,131731,9172.93,79.56,15,15,1,5,12,3,10,2,35,No
49,Female,High School,Barisal,11,90328,4758.88,92.94,13,28,1,2,88,3,3,6,10,Yes
41,Female,Masters,Barisal,2,106660,9378.79,86.32,5,21,0,2,54,2,6,3,21,No
23,Female,High School,Khulna,4,68709,4900.94,75.74,9,24,4,2,36,3,5,4,8,No
46,Male,Bachelors,Rajshahi,9,80655,9510.36,93.79,20,23,1,5,21,0,2,7,10,Yes
48,Male,Bachelors,Barisal,13,149805,16104.75,78.03,16,7,1,3,94,2,5,10,24,No
22,Other,Bachelors,Rajshahi,4,92248,7789.37,97.5,24,19,0,1,91,2,10,6,46,Yes
38,Female,Bachelors,Khulna,3,70940,8157.39,84.89,9,1,1,4,39,2,3,9,20,No
40,Female,Bachelors,Khulna,6,69895,12126.08,95.46,13,22,0,4,10,1,4,6,39,No
50,Male,High School,Barisal,14,78661,10568.62,84.16,19,19,4,3,24,0,9,7,12,No
48,Female,Masters,Sylhet,9,117425,7653.99,95.41,18,11,2,3,23,1,1,8,38,No
38,Male,Bachelors,Chittagong,5,69527,10503.9,80.3,21,23,2,1,21,2,1,1,36,Yes
35,Female,Bachelors,Barisal,14,26640,1486.75,76.81,16,26,4,1,53,0,2,5,23,Yes
40,Female,High School,Chittagong,1,119995,23740.09,93.71,12,17,1,3,50,1,4,5,39,No
31,Male,Masters,Sylhet,10,26762,2997.36,94.81,14,12,1,3,97,3,4,5,26,No
57,Male,Bachelors,Dhaka,9,119383,22958.69,98.44,24,22,1,4,69,3,1,1,40,No
32,Male,Masters,Sylhet,4,111587,21967.35,89.78,14,19,1,1,49,3,8,9,5,No
40,Female,Bachelors,Sylhet,4,109519,7002.13,87.4,6,2,3,3,97,0,4,2,9,No
22,Female,Masters,Rajshahi,8,20960,2256.46,98.58,21,28,0,2,56,0,4,7,2,Yes
39,Male,Masters,Barisal,4,73070,8673.26,78.95,16,14,1,1,24,3,5,8,23,No
22,Male,Bachelors,Sylhet,13,104809,17871.67,75.12,23,20,1,2,11,1,9,8,45,Yes
58,Female,Masters,Rajshahi,14,122424,24408.99,99.73,17,1,2,3,37,2,10,2,8,No
50,Male,High School,Sylhet,4,60513,4162.77,83.34,7,5,2,4,99,0,7,4,27,No
53,Female,Masters,Khulna,13,103973,7035.03,75.52,5,9,3,2,69,1,10,3,46,Yes
38,Female,Bachelors,Sylhet,4,144609,17949.64,81.42,22,15,3,5,80,2,4,3,19,No
27,Male,Bachelors,Dhaka,14,24930,4515.03,97.15,19,16,3,4,47,2,8,5,31,No
49,Male,Bachelors,Chittagong,4,35577,2289.02,95.91,17,17,2,1,44,1,3,2,19,No
30,Male,High School,Rajshahi,12,53840,7176.97,76.99,23,11,1,3,52,1,10,8,6,No
27,Female,Bachelors,Barisal,13,37763,3202.55,89.61,9,20,2,4,36,1,4,7,42,Yes
43,Male,Masters,Khulna,2,144863,8734.25,81.22,15,13,4,5,33,1,6,8,30,No
46,Female,Bachelors,Chittagong,11,143181,16506.93,86.88,9,29,2,2,22,3,5,8,21,Yes
31,Female,Bachelors,Rajshahi,1,71909,13012.96,99.08,7,12,2,1,15,2,7,6,20,No
29,Female,Bachelors,Barisal,9,97848,14917.28,77.76,8,5,2,4,93,3,9,9,30,No
48,Female,Bachelors,Rajshahi,10,39177,7178.32,96.63,21,26,0,1,77,1,4,3,43,Yes
36,Female,Bachelors,Barisal,11,59265,4775.73,76.06,11,29,1,4,52,0,7,6,25,No
52,Female,Masters,Barisal,5,23584,2433.31,87.54,20,22,4,2,30,2,9,6,42,Yes
24,Female,Masters,Chittagong,10,16379,1719.29,93.33,21,8,1,2,94,2,3,5,23,Yes
28,Male,High School,Khulna,4,45806,8913.72,77.65,24,29,4,3,31,2,2,1,19,Yes
38,Male,Bachelors,Khulna,2,18396,1115.7,99.89,8,29,0,3,28,1,9,7,22,Yes
48,Female,Masters,Sylhet,6,116856,13913.34,87.08,8,10,3,3,88,2,8,3,22,No
25,Other,Bachelors,Barisal,4,70700,12083.36,93.97,5,4,0,5,14,0,9,6,49,Yes
29,Female,Bachelors,Barisal,3,59216,9236.13,81.68,7,6,1,3,23,1,10,8,33,No
22,Female,High School,Khulna,14,21503,3667.62,92.18,13,25,2,5,50,3,4,8,29,No
34,Male,Masters,Rajshahi,13,96997,9566.24,95.3,22,21,3,3,23,3,3,10,29,No
52,Male,Masters,Barisal,2,118491,17334.63,81.56,21,19,1,2,23,1,3,1,35,No
30,Male,Masters,Sylhet,14,128141,12141.42,80.38,5,28,1,4,55,3,9,5,27,No
50,Male,PhD,Khulna,7,57102,5785.71,92.75,17,26,0,5,30,2,5,3,29,No
49,Female,Masters,Khulna,6,95610,8337.13,92.37,5,22,0,3,62,2,7,9,9,No
32,Male,Masters,Dhaka,14,95798,12997.06,81.03,12,2,3,5,32,2,7,5,35,No
57,Female,Bachelors,Rajshahi,8,25952,1765.01,88.78,8,20,0,2,20,1,4,10,0,No
47,Female,Bachelors,Barisal,4,82920,7265.75,80.37,17,28,3,5,56,1,4,7,17,No
39,Male,PhD,Barisal,14,125010,21565.99,95.9,5,4,3,3,99,0,2,5,19,Yes
50,Male,Masters,Rajshahi,9,25366,2475.44,89.17,20,9,2,2,17,3,5,4,11,No
31,Male,Bachelors,Chittagong,3,18827,1393.07,92.77,6,22,4,3,31,3,10,7,14,No
32,Male,Masters,Dhaka,5,20096,1956.9,87.05,24,28,4,4,10,3,10,4,40,Yes
32,Male,High School,Sylhet,8,66469,5934.73,82.49,8,25,0,2,30,1,4,6,34,No
22,Male,High School,Chittagong,3,61896,11922.26,76.46,11,4,0,5,16,0,5,1,48,Yes
35,Female,Bachelors,Khulna,3,36583,6866.77,93.81,15,25,1,4,32,0,9,9,2,No
47,Other,Bachelors,Khulna,14,80094,5069.16,83.65,16,18,3,4,12,1,3,7,7,No
28,Female,Bachelors,Rajshahi,13,47723,3215.55,98.51,15,5,3,1,17,3,8,6,2,No
55,Male,Masters,Sylhet,6,63573,7189.15,96.09,5,18,4,2,30,2,9,5,8,No
43,Male,High School,Dhaka,11,84709,14044.0,91.32,22,28,3,1,67,2,5,6,40,Yes
24,Male,Bachelors,Barisal,12,24531,2095.01,95.62,8,21,4,5,30,2,2,5,37,Yes
48,Male,Bachelors,Sylhet,10,51083,6972.88,90.61,21,17,4,1,39,3,2,5,2,Yes
22,Male,PhD,Barisal,1,117414,9818.03,80.32,16,16,4,1,23,1,6,7,32,No
59,Female,High School,Rajshahi,6,51654,4881.13,94.19,8,6,4,3,19,1,3,8,47,Yes
42,Female,Bachelors,Sylhet,1,16956,2212.52,84.01,24,21,3,2,39,2,2,7,32,Yes
27,Female,Bachelors,Sylhet,12,38904,3228.13,77.37,22,3,0,5,99,0,6,3,40,No
49,Male,PhD,Chittagong,6,132482,17494.5,87.21,19,27,4,2,34,0,1,1,16,Yes
50,Female,Masters,Sylhet,8,79548,13120.39,81.81,18,18,0,4,88,2,10,3,14,No
29,Male,Masters,Khulna,7,25798,2302.61,80.95,13,10,2,5,72,1,2,6,42,Yes
37,Male,Bachelors,Barisal,11,103499,13699.44,81.34,18,6,2,1,67,3,1,4,44,Yes
40,Female,Bachelors,Chittagong,8,108002,14257.21,94.43,23,8,4,5,53,0,8,4,47,Yes
40,Male,Bachelors,Khulna,6,53187,10420.72,90.58,9,19,4,3,50,3,7,7,18,No
58,Female,Bachelors,Chittagong,14,35147,5640.7,86.5,11,12,2,2,82,0,5,1,19,No
49,Female,Bachelors,Khulna,10,60814,9327.2,75.95,16,26,2,2,64,3,1,5,37,Yes
31,Female,Masters,Barisal,8,100322,10698.35,77.2,10,26,3,3,44,1,9,6,34,No
43,Female,Masters,Barisal,14,69906,13085.03,96.42,5,4,0,1,76,1,3,1,5,No
35,Female,Masters,Chittagong,4,146107,9870.41,85.64,19,24,4,1,67,0,9,9,29,No
39,Female,Masters,Barisal,6,47286,2376.69,86.16,20,16,4,2,49,0,2,9,31,Yes
27,Female,Bachelors,Barisal,9,25681,4955.54,93.04,14,4,1,3,54,3,10,6,25,No
46,Male,High School,Dhaka,3,112174,19374.09,91.43,12,8,2,3,33,0,9,9,9,No
49,Female,Bachelors,Chittagong,6,128216,6733.45,85.31,23,1,2,1,29,2,4,8,10,No
55,Male,Bachelors,Dhaka,3,97652,12831.85,79.47,5,5,4,3,62,2,8,3,16,No
24,Female,Bachelors,Barisal,10,108499,17465.45,85.19,10,13,2,3,52,1,4,4,3,No
48,Male,Masters,Dhaka,11,64367,4536.42,82.71,10,16,4,2,73,3,9,10,48,Yes
41,Male,Bachelors,Dhaka,13,26384,3775.02,75.66,16,16,3,1,37,0,9,8,16,No
59,Female,High School,Rajshahi,13,138762,7755.08,83.07,22,16,1,5,41,3,3,6,32,No
49,Male,Bachelors,Dhaka,11,149273,17347.07,84.97,17,13,2,2,41,1,3,6,1,No
59,Male,Masters,Dhaka,5,60891,11453.74,90.32,23,13,1,2,83,1,2,10,23,Yes
48,Male,Masters,Sylhet,4,95366,10668.89,92.14,17,9,3,3,88,2,10,4,46,Yes
30,Female,Bachelors,Chittagong,1,127754,12679.84,77.11,9,19,4,5,22,0,9,2,8,No
58,Male,Masters,Sylhet,13,50481,8004.47,90.71,20,21,2,5,75,1,10,4,7,No
32,Male,Masters,Barisal,10,139442,27596.37,98.94,11,14,2,2,36,0,5,1,16,No
48,Male,Bachelors,Rajshahi,14,118091,15515.9,88.68,10,20,3,2,81,0,8,2,2,No
55,Male,Masters,Rajshahi,13,21832,1447.73,99.34,18,1,1,3,83,3,9,9,8,No
33,Female,Bachelors,Dhaka,6,43075,6283.24,83.85,16,20,3,5,33,0,5,8,9,No
49,Male,Bachelors,Dhaka,11,74135,11585.3,95.94,9,28,1,4,92,1,9,5,11,No
56,Male,High School,Khulna,12,141351,11916.22,83.91,18,12,2,1,42,2,4,5,44,Yes
56,Female,Bachelors,Dhaka,7,44003,4556.64,75.07,15,29,1,4,23,0,4,4,41,Yes
40,Female,Masters,Dhaka,4,69023,3679.58,80.25,5,22,1,3,26,1,3,10,9,No
30,Male,High School,Sylhet,2,116540,15446.91,94.91,11,9,0,3,73,0,10,3,0,No
52,Male,Bachelors,Sylhet,7,115499,17538.4,84.77,5,13,1,3,66,3,3,4,27,No
54,Male,Masters,Rajshahi,8,27427,3383.42,89.66,8,10,0,3,34,1,7,10,2,No
58,Male,High School,Sylhet,4,44704,4730.35,76.87,8,26,0,2,83,0,9,10,43,Yes
35,Male,Bachelors,Rajshahi,4,59943,9716.87,80.63,14,2,4,1,88,0,7,8,8,No
58,Male,Bachelors,Dhaka,5,20688,3373.03,75.61,14,17,2,5,39,3,5,6,43,Yes
58,Male,High School,Barisal,3,53902,9698.13,85.66,19,24,3,3,29,2,2,5,38,No
57,Other,Bachelors,Sylhet,10,99102,9048.88,87.84,10,6,4,4,60,0,4,6,11,No
49,Male,PhD,Rajshahi,7,55755,11143.74,95.06,5,10,4,3,29,0,4,4,41,Yes
37,Female,Bachelors,Rajshahi,6,94956,7934.01,94.44,7,7,1,5,21,0,6,1,31,No
49,Female,Bachelors,Rajshahi,10,149589,8127.83,92.14,8,18,4,2,27,2,6,9,15,No
35,Male,Bachelors,Chittagong,5,128803,12251.21,98.42,9,7,0,5,52,0,1,8,34,No
35,Male,Bachelors,Barisal,2,40530,3006.78,81.01,22,14,4,5,16,2,3,7,32,No
57,Male,Bachelors,Rajshahi,3,51830,3092.01,89.42,16,28,2,3,39,0,7,6,7,No
53,Male,Bachelors,Rajshahi,6,108001,15754.46,96.32,8,6,1,5,78,1,6,10,0,No
29,Male,High School,Khulna,5,129054,19531.7,87.35,10,3,0,2,36,0,1,2,24,Yes
59,Male,PhD,Chittagong,6,114212,15472.06,92.97,13,17,0,4,15,3,2,7,28,No
48,Female,Bachelors,Sylhet,11,26120,2331.25,92.43,7,16,1,3,80,2,10,5,7,No
30,Male,High School,Rajshahi,4,95647,5254.74,89.99,24,17,0,2,36,2,6,7,11,No
46,Female,Bachelors,Sylhet,9,73345,3874.75,76.99,12,10,0,1,18,3,2,1,0,Yes
28,Female,Bachelors,Chittagong,13,95220,9465.77,86.68,18,26,4,5,50,3,7,8,1,No
33,Male,Bachelors,Barisal,13,45231,6543.82,98.12,19,21,4,4,95,2,3,8,31,No
30,Male,Bachelors,Barisal,4,144719,13325.07,79.66,21,14,1,3,89,1,7,10,13,No
56,Male,Masters,Rajshahi,8,44685,3644.97,96.31,12,16,4,1,98,1,2,8,13,Yes
35,Female,PhD,Khulna,12,39402,3876.04,80.89,20,28,3,3,31,2,10,10,25,No
52,Male,High School,Barisal,4,106531,11639.16,92.67,5,9,1,1,33,3,1,4,33,Yes
46,Male,Masters,Rajshahi,13,26789,4877.79,77.87,22,10,1,1,49,2,3,7,31,No
22,Male,Masters,Rajshahi,9,32080,3952.09,89.07,9,20,4,3,60,3,5,8,45,Yes
46,Male,Bachelors,Rajshahi,7,138673,14899.18,99.08,23,18,4,2,77,1,4,4,15,No
50,Male,Masters,Chittagong,10,44063,8074.8,85.21,8,6,4,3,16,1,5,4,15,No
40,Female,Bachelors,Sylhet,14,74043,13952.41,76.5,5,16,4,5,16,2,10,5,23,No
44,Male,Masters,Khulna,6,28821,4399.22,95.41,5,3,0,4,28,3,3,1,22,No
56,Female,Bachelors,Chittagong,9,51124,5697.27,98.34,23,20,2,1,89,2,10,4,27,No
26,Female,Bachelors,Chittagong,2,20943,2833.69,83.63,15,22,2,4,54,1,9,9,25,No
51,Male,Masters,Chittagong,10,130577,10434.48,91.35,19,25,2,5,32,2,1,7,10,No
33,Male,PhD,Chittagong,7,93906,11530.99,82.73,16,15,4,5,45,3,4,6,22,No
42,Male,Bachelors,Dhaka,11,81582,11874.31,97.23,13,24,1,4,11,1,2,9,7,No
36,Female,Masters,Rajshahi,7,149593,26516.88,85.24,17,26,2,3,53,0,2,4,32,Yes
38,Female,Bachelors,Sylhet,7,44024,3892.66,83.44,21,25,4,3,75,3,5,9,36,No
29,Female,High School,Chittagong,4,40082,3719.67,85.0,8,10,1,4,57,2,4,3,13,No
25,Female,Bachelors,Sylhet,1,129194,15924.79,88.24,19,19,4,1,72,0,9,8,8,No
43,Male,PhD,Rajshahi,5,29579,5910.29,85.68,12,9,0,1,18,0,2,4,35,Yes
24,Female,High School,Sylhet,11,147606,20103.06,81.73,10,14,4,3,50,2,9,5,15,No
43,Male,Bachelors,Barisal,7,123811,8091.52,93.23,14,4,2,2,39,1,3,7,36,No
39,Male,PhD,Chittagong,7,141222,26415.0,98.24,12,14,2,1,15,3,10,9,41,Yes
45,Female,Bachelors,Sylhet,4,27632,2295.52,98.36,5,5,0,4,66,0,1,2,9,No
46,Male,Masters,Dhaka,3,18109,1499.96,83.28,18,1,4,2,86,1,4,6,32,Yes
34,Female,Masters,Barisal,3,84747,14089.65,89.88,17,16,2,3,51,2,1,7,4,No
46,Female,Masters,Khulna,5,86981,17053.91,89.77,20,5,3,4,60,3,10,9,19,No
45,Male,Masters,Chittagong,9,113208,20305.56,81.05,24,3,4,4,15,3,5,6,37,No
35,Male,High School,Dhaka,11,80672,5378.02,87.91,19,8,0,5,27,0,2,5,30,No
39,Female,Bachelors,Dhaka,5,45489,8559.59,90.58,9,9,3,2,30,0,3,7,41,Yes
59,Male,High School,Sylhet,9,49818,7600.92,90.05,13,21,4,3,67,1,10,2,5,No
32,Female,Bachelors,Dhaka,11,16437,2113.61,82.13,21,18,1,3,98,2,6,5,26,No
32,Male,Masters,Dhaka,14,32413,3916.22,78.52,6,18,4,1,74,2,6,6,25,No
28,Male,Bachelors,Khulna,8,108824,7729.08,91.82,21,12,3,2,50,0,6,6,18,No
47,Female,Masters,Barisal,5,119354,16574.59,76.58,10,14,3,4,92,2,9,8,2,No
33,Male,Bachelors,Khulna,5,149476,29874.78,77.62,18,3,3,2,71,1,6,7,40,No
42,Other,Masters,Chittagong,5,42848,4480.06,91.89,19,21,0,1,53,0,4,3,49,Yes
39,Male,Bachelors,Dhaka,13,48678,4128.09,84.38,9,18,0,1,15,0,2,10,13,Yes
47,Male,Bachelors,Sylhet,6,130287,22174.03,82.85,21,15,4,3,28,3,10,3,33,No
27,Male,Bachelors,Rajshahi,6,124960,14295.65,85.36,9,16,1,4,82,1,9,5,1,No
41,Female,Masters,Barisal,2,100242,8072.04,83.5,16,14,1,4,76,3,7,7,25,No
59,Female,Bachelors,Rajshahi,14,115519,17333.68,76.71,18,26,1,1,52,0,5,5,18,Yes
28,Male,Bachelors,Sylhet,4,126481,6982.46,80.43,24,24,3,5,31,3,2,2,28,No
54,Female,Masters,Chittagong,9,143772,10385.6,83.33,18,5,1,1,33,3,7,8,39,No
48,Female,Masters,Khulna,8,147242,13963.6,75.16,6,2,4,5,11,2,7,5,1,No
32,Female,Masters,Chittagong,6,69680,7236.38,96.07,12,17,0,2,27,1,5,10,32,No
43,Female,Masters,Dhaka,5,33130,6397.96,86.25,9,24,4,2,89,2,5,8,2,No
43,Female,Masters,Khulna,5,53989,5525.46,98.24,13,12,3,2,26,3,2,3,41,Yes
34,Male,Masters,Dhaka,8,15275,1862.43,89.23,8,21,2,1,91,1,6,2,21,Yes
22,Female,Bachelors,Khulna,8,16793,1123.57,85.34,9,15,4,5,25,2,2,6,46,Yes
43,Male,Bachelors,Sylhet,6,88137,11643.11,79.42,12,26,2,4,25,1,3,9,18,No
36,Male,High School,Khulna,6,48707,5962.19,81.62,19,27,1,2,54,1,9,8,25,Yes
57,Male,Masters,Chittagong,4,129914,8492.21,88.75,20,29,2,1,83,1,7,8,4,Yes
44,Male,High School,Barisal,2,32477,1869.24,76.91,12,26,1,5,23,1,9,9,5,No
42,Female,Bachelors,Dhaka,14,107914,9672.97,78.1,7,18,2,3,33,3,6,5,15,No
41,Male,Masters,Rajshahi,8,65029,9841.34,77.8,9,27,2,3,47,1,1,3,1,Yes
41,Male,High School,Sylhet,3,27401,1970.31,77.16,24,14,4,5,28,3,5,6,7,No
59,Female,High School,Sylhet,3,15070,1190.04,80.24,9,15,0,1,46,0,6,10,31,Yes
24,Female,Masters,Khulna,2,31573,4996.4,96.09,24,3,1,1,98,1,10,1,45,Yes
44,Male,Bachelors,Rajshahi,7,121072,24205.76,99.58,21,13,1,5,24,1,7,8,45,Yes
34,Female,High School,Rajshahi,4,102393,7000.81,93.82,19,29,3,5,32,0,9,10,8,No
45,Male,Bachelors,Sylhet,8,91073,5741.78,95.61,15,16,0,2,27,3,2,2,25,Yes
34,Male,Bachelors,Sylhet,3,104588,16113.09,78.64,15,29,1,2,73,0,7,1,37,Yes
56,Female,Bachelors,Dhaka,14,148428,19493.38,81.88,22,12,0,4,54,1,2,7,17,No
33,Male,Bachelors,Dhaka,6,58419,10114.55,91.9,24,9,0,4,22,3,6,6,38,No
33,Female,Masters,Dhaka,5,31511,3596.3,78.69,13,2,4,4,91,0,7,2,0,No
26,Male,High School,Sylhet,10,41811,5640.91,96.31,22,19,3,5,83,1,4,5,38,No
41,Male,Masters,Barisal,11,44634,3894.33,77.43,24,28,2,4,85,0,8,4,24,No
57,Male,High School,Chittagong,5,18360,3278.92,91.65,6,9,4,3,72,3,2,1,1,Yes
49,Female,Masters,Khulna,2,136807,6876.91,92.56,6,11,0,2,78,2,4,6,46,Yes
23,Female,Masters,Sylhet,4,141589,8878.21,85.95,24,2,4,4,48,0,5,3,27,No
44,Female,Masters,Sylhet,10,15186,937.08,78.77,19,26,2,3,63,2,7,4,43,Yes
58,Female,PhD,Rajshahi,12,106492,16159.22,87.1,15,10,0,2,34,1,3,5,30,No
47,Male,Bachelors,Khulna,7,37421,6230.54,96.59,24,1,0,2,57,0,5,6,38,No
23,Female,Bachelors,Khulna,10,65962,9986.96,90.66,16,4,4,5,46,2,10,4,40,No
30,Female,Bachelors,Chittagong,1,40666,2977.75,85.6,11,28,3,4,28,1,1,1,46,Yes
40,Female,Bachelors,Rajshahi,2,87066,16159.89,95.08,6,6,1,1,37,1,10,1,1,No
37,Female,Bachelors,Barisal,4,84185,14330.26,93.27,14,12,3,4,51,3,4,7,2,No
27,Female,Bachelors,Rajshahi,12,50318,9584.24,81.97,6,6,2,5,68,2,8,8,26,No
32,Male,Bachelors,Khulna,2,43168,7525.79,94.23,9,20,1,4,59,3,3,9,9,No
44,Male,Masters,Barisal,3,136421,10963.61,77.1,20,23,2,4,32,1,1,9,6,No
27,Other,Masters,Rajshahi,7,17029,1965.32,83.0,19,16,0,3,36,0,8,2,27,No
37,Male,Bachelors,Sylhet,9,65868,11684.6,85.32,6,22,2,4,77,0,8,10,18,No
46,Female,Bachelors,Barisal,5,51354,6416.19,83.61,13,10,1,4,67,0,1,9,28,No
46,Male,Bachelors,Rajshahi,10,145468,17514.31,84.02,5,13,4,5,50,2,8,5,47,Yes
29,Female,High School,Rajshahi,1,94082,14377.97,92.78,9,10,3,2,59,2,8,9,43,Yes
42,Female,High School,Rajshahi,7,100377,14217.26,88.2,9,16,3,1,27,3,3,2,16,No
25,Male,High School,Rajshahi,7,119637,19748.57,98.37,22,25,3,3,94,2,8,8,1,No
35,Female,High School,Barisal,5,88853,13222.47,87.68,19,11,0,4,32,0,7,10,47,Yes
31,Female,Bachelors,Barisal,2,140855,27436.48,81.62,15,5,2,1,34,3,1,1,21,Yes
42,Male,Masters,Barisal,1,76922,10423.86,89.33,21,11,3,5,34,0,3,4,49,Yes
22,Other,High School,Dhaka,14,62197,8692.98,88.56,19,27,1,1,89,3,6,2,29,Yes
27,Male,Bachelors,Barisal,12,139681,23596.03,87.8,22,16,3,2,97,1,8,5,17,No
36,Female,Bachelors,Khulna,3,37087,2053.99,83.06,18,19,4,3,61,1,8,10,25,No
43,Male,High School,Sylhet,7,56394,8167.05,89.21,19,8,0,3,56,2,4,3,7,No
23,Male,Bachelors,Rajshahi,12,47154,7459.22,76.17,5,4,4,3,13,2,6,5,29,No
33,Female,PhD,Dhaka,5,21028,1402.17,96.39,5,10,4,2,15,2,9,6,39,Yes
49,Other,Bachelors,Khulna,2,80051,10660.74,90.04,11,22,3,2,38,2,2,2,11,Yes
46,Male,Bachelors,Barisal,1,104706,20172.98,87.1,17,4,3,3,14,3,2,4,11,No
22,Other,High School,Dhaka,12,58503,5971.88,89.04,14,21,3,2,44,1,10,9,48,Yes
53,Female,Bachelors,Dhaka,3,32997,4050.44,75.79,21,27,1,2,95,3,10,1,10,Yes
58,Male,Bachelors,Dhaka,8,59672,4585.76,88.9,9,23,0,1,93,2,2,6,18,Yes
31,Male,Bachelors,Rajshahi,9,65259,4088.7,81.07,18,4,3,1,41,3,10,3,33,No
50,Male,Bachelors,Chittagong,8,122480,13369.34,78.21,13,25,3,4,78,1,7,5,9,No
52,Male,Bachelors,Barisal,7,120308,11317.26,93.95,12,16,1,4,85,1,3,3,23,No
41,Male,Bachelors,Barisal,4,86658,13713.41,85.45,21,5,1,2,67,0,7,2,3,No
41,Other,High School,Sylhet,1,71786,7162.9,75.7,20,28,0,2,34,1,4,1,31,Yes
51,Female,Masters,Rajshahi,14,79010,10031.93,84.85,12,19,4,5,11,3,1,2,29,No
52,Female,High School,Dhaka,10,132652,25144.98,88.81,17,3,1,3,37,1,7,10,3,No
46,Male,Bachelors,Chittagong,10,110908,17463.01,93.49,19,29,1,1,15,0,10,2,12,Yes
51,Female,Bachelors,Dhaka,10,50018,7597.98,83.37,23,1,0,5,83,3,8,10,9,No
32,Male,Bachelors,Khulna,14,111140,11967.28,76.76,22,24,0,2,14,3,4,5,49,Yes
43,Male,Bachelors,Dhaka,5,22994,4319.57,99.93,6,18,3,1,77,3,3,6,4,No
26,Male,High School,Sylhet,9,132404,7876.58,81.18,23,29,4,5,38,3,3,2,0,No
30,Female,High School,Chittagong,6,56045,10750.45,83.74,10,1,1,4,30,1,8,4,15,No
25,Female,High School,Khulna,2,119238,11546.26,85.03,6,27,0,2,74,0,6,3,31,Yes
33,Male,Masters,Sylhet,6,63001,5631.7,94.24,6,2,3,2,11,3,5,1,14,No
45,Female,Bachelors,Sylhet,3,105139,5433.47,96.12,23,24,2,5,56,2,3,10,4,No
48,Male,High School,Chittagong,10,133975,15720.86,87.92,8,15,1,5,66,3,8,4,41,Yes
24,Male,Masters,Barisal,13,22235,3353.43,95.73,10,19,4,1,18,3,4,10,28,No
54,Female,Bachelors,Khulna,6,119986,6272.1,92.09,12,2,4,4,17,2,2,2,35,No
30,Male,Masters,Dhaka,11,47564,4203.1,79.49,21,12,2,4,72,3,8,10,36,No
49,Female,PhD,Rajshahi,7,91402,9820.26,95.88,17,1,1,5,16,3,4,1,48,Yes
25,Male,Bachelors,Sylhet,7,118548,12451.72,85.76,8,13,0,2,32,2,9,5,45,Yes
44,Female,Bachelors,Chittagong,3,109919,20411.5,96.68,10,1,1,2,60,0,8,2,30,No
33,Male,Bachelors,Dhaka,10,79094,14737.68,83.0,11,25,4,2,27,3,1,10,32,Yes
54,Female,Bachelors,Dhaka,14,119387,22986.2,96.18,7,24,4,1,13,2,2,2,0,Yes
50,Male,Bachelors,Khulna,14,135890,7460.79,99.27,20,6,2,2,47,0,8,4,23,No
36,Male,Bachelors,Rajshahi,3,139697,21099.38,90.59,20,23,0,4,82,3,6,10,1,No
44,Male,Masters,Sylhet,14,89520,14226.93,90.21,9,24,0,2,59,2,1,3,48,Yes
31,Male,Bachelors,Khulna,5,15293,2935.9,93.16,18,19,3,3,20,2,7,9,41,Yes
50,Male,Bachelors,Barisal,6,47747,4271.64,98.04,20,23,1,4,40,0,8,5,22,No
37,Male,Bachelors,Sylhet,12,16734,2064.92,86.66,14,4,3,4,66,3,2,7,10,Yes
52,Male,Bachelors,Rajshahi,12,102409,14169.26,89.75,16,14,2,3,89,3,6,6,49,Yes
52,Female,High School,Khulna,7,93839,13209.86,78.04,5,5,4,1,98,0,5,10,45,Yes
46,Female,Bachelors,Dhaka,7,55787,8721.97,76.39,21,23,1,2,99,3,8,1,47,Yes
39,Other,Bachelors,Sylhet,13,47066,2752.49,85.57,22,16,3,3,34,0,3,3,35,No
44,Female,Masters,Khulna,14,97388,8590.32,96.75,10,1,3,2,64,1,1,9,38,Yes
23,Male,Bachelors,Rajshahi,12,42597,7972.21,79.27,15,24,2,1,21,2,9,8,42,Yes
55,Male,Masters,Sylhet,13,118995,13679.67,76.54,7,19,1,2,27,1,3,5,28,No
33,Male,Bachelors,Rajshahi,7,82228,11826.64,95.21,6,9,0,4,51,3,4,1,45,Yes
24,Female,Bachelors,Rajshahi,12,99243,10731.26,82.98,21,10,0,5,68,3,10,3,20,No
45,Female,Bachelors,Barisal,6,135395,20841.78,82.94,9,28,0,3,58,0,9,4,9,No
37,Male,Bachelors,Khulna,3,119084,16137.22,86.42,24,11,4,4,54,1,6,1,27,No
40,Female,Bachelors,Barisal,8,71185,11177.17,75.64,5,11,0,3,40,3,3,7,36,No
23,Female,Bachelors,Khulna,2,117468,7917.74,97.55,22,21,0,5,31,2,3,9,48,Yes
59,Male,High School,Dhaka,3,141094,22803.25,95.84,21,7,0,4,63,0,1,2,6,No
41,Male,Bachelors,Rajshahi,8,83490,7556.27,82.64,8,2,4,5,40,2,8,3,39,No
41,Female,Bachelors,Sylhet,14,66349,12858.16,85.64,24,18,4,5,28,1,2,5,17,No
34,Male,Masters,Dhaka,7,145224,27997.62,90.68,9,2,0,1,70,2,4,6,2,No
46,Male,High School,Dhaka,11,22551,3417.83,80.37,12,17,4,3,82,3,8,5,45,Yes
42,Male,Bachelors,Barisal,4,25253,4749.42,75.12,21,7,1,5,69,1,1,8,30,No
34,Male,Bachelors,Barisal,3,35741,3687.49,97.23,8,4,0,3,51,0,10,6,31,No
59,Male,Bachelors,Barisal,3,115344,8483.07,95.07,11,25,0,3,46,3,4,4,25,No
39,Male,Bachelors,Sylhet,1,68887,9258.32,94.24,21,19,3,5,50,1,7,9,30,No
48,Female,Bachelors,Rajshahi,9,116030,21670.61,82.85,7,15,4,1,52,3,10,1,38,No
38,Female,Masters,Chittagong,11,94127,10428.3,84.7,11,25,4,3,95,1,8,1,11,No
27,Other,Bachelors,Barisal,3,71268,11138.32,96.15,12,16,0,2,66,1,6,8,30,No
48,Female,Bachelors,Sylhet,5,90381,15182.21,82.83,18,9,2,5,58,2,9,10,47,Yes
53,Female,High School,Sylhet,5,21272,2188.96,91.99,21,18,1,4,60,2,1,4,43,Yes
30,Female,High School,Khulna,8,96348,8162.5,77.9,10,29,3,3,93,1,6,6,23,No
45,Male,High School,Rajshahi,2,51763,4783.66,92.84,23,10,3,5,30,0,7,5,4,No
49,Male,High School,Dhaka,14,65967,8244.62,96.43,11,12,1,2,90,1,2,6,49,Yes
23,Male,Bachelors,Chittagong,2,132655,12607.0,88.34,22,4,3,1,79,1,10,10,2,No
49,Male,High School,Khulna,7,133195,11733.13,81.43,19,7,2,3,42,1,9,7,24,No
29,Female,Bachelors,Sylhet,4,17883,2614.56,97.33,19,26,4,2,98,3,10,1,29,Yes
53,Female,Bachelors,Dhaka,10,71333,8061.71,90.6,20,18,0,4,38,1,8,7,1,No
34,Female,Bachelors,Sylhet,4,54984,5437.45,88.57,23,6,3,2,92,1,10,6,7,No
25,Female,Bachelors,Khulna,1,66584,11478.36,97.19,16,11,1,5,81,2,1,3,23,No
25,Female,High School,Chittagong,2,29738,3993.38,78.84,18,25,4,4,81,1,7,3,10,No
56,Female,Bachelors,Chittagong,2,111934,5783.23,89.71,7,5,1,3,96,2,7,9,13,No
58,Male,Bachelors,Barisal,5,30324,2910.58,75.34,23,6,1,4,11,0,2,9,38,No
39,Male,Bachelors,Rajshahi,14,93490,6169.24,79.92,23,8,0,3,13,0,5,5,33,No
28,Female,Masters,Khulna,5,143901,27773.43,84.37,16,10,3,1,37,2,6,3,14,No
38,Male,Bachelors,Rajshahi,10,68284,11649.0,93.85,10,23,4,2,88,3,7,3,25,No
47,Female,High School,Rajshahi,11,43548,8562.0,95.06,15,4,2,4,45,2,6,10,27,No
51,Female,Bachelors,Barisal,2,59508,3018.45,91.01,12,26,3,5,44,0,6,6,40,No
49,Male,Bachelors,Sylhet,3,96986,7869.66,77.72,14,15,2,5,26,1,3,7,38,No
52,Other,Bachelors,Barisal,2,119820,15871.67,83.8,18,4,3,3,83,1,4,7,26,No
46,Female,Bachelors,Barisal,5,15937,1876.34,85.28,15,28,4,3,47,1,7,1,49,Yes
29,Male,Bachelors,Sylhet,10,24542,1234.93,86.07,17,7,4,5,62,1,1,4,1,No
31,Male,PhD,Chittagong,5,69766,12211.23,97.73,12,2,2,4,57,1,1,1,26,No
22,Male,Bachelors,Chittagong,9,112771,15515.42,81.08,11,12,1,3,62,2,2,1,1,No
44,Male,Masters,Rajshahi,10,94145,10642.05,81.58,9,11,0,3,41,3,4,9,7,No
50,Female,Masters,Sylhet,6,43192,3669.51,96.29,21,22,4,2,64,0,3,4,3,No
56,Male,Masters,Khulna,4,114962,6148.57,85.13,10,15,4,5,17,1,3,5,8,No
38,Other,Bachelors,Sylhet,4,26399,4470.65,88.44,13,16,0,5,68,2,5,2,40,No
53,Male,Masters,Khulna,10,80106,8019.67,81.51,6,3,1,3,64,3,6,2,41,Yes
32,Female,Bachelors,Sylhet,1,118029,18037.73,87.06,16,13,3,4,69,1,1,2,45,Yes
50,Female,Masters,Rajshahi,4,141083,8840.71,83.49,16,28,1,4,24,1,6,4,14,No
50,Male,Masters,Chittagong,6,98251,18489.83,77.01,9,6,0,2,95,1,4,2,0,No
33,Male,High School,Dhaka,6,71256,11203.88,77.19,10,9,0,1,55,0,4,3,7,No
51,Male,Bachelors,Barisal,13,93373,7601.87,85.89,22,5,0,4,34,2,1,3,46,Yes
52,Male,Bachelors,Khulna,2,100644,18124.38,84.08,11,4,2,4,69,1,10,10,5,No
53,Male,Bachelors,Dhaka,9,22586,1955.77,88.19,15,4,3,4,48,2,1,4,48,Yes
49,Female,Bachelors,Sylhet,6,129315,24024.14,75.91,8,20,4,2,82,1,6,5,25,No
57,Female,Bachelors,Rajshahi,9,76451,10865.24,77.55,9,2,3,3,22,0,6,10,26,No
41,Male,Masters,Barisal,5,113685,7514.31,84.62,13,1,4,1,98,1,10,9,14,No
59,Female,Bachelors,Sylhet,3,108228,15791.31,93.18,12,1,2,3,78,0,6,4,33,No
57,Male,Bachelors,Khulna,7,18735,1102.42,80.92,12,6,4,3,28,2,8,5,21,No
40,Female,Bachelors,Khulna,8,50038,8889.04,85.47,5,14,2,1,77,1,6,7,5,No
46,Male,Masters,Dhaka,3,79773,11289.35,93.93,15,27,2,1,99,3,3,7,49,Yes
36,Female,Bachelors,Sylhet,4,72771,8692.98,94.09,8,3,4,3,88,3,8,8,13,No
39,Female,High School,Chittagong,8,145536,16791.69,77.83,24,14,3,4,16,2,3,3,31,No
44,Male,Bachelors,Sylhet,8,15698,902.15,97.47,5,17,2,4,37,3,5,10,24,No
32,Other,Bachelors,Barisal,12,108377,20550.25,95.05,23,23,3,1,61,1,4,5,48,Yes
49,Male,Bachelors,Dhaka,10,91738,11023.93,86.34,11,26,1,2,30,1,1,6,29,Yes
51,Female,High School,Khulna,7,108189,10391.94,76.7,16,5,1,1,97,0,2,4,6,Yes
31,Male,Bachelors,Sylhet,8,19992,3869.06,96.7,15,18,2,4,89,1,2,8,28,Yes
27,Male,Bachelors,Barisal,3,91261,6271.73,79.81,7,16,4,4,38,2,5,3,4,No
58,Female,Masters,Sylhet,5,43077,3514.16,98.19,14,15,2,1,34,3,6,1,44,Yes
34,Female,Bachelors,Khulna,14,79464,11982.31,78.59,17,1,2,4,32,0,4,9,28,No
36,Male,Bachelors,Khulna,7,144575,7782.13,80.56,6,14,4,3,24,1,6,9,47,Yes
54,Female,Bachelors,Sylhet,7,86685,11787.01,90.74,24,14,0,5,72,2,4,7,4,No
31,Male,High School,Barisal,14,114444,13272.33,88.75,9,1,4,2,81,2,10,10,14,No
35,Male,Bachelors,Rajshahi,3,88207,11711.44,88.36,7,26,4,1,24,1,9,2,15,Yes
27,Male,Bachelors,Rajshahi,6,59664,5806.99,81.63,16,1,1,1,71,3,9,1,36,No
24,Female,High School,Chittagong,7,25002,4512.15,75.99,16,13,3,5,10,2,6,4,18,No
40,Male,Bachelors,Sylhet,11,103072,14699.81,80.3,13,9,2,4,45,2,10,9,43,Yes
55,Male,High School,Khulna,2,108309,15213.68,99.93,9,5,1,2,14,1,10,8,27,No
29,Male,High School,Chittagong,4,53550,5169.13,75.58,14,15,4,3,25,3,1,8,16,No
22,Male,Masters,Chittagong,5,109234,20057.6,89.68,15,6,3,5,92,0,9,7,26,No
45,Male,Bachelors,Khulna,5,132297,14444.58,89.23,12,5,4,5,33,2,5,8,28,No
49,Female,High School,Khulna,2,128500,22546.25,80.57,10,17,3,3,42,2,3,10,39,No
48,Male,PhD,Barisal,10,26953,4230.19,88.46,14,15,3,2,32,2,8,9,1,No
36,Female,Bachelors,Chittagong,6,52213,2663.25,91.77,13,10,3,1,78,0,9,9,33,No
57,Male,Bachelors,Dhaka,12,78078,13082.67,76.22,14,23,3,3,57,1,3,10,26,No
55,Male,Bachelors,Chittagong,10,79253,8021.28,92.22,24,9,3,4,22,0,4,2,7,No
59,Male,Masters,Chittagong,6,15833,1862.48,94.51,22,7,1,1,43,2,10,3,14,Yes
27,Female,High School,Rajshahi,5,86390,16500.84,89.04,10,21,0,4,49,1,10,8,22,No
38,Other,Masters,Khulna,2,142889,12363.76,96.22,24,19,4,4,27,2,3,6,20,No
36,Male,PhD,Sylhet,3,94200,16077.95,98.86,19,27,0,2,73,0,6,1,16,Yes
27,Female,Bachelors,Khulna,1,44753,5767.65,81.2,20,5,2,5,81,2,10,6,29,No
31,Female,High School,Sylhet,12,66461,5828.83,86.67,19,22,1,1,63,2,9,5,6,No
37,Female,High School,Barisal,10,55068,4809.17,96.07,12,5,0,3,10,0,6,7,43,Yes
26,Female,Masters,Khulna,2,102966,8002.6,87.63,6,18,2,3,34,0,4,8,38,No
52,Male,High School,Dhaka,13,112974,13634.92,99.62,11,22,0,1,36,3,5,7,3,No
42,Female,High School,Barisal,6,66037,7124.76,95.7,8,3,1,2,94,3,8,4,41,Yes
42,Female,Bachelors,Sylhet,4,70939,7266.38,77.67,22,1,2,2,50,2,7,6,29,No
37,Other,Bachelors,Sylhet,5,147375,17903.95,86.66,12,8,2,5,40,3,9,2,17,No
33,Female,Bachelors,Sylhet,9,122435,21613.5,79.16,11,9,3,1,69,0,2,9,28,Yes
26,Male,Masters,Barisal,5,147430,9305.53,94.93,14,5,3,5,38,0,1,7,19,No
43,Male,Bachelors,Dhaka,12,146430,23285.46,94.83,9,1,0,2,54,0,5,9,32,No
50,Male,Masters,Barisal,5,135556,10409.81,79.65,19,12,3,5,37,1,1,3,35,No
38,Male,Masters,Rajshahi,2,106637,21245.73,80.46,23,17,1,2,66,0,8,9,36,No
26,Female,Bachelors,Rajshahi,3,77360,4946.45,95.75,15,28,2,5,76,3,1,7,43,Yes
40,Male,High School,Barisal,7,100249,9373.2,88.21,21,11,3,5,71,0,1,6,2,No
36,Other,Masters,Chittagong,12,91078,8055.94,98.99,20,13,0,5,86,1,9,9,32,No
40,Female,High School,Khulna,2,45632,8197.56,80.66,7,19,4,2,91,3,10,6,4,No
47,Female,Bachelors,Rajshahi,9,38342,4894.8,90.69,14,25,1,3,35,3,4,10,42,Yes
22,Female,Bachelors,Dhaka,2,105647,10311.6,81.28,14,7,3,5,21,3,3,10,20,No
56,Female,High School,Khulna,9,88316,10243.8,98.02,16,18,0,4,67,2,8,1,31,No
43,Male,Bachelors,Sylhet,2,48204,2700.16,95.73,16,23,0,3,44,3,6,7,26,No
56,Male,Masters,Dhaka,10,76747,7927.35,93.66,18,13,4,4,61,2,8,3,44,Yes
36,Female,Bachelors,Dhaka,14,82572,4656.13,92.55,18,29,2,2,88,1,6,9,31,Yes
50,Male,Masters,Barisal,11,24764,2284.1,77.19,5,12,2,3,14,0,9,7,42,Yes
43,Male,Bachelors,Rajshahi,11,110796,14125.6,92.55,8,28,0,4,84,2,3,8,29,No
54,Female,Bachelors,Barisal,5,139771,7279.32,81.93,20,11,0,1,95,2,9,10,35,No
30,Male,Bachelors,Khulna,6,42412,8196.05,75.41,12,20,1,5,33,0,2,5,28,No
37,Male,Bachelors,Dhaka,10,46400,8681.57,83.29,22,4,4,2,50,3,6,8,2,No
47,Female,High School,Barisal,4,62818,10845.72,91.63,7,16,2,2,62,2,8,1,47,Yes
29,Female,Bachelors,Sylhet,3,34768,4180.33,90.3,10,26,0,4,25,3,1,4,22,Yes
31,Male,Bachelors,Dhaka,11,89463,13470.81,99.48,21,20,0,5,38,0,10,3,12,No
47,Male,Masters,Khulna,12,64594,9723.2,86.9,8,9,4,2,25,3,1,9,15,Yes
24,Male,High School,Dhaka,10,89713,5369.79,96.09,19,17,3,1,23,3,8,2,11,No
25,Male,Masters,Barisal,4,78207,10588.6,92.71,16,15,3,5,27,3,8,1,49,Yes
43,Female,High School,Khulna,13,62125,9584.8,92.41,22,1,3,4,84,0,1,6,26,No
56,Female,PhD,Dhaka,5,100049,18740.5,78.0,22,12,3,1,54,0,5,5,44,Yes
31,Female,Bachelors,Chittagong,4,125060,13676.74,86.6,7,7,4,1,20,0,6,7,5,No
37,Male,Masters,Sylhet,5,98977,11398.89,97.42,7,20,4,4,77,1,5,3,10,No
39,Female,Bachelors,Chittagong,3,89962,15815.66,93.8,22,6,0,2,59,3,7,6,4,No
54,Female,High School,Khulna,3,104999,11170.34,83.82,15,1,1,2,28,0,2,8,9,Yes
56,Male,PhD,Sylhet,3,80209,9777.78,77.02,8,1,1,2,32,1,3,4,16,No
55,Male,Masters,Rajshahi,5,34189,6652.71,75.71,19,29,4,5,77,2,4,3,30,No
55,Female,High School,Khulna,14,70068,4822.37,81.99,16,12,2,4,12,2,5,9,17,No
51,Female,High School,Sylhet,8,68828,12969.24,97.1,12,12,3,4,94,1,7,10,33,No
37,Female,Masters,Chittagong,11,137737,24142.93,85.41,7,4,1,4,62,1,3,3,19,No
53,Male,Bachelors,Sylhet,13,135215,18866.79,90.25,7,25,3,3,70,0,5,4,15,No
54,Other,Bachelors,Rajshahi,14,81568,13825.9,87.17,23,16,3,3,38,1,10,6,41,Yes
56,Male,Bachelors,Dhaka,12,99362,19361.84,76.79,20,2,0,5,58,2,4,7,23,No
58,Male,High School,Khulna,6,69126,10695.8,83.28,24,25,0,2,71,3,3,6,49,Yes
50,Female,Masters,Sylhet,9,139260,26405.76,83.82,12,1,4,3,37,3,10,4,23,No
34,Male,Masters,Khulna,6,48678,3666.99,75.04,23,11,3,3,87,3,3,5,45,Yes
38,Other,Masters,Sylhet,8,17929,2465.37,90.4,24,12,1,4,93,3,9,10,3,No
42,Male,High School,Chittagong,7,48025,3862.47,85.15,18,17,0,5,13,2,9,8,7,No
56,Other,PhD,Khulna,4,42773,7492.73,90.19,19,6,1,4,31,2,4,3,22,No
48,Female,High School,Barisal,10,119341,10359.4,85.17,19,26,1,1,56,2,4,8,9,Yes
41,Male,Masters,Rajshahi,4,148318,13104.88,95.1,21,26,3,5,65,0,6,3,20,No
29,Female,High School,Chittagong,14,16051,1183.98,88.95,17,21,0,5,71,2,2,9,23,Yes
52,Female,Bachelors,Khulna,10,21762,2769.87,98.55,5,25,0,5,23,0,8,5,45,Yes
51,Female,Bachelors,Khulna,7,73162,6781.64,90.51,24,16,0,2,34,0,2,6,12,Yes
42,Male,PhD,Dhaka,12,137690,18479.44,88.46,24,4,0,5,86,3,9,1,48,Yes
28,Female,Masters,Rajshahi,2,93802,15075.37,90.63,11,20,2,1,93,3,9,10,34,No
44,Female,PhD,Barisal,8,137492,23115.02,88.21,6,21,0,4,58,2,10,5,34,No
30,Male,Masters,Chittagong,4,72899,12058.39,94.5,6,12,1,4,61,2,9,5,9,No
28,Male,Bachelors,Khulna,11,146348,19260.47,88.53,20,9,2,5,94,3,6,2,11,No
48,Male,Bachelors,Barisal,7,112818,10848.69,86.02,10,19,3,2,62,1,4,1,21,No
34,Male,Masters,Barisal,4,129574,10735.71,78.61,15,14,3,5,81,0,5,4,26,No
41,Female,Bachelors,Sylhet,4,23190,1190.81,83.53,12,22,0,4,18,1,10,9,2,No
22,Female,Bachelors,Rajshahi,8,28343,2365.75,97.79,16,21,1,2,74,1,7,8,23,No
57,Male,Bachelors,Chittagong,10,16146,1848.11,81.47,10,20,2,2,44,3,10,4,44,Yes
50,Female,Masters,Chittagong,3,96270,12032.81,78.79,24,11,3,4,13,1,10,2,31,No
29,Female,Masters,Rajshahi,10,62532,5730.12,84.36,24,12,3,2,27,3,7,5,42,Yes
26,Female,High School,Sylhet,4,140429,25240.88,94.6,16,16,1,4,29,3,8,7,42,Yes
26,Female,High School,Barisal,4,92407,7346.01,87.09,23,6,2,3,66,1,9,6,10,No
30,Male,Masters,Khulna,6,88954,17096.39,93.03,11,5,1,1,64,1,3,5,16,No
56,Male,Bachelors,Dhaka,5,40544,3800.3,79.03,11,11,2,1,11,0,2,5,3,Yes
53,Other,Masters,Rajshahi,3,79318,15180.3,90.33,5,5,3,1,34,3,8,3,39,No
59,Male,Bachelors,Khulna,11,27033,5321.29,81.04,6,1,4,4,16,2,8,7,32,No
44,Male,Bachelors,Khulna,12,98734,13865.47,95.2,21,27,3,4,24,1,4,7,29,No
37,Female,High School,Rajshahi,6,91276,9817.37,86.65,10,18,4,4,82,0,9,2,12,No
30,Male,High School,Dhaka,6,133072,14301.13,83.46,22,5,0,1,30,2,10,6,22,No
39,Female,Bachelors,Khulna,1,15813,1319.91,98.97,16,10,4,3,16,3,1,7,28,Yes
27,Female,Masters,Sylhet,14,45761,8068.63,75.77,13,11,1,3,22,2,9,1,25,No
51,Male,High School,Dhaka,1,71625,4796.1,97.27,12,24,2,3,24,0,10,10,36,No
37,Female,Bachelors,Sylhet,12,136198,13881.99,97.74,13,27,1,3,36,2,9,6,17,No
44,Male,Bachelors,Sylhet,9,62222,10342.99,88.31,21,15,1,1,35,1,8,5,23,No
56,Male,High School,Chittagong,4,117321,20292.88,83.58,24,18,1,4,87,3,10,3,48,Yes
23,Male,PhD,Khulna,6,43441,7559.31,89.99,19,13,3,2,49,1,10,1,34,No
31,Female,Masters,Sylhet,2,146387,16282.3,77.62,16,28,4,4,27,2,6,10,16,No
27,Male,Masters,Rajshahi,1,83061,13122.71,98.23,14,10,1,1,74,0,2,3,41,Yes
49,Male,Bachelors,Barisal,12,111290,15246.56,91.09,11,23,1,4,26,3,6,1,36,No
55,Female,Masters,Khulna,13,106964,14100.01,89.23,22,17,3,4,54,3,10,7,34,No
54,Female,PhD,Sylhet,12,92956,13337.47,93.55,7,19,4,4,82,1,1,1,22,No
45,Female,Bachelors,Sylhet,12,35164,4459.09,85.77,19,18,3,1,77,1,6,2,18,No
48,Male,PhD,Sylhet,12,37559,5709.37,97.47,6,14,1,2,10,0,3,10,10,No
28,Male,Bachelors,Sylhet,8,94303,15218.74,98.06,6,29,0,4,12,1,10,8,34,No
58,Female,Bachelors,Rajshahi,12,66344,10794.16,86.58,21,22,1,3,24,0,5,6,18,No
34,Male,Bachelors,Sylhet,11,122501,10646.64,83.16,14,9,1,4,80,2,6,3,40,No
40,Male,Bachelors,Sylhet,4,62926,3757.46,91.51,12,6,1,2,39,2,4,2,15,No
30,Female,Bachelors,Dhaka,4,126594,14125.38,96.95,7,12,0,3,12,1,10,9,39,No
25,Male,High School,Rajshahi,1,120894,17414.07,95.56,16,24,2,2,69,0,6,7,26,No
30,Male,High School,Barisal,13,125901,10907.08,91.99,6,22,3,4,37,0,6,9,2,No
46,Female,Bachelors,Dhaka,13,148384,25099.79,92.94,23,7,3,5,97,2,9,7,3,No
49,Female,Masters,Rajshahi,1,32509,3479.42,76.83,17,21,0,1,77,0,8,6,10,No
29,Female,Bachelors,Chittagong,6,116392,21752.75,88.98,22,23,2,4,47,3,3,9,20,No
23,Female,High School,Barisal,4,142265,21761.8,99.2,13,8,0,5,97,1,3,8,32,No
42,Female,Bachelors,Rajshahi,2,45737,6041.26,87.66,8,4,4,3,98,2,8,8,14,No
30,Male,High School,Rajshahi,9,119760,19093.95,93.33,5,20,2,1,97,3,9,1,7,No
41,Male,High School,Dhaka,2,29502,4309.49,82.67,6,15,4,1,75,3,5,8,12,No
33,Male,Bachelors,Rajshahi,4,23988,4528.15,94.18,23,18,2,3,57,0,3,8,37,No
37,Male,Bachelors,Chittagong,3,123779,12749.23,76.19,23,17,0,3,40,1,8,6,8,No
52,Female,High School,Dhaka,6,106659,17385.93,76.82,5,11,1,3,57,3,4,10,1,No
48,Female,Masters,Sylhet,12,118146,13522.41,75.44,14,8,1,3,42,1,9,10,16,No
37,Female,High School,Barisal,13,72578,3806.94,87.97,14,21,0,3,42,2,4,5,9,No
40,Female,High School,Dhaka,8,26046,3525.2,95.82,16,19,2,5,80,0,1,9,46,Yes
41,Male,Bachelors,Dhaka,3,144075,21501.25,88.8,15,11,3,3,52,2,5,4,45,Yes
22,Male,Masters,Dhaka,9,38442,6265.47,94.28,23,4,2,3,93,3,9,6,45,Yes
23,Male,High School,Rajshahi,2,31014,2342.93,90.79,15,18,0,5,10,0,8,2,41,Yes
45,Male,Masters,Rajshahi,7,140541,11760.11,92.49,13,2,1,3,68,2,6,1,26,No
38,Female,Bachelors,Sylhet,13,33217,3706.01,91.81,9,15,4,4,88,1,4,2,27,No
34,Female,Bachelors,Chittagong,1,38630,2975.46,99.75,24,2,1,5,88,3,5,10,35,No
33,Male,High School,Barisal,2,77255,15167.9,92.36,18,20,2,2,68,1,4,9,23,No
56,Male,Masters,Chittagong,5,119816,6964.05,96.34,14,14,3,4,86,3,2,7,14,No
52,Female,Bachelors,Barisal,9,99448,15085.06,95.95,10,9,4,2,52,1,10,9,7,No
38,Male,Bachelors,Chittagong,8,115164,22099.8,89.76,19,29,4,5,80,3,6,10,30,No
55,Male,Bachelors,Sylhet,5,144503,20062.48,83.99,24,22,3,5,70,3,8,10,42,Yes
22,Female,Masters,Chittagong,11,115447,22705.0,82.57,8,24,0,5,91,1,3,6,31,No
29,Male,Bachelors,Sylhet,5,147130,14397.34,81.99,21,13,1,3,15,0,8,6,18,No
44,Female,High School,Dhaka,10,72444,13692.75,91.78,21,15,2,5,61,0,1,6,20,No
57,Other,High School,Khulna,9,117311,20092.59,77.23,22,19,0,3,56,2,3,9,12,No
27,Male,Masters,Rajshahi,13,111910,6266.57,83.96,19,28,1,2,56,1,6,2,6,Yes
57,Male,Masters,Chittagong,2,47152,3280.26,94.81,20,7,0,2,23,1,5,1,20,No
30,Male,Bachelors,Sylhet,10,24995,3566.83,92.49,19,9,0,4,47,3,6,10,17,No
46,Female,Masters,Dhaka,13,127917,24478.69,97.87,9,12,3,3,20,1,7,1,32,No
25,Male,Bachelors,Khulna,1,135743,24459.78,82.82,9,27,4,3,19,1,8,5,30,No
29,Male,Bachelors,Sylhet,3,105168,16420.24,77.14,14,7,0,5,35,1,2,1,43,Yes
57,Male,High School,Dhaka,4,109323,20267.54,82.36,20,19,4,2,76,2,4,9,37,No
57,Male,Bachelors,Rajshahi,10,99248,5893.28,93.72,16,27,3,3,20,0,3,1,14,No
29,Female,Masters,Chittagong,14,145993,13286.79,84.75,16,15,0,2,43,0,9,10,26,No
37,Other,Bachelors,Chittagong,9,67311,13310.97,89.56,17,18,2,3,41,2,9,7,44,Yes
40,Male,Bachelors,Rajshahi,13,42913,4533.4,85.63,23,16,1,5,98,0,3,3,45,Yes
58,Female,Masters,Sylhet,3,112110,11703.32,95.99,6,29,2,4,43,1,8,2,25,No
24,Female,Bachelors,Sylhet,12,70001,7161.27,93.5,22,24,1,1,33,1,9,6,38,No
29,Other,Masters,Chittagong,14,54515,4128.83,90.89,5,17,4,2,49,3,6,6,44,Yes
59,Male,Bachelors,Khulna,14,88600,13180.54,91.77,23,28,1,4,75,1,2,10,2,Yes
55,Female,PhD,Khulna,13,124707,10811.46,86.99,8,28,3,2,59,1,2,1,45,Yes
26,Female,Bachelors,Sylhet,4,85169,15462.87,85.31,15,12,3,5,22,1,4,9,17,No
23,Male,PhD,Khulna,12,128205,13710.65,93.09,8,23,0,3,72,0,7,5,46,Yes
26,Female,Masters,Sylhet,14,44687,8637.14,82.29,22,4,4,5,37,0,9,2,40,No
48,Male,Bachelors,Chittagong,13,23951,2247.12,75.36,23,10,4,4,50,2,4,8,21,No
56,Female,Bachelors,Khulna,6,121910,12866.81,76.89,18,4,3,4,51,2,8,6,28,No
41,Female,Bachelors,Rajshahi,2,43393,3494.33,81.83,8,10,3,1,13,2,3,4,11,No
35,Other,Masters,Khulna,7,46171,8351.08,89.16,21,9,0,1,20,3,10,5,11,No
24,Male,Masters,Barisal,8,126651,22716.11,90.51,9,1,3,2,13,3,3,8,2,No
55,Male,High School,Barisal,5,45304,4160.96,87.09,16,13,4,2,47,2,7,7,40,No
55,Female,Masters,Khulna,11,147768,17214.24,89.42,7,17,1,4,36,2,3,5,7,No
22,Female,High School,Chittagong,10,37695,4727.87,90.2,20,20,3,3,30,2,2,2,28,No
25,Male,High School,Chittagong,11,66260,7587.86,84.69,9,28,1,2,75,2,8,7,42,Yes
42,Male,High School,Barisal,9,137892,24332.75,81.75,7,21,4,5,11,0,2,6,7,No
24,Female,Bachelors,Rajshahi,3,44228,6052.88,91.95,9,1,3,4,57,3,6,6,16,No
33,Female,Bachelors,Sylhet,2,83838,5435.43,93.89,12,14,0,4,94,3,10,6,42,Yes
25,Male,Bachelors,Khulna,5,44172,4403.18,88.02,17,10,1,5,31,3,3,10,9,No
26,Male,Bachelors,Sylhet,5,75935,10663.99,90.8,22,22,4,2,55,0,10,9,2,No
46,Male,High School,Rajshahi,14,26532,2465.65,93.13,19,7,3,4,26,0,7,5,36,No
29,Female,Bachelors,Khulna,10,141476,9018.47,83.36,14,21,4,1,53,0,3,6,47,Yes
42,Female,Masters,Chittagong,13,107638,9120.61,94.43,7,11,1,4,55,2,9,7,24,No
41,Male,High School,Khulna,10,84324,6066.55,85.9,11,25,0,2,52,1,7,2,47,Yes
55,Male,Bachelors,Sylhet,2,56118,3297.76,98.72,7,12,4,1,30,0,9,6,47,Yes
26,Other,Bachelors,Khulna,8,104084,11703.18,76.12,9,17,4,2,93,1,9,3,36,No
40,Female,Masters,Sylhet,3,24550,1304.02,76.53,21,10,1,1,75,2,10,2,42,Yes
39,Female,Bachelors,Rajshahi,6,39191,7497.61,82.71,11,1,2,2,64,3,9,5,46,Yes
22,Female,Bachelors,Rajshahi,5,25002,3127.01,98.67,23,1,4,4,43,0,8,7,25,No
54,Female,Masters,Dhaka,12,20118,1249.75,86.05,7,16,0,1,12,2,8,4,21,Yes
30,Male,PhD,Khulna,3,113528,20775.81,98.36,18,24,4,1,88,2,5,2,11,No
34,Other,Bachelors,Khulna,12,144768,16389.21,84.87,18,10,0,3,33,0,9,5,43,Yes
57,Male,Bachelors,Khulna,9,93995,5856.84,81.17,12,22,4,5,69,2,3,10,25,No
42,Female,Bachelors,Sylhet,2,53950,6542.54,75.65,9,16,4,5,84,0,6,8,47,Yes
32,Male,Bachelors,Barisal,5,36723,3199.01,99.88,15,16,0,5,61,2,8,4,14,No
45,Female,Bachelors,Chittagong,1,143932,9811.22,90.88,22,3,4,3,19,1,9,9,3,No
24,Male,Bachelors,Sylhet,3,59329,6262.87,96.53,22,10,4,4,12,1,1,2,28,No
52,Other,High School,Barisal,14,21366,1871.46,93.35,20,20,3,5,59,3,5,4,33,No
42,Male,Masters,Rajshahi,7,148054,10011.5,87.35,6,19,3,3,40,2,5,3,32,No
30,Female,High School,Barisal,3,30864,6072.52,75.02,8,26,0,4,51,2,1,10,3,Yes
35,Female,High School,Rajshahi,7,138158,20469.75,95.01,16,2,4,3,26,2,5,10,21,No
40,Female,Bachelors,Barisal,9,68718,12103.79,86.78,15,19,3,4,83,1,3,2,40,No
58,Female,Bachelors,Rajshahi,1,39741,6566.88,93.36,15,12,3,2,90,0,9,5,23,No
34,Male,Bachelors,Sylhet,3,118197,19750.88,91.99,15,6,4,4,81,1,3,9,3,No
37,Female,Bachelors,Dhaka,12,41747,4615.13,91.9,23,14,4,3,53,1,4,2,3,No
33,Male,Bachelors,Chittagong,13,58679,11389.72,96.79,10,15,2,3,50,2,1,1,15,No
30,Male,High School,Dhaka,14,96703,12401.33,96.97,13,1,4,1,93,1,9,5,29,No
44,Male,Bachelors,Khulna,2,43270,4457.55,76.69,16,2,1,1,10,1,7,7,30,No
40,Male,Masters,Sylhet,3,120843,9472.7,99.69,20,23,4,4,28,1,1,3,26,No
48,Male,High School,Rajshahi,14,131713,13081.46,87.42,22,6,1,2,71,1,7,4,27,No
40,Male,Masters,Dhaka,2,118696,17472.88,78.4,9,5,0,4,75,3,2,6,45,Yes
49,Female,Bachelors,Khulna,14,43082,6637.87,94.49,9,19,1,1,71,3,4,9,4,No
27,Female,Bachelors,Barisal,6,84742,9073.25,90.76,23,6,0,3,45,2,5,2,12,No
22,Female,Masters,Khulna,1,27169,4398.6,80.25,5,19,2,4,68,1,8,7,48,Yes
44,Female,Bachelors,Khulna,11,69161,13612.29,86.96,19,19,0,2,46,1,8,5,9,No
43,Female,Bachelors,Sylhet,9,21325,3498.44,77.71,18,16,2,2,90,1,10,6,22,Yes
26,Male,PhD,Chittagong,12,34204,2802.79,93.0,14,14,2,1,93,3,8,8,6,No
30,Male,Bachelors,Khulna,12,63665,5817.1,90.4,14,9,2,5,36,0,4,2,20,No
43,Female,Bachelors,Chittagong,1,120530,8117.9,80.44,13,17,0,2,51,0,8,2,42,Yes
35,Female,Bachelors,Khulna,11,90286,6545.02,90.35,9,10,3,4,80,0,3,9,40,No
31,Male,Masters,Khulna,12,51586,7631.65,81.6,18,4,0,5,53,0,4,4,17,No
37,Male,Bachelors,Khulna,9,62564,3713.64,81.95,5,12,2,5,78,3,9,5,26,No
50,Other,Masters,Khulna,13,125147,21796.74,92.06,12,3,0,3,66,2,10,2,23,No
53,Other,Masters,Barisal,11,72946,12164.11,78.02,17,11,4,1,67,3,4,10,6,No
51,Male,Bachelors,Barisal,3,103655,10937.24,80.33,20,27,0,5,31,0,6,4,9,No
41,Female,Bachelors,Sylhet,11,60800,4804.98,93.06,20,4,2,4,34,1,2,10,0,No
32,Male,Bachelors,Dhaka,5,23765,4052.48,96.05,19,9,4,2,52,1,10,7,36,No
29,Female,Bachelors,Rajshahi,12,65846,11234.42,94.41,22,7,2,4,26,1,3,1,41,Yes
27,Female,Bachelors,Chittagong,11,19232,1644.03,96.16,8,27,4,2,38,3,9,10,14,Yes
58,Female,High School,Dhaka,13,69156,10455.05,83.84,23,27,4,3,11,0,6,1,1,No
40,Male,Masters,Dhaka,11,104591,20468.51,96.03,21,16,1,4,23,0,5,3,23,No
43,Male,PhD,Chittagong,4,21400,2985.68,94.1,15,3,1,1,66,2,4,3,29,Yes
55,Female,Bachelors,Barisal,5,35971,5951.94,84.74,19,19,4,4,64,2,8,1,21,No
43,Male,Bachelors,Khulna,14,82063,10407.22,83.88,23,21,2,5,39,0,8,3,35,No
55,Male,Masters,Rajshahi,4,133075,10933.37,91.84,20,9,2,1,59,0,5,3,30,No
42,Male,Masters,Chittagong,2,21093,1691.56,84.57,17,22,3,1,97,2,6,9,27,Yes
46,Male,Masters,Rajshahi,12,88182,4412.69,81.75,22,21,4,1,21,1,2,2,19,Yes
56,Male,Bachelors,Sylhet,11,149345,20565.77,91.27,11,4,2,1,36,1,4,6,47,Yes
58,Female,Bachelors,Khulna,1,61986,10659.71,88.89,7,26,3,1,91,1,10,6,32,Yes
36,Female,Masters,Dhaka,5,48494,3394.17,89.3,24,27,3,2,71,0,8,1,14,Yes
54,Other,Bachelors,Chittagong,3,98551,18393.69,83.84,16,3,1,1,22,0,9,1,42,Yes
58,Male,Masters,Sylhet,13,81601,7865.83,99.71,6,28,2,5,38,1,9,7,10,No
30,Male,Masters,Sylhet,9,25716,2676.37,90.2,17,23,4,1,34,1,7,9,39,No
35,Male,Bachelors,Dhaka,13,99547,7019.81,89.05,16,21,3,4,25,1,6,5,29,No
48,Female,Masters,Dhaka,14,121366,9303.95,99.4,17,23,1,2,38,3,9,10,41,Yes
52,Male,Bachelors,Khulna,13,58205,11287.54,90.57,5,19,4,1,61,3,7,5,24,No
22,Male,Masters,Chittagong,12,17339,1634.19,75.97,18,12,1,5,97,3,6,9,32,No
45,Male,High School,Sylhet,1,129350,11860.74,81.04,17,9,3,1,52,3,2,7,25,Yes
22,Male,Bachelors,Sylhet,2,80385,7066.15,95.42,8,24,2,1,17,1,3,9,36,No
53,Male,High School,Khulna,3,22746,4131.12,76.73,11,11,1,1,65,0,8,8,12,No
46,Female,Bachelors,Dhaka,10,70952,5989.9,89.9,6,13,3,3,50,3,7,7,9,No
53,Male,High School,Rajshahi,11,59095,9052.65,76.96,6,6,0,2,44,0,3,8,17,No
57,Male,Bachelors,Barisal,5,122622,22872.19,84.43,10,11,1,4,51,1,5,6,9,No
42,Male,Masters,Dhaka,5,84987,8197.59,92.56,17,14,1,4,35,2,4,10,46,Yes
49,Female,Bachelors,Sylhet,11,86031,10941.61,87.81,23,24,1,4,72,3,8,7,5,No
34,Female,Masters,Khulna,10,125207,24401.32,97.05,20,9,2,3,51,1,1,6,30,No
34,Male,Bachelors,Sylhet,14,63130,3848.25,82.76,12,16,3,5,96,1,5,7,27,No
41,Female,Bachelors,Barisal,14,95441,7925.44,97.97,15,9,0,4,59,3,4,7,6,No
33,Male,Masters,Sylhet,2,129803,7531.28,78.85,14,12,1,1,19,0,4,2,19,No
59,Female,Bachelors,Rajshahi,11,76864,8367.15,95.81,11,18,0,5,26,0,6,10,25,No
30,Female,Bachelors,Dhaka,7,87179,11644.51,92.38,19,26,1,3,59,3,10,7,32,No
50,Male,Masters,Sylhet,5,36252,6511.88,89.79,19,1,4,4,53,2,7,8,14,No
24,Male,Bachelors,Chittagong,5,60528,6058.48,75.97,23,23,4,4,99,3,7,3,7,No
22,Male,Bachelors,Dhaka,9,20183,2011.07,83.7,22,17,0,4,85,2,3,4,36,No
48,Female,Bachelors,Dhaka,7,110557,12508.68,91.63,14,1,3,4,51,3,1,10,26,No
35,Male,Bachelors,Dhaka,3,22158,2163.59,76.01,7,11,2,3,33,3,3,8,1,No
26,Male,Bachelors,Rajshahi,7,97867,7740.42,92.28,9,26,3,4,73,3,7,6,28,No
35,Male,Bachelors,Sylhet,12,135291,24705.41,96.14,8,15,2,1,27,1,4,3,3,No
30,Male,PhD,Rajshahi,4,101420,16155.6,98.99,19,3,4,4,13,3,1,8,49,Yes
41,Female,Masters,Rajshahi,11,121376,10879.51,80.17,5,11,3,2,42,3,6,9,0,No
37,Male,Masters,Rajshahi,5,71614,7876.77,98.84,15,10,3,3,93,2,1,8,9,No
42,Female,Bachelors,Khulna,7,28400,4479.59,90.89,6,23,1,5,90,2,6,4,34,No
22,Male,High School,Barisal,13,115818,20118.83,80.47,9,3,1,3,80,0,5,9,19,No
50,Female,Masters,Rajshahi,7,36732,7075.84,85.21,24,22,2,2,27,3,9,9,8,No
38,Female,Bachelors,Khulna,7,107948,8979.12,78.54,19,18,4,2,21,2,5,8,13,No
28,Female,PhD,Barisal,8,111705,6205.92,88.87,16,6,0,5,30,1,5,6,11,No
48,Male,Bachelors,Barisal,4,54001,2817.72,98.06,13,7,0,1,41,2,2,3,19,Yes
26,Male,Bachelors,Barisal,3,36961,5228.11,90.55,7,24,3,5,56,3,8,7,1,No
47,Male,Bachelors,Khulna,12,51040,4320.77,99.99,22,21,0,4,30,1,6,10,1,No
37,Female,Bachelors,Khulna,13,21581,1137.39,97.31,12,8,1,2,23,2,9,6,44,Yes
50,Female,High School,Chittagong,7,92339,14067.04,90.99,6,11,1,3,93,2,5,1,41,Yes
36,Male,High School,Rajshahi,5,143081,18187.84,97.52,22,11,2,2,92,0,4,10,44,Yes
50,Female,Bachelors,Dhaka,5,114324,9619.0,83.96,15,23,3,2,37,2,8,1,20,No
34,Female,Bachelors,Rajshahi,9,104534,15870.58,95.32,20,21,4,4,62,1,2,2,0,No
39,Male,High School,Dhaka,7,53147,4496.72,88.63,15,16,3,1,49,3,2,5,41,Yes
24,Male,Bachelors,Chittagong,13,22891,3245.2,85.53,15,17,2,3,58,3,6,2,36,No
40,Male,Masters,Chittagong,5,67905,7594.3,89.19,21,13,0,4,50,0,9,3,10,No
54,Male,Bachelors,Rajshahi,6,66126,10608.43,85.55,22,11,4,2,95,0,4,10,23,No
53,Male,High School,Barisal,11,69392,4870.1,77.16,23,21,0,3,79,0,10,2,38,No
25,Male,Bachelors,Chittagong,5,62254,4559.2,75.84,24,27,0,4,61,1,3,4,47,Yes
46,Male,Bachelors,Khulna,13,30502,4840.09,94.09,10,26,4,1,88,2,8,2,24,Yes
32,Female,Bachelors,Khulna,12,99726,13286.52,87.38,13,9,0,3,42,0,7,9,11,No
49,Male,Bachelors,Barisal,10,93693,8122.4,88.97,18,22,0,4,79,0,7,8,47,Yes
39,Female,Masters,Khulna,4,134424,10253.29,79.88,19,27,1,4,15,3,7,1,42,Yes
36,Female,Bachelors,Chittagong,5,146507,21626.17,84.36,6,23,0,2,50,2,3,4,43,Yes
49,Male,Bachelors,Rajshahi,4,59324,4493.74,82.51,11,14,2,4,49,3,10,4,20,No
46,Female,High School,Rajshahi,8,17961,2481.83,80.55,18,14,4,2,10,2,3,8,40,Yes
31,Male,Bachelors,Sylhet,13,146409,25193.21,96.64,20,29,4,4,69,0,2,1,44,Yes
43,Male,Bachelors,Barisal,4,37539,6729.38,91.75,5,23,3,5,88,2,10,10,43,Yes
46,Male,PhD,Rajshahi,12,60708,10916.41,98.02,21,2,2,2,97,3,1,8,32,Yes
27,Other,Bachelors,Rajshahi,13,77974,6916.01,83.97,15,14,3,4,41,1,9,4,4,No
55,Female,Bachelors,Khulna,8,28866,2461.47,77.85,17,8,3,4,40,1,2,7,45,Yes
33,Female,Bachelors,Khulna,7,43863,3444.92,95.4,5,2,1,5,43,2,3,6,5,No
52,Female,Masters,Khulna,4,29009,5532.92,82.62,19,22,0,1,80,3,3,3,24,No
24,Female,Bachelors,Chittagong,9,61070,9011.08,84.75,9,22,4,3,57,1,6,3,13,No
27,Male,Bachelors,Barisal,8,34014,5855.36,75.32,23,24,2,5,63,2,4,9,46,Yes
40,Female,Bachelors,Rajshahi,9,85653,14361.72,86.57,15,12,1,5,30,0,7,3,14,No
28,Male,High School,Sylhet,7,80002,7659.6,90.77,20,16,1,2,82,3,1,1,43,Yes
36,Male,Masters,Chittagong,11,148781,10954.67,87.14,12,21,4,4,66,1,5,7,2,No
57,Male,High School,Sylhet,13,82202,15053.4,84.53,9,11,3,3,43,2,8,1,2,No
22,Male,High School,Barisal,1,92995,16220.42,82.36,8,4,0,5,47,0,9,9,15,No
30,Female,Bachelors,Sylhet,3,111661,13379.82,95.84,11,8,0,4,72,2,4,7,25,No
26,Other,Bachelors,Rajshahi,8,125589,12825.92,88.09,7,20,2,3,80,2,1,7,15,No
32,Male,Masters,Dhaka,6,96363,17278.59,83.36,22,14,1,3,39,2,8,2,33,No
40,Female,Bachelors,Dhaka,6,127538,21560.14,80.13,12,12,3,2,82,1,2,8,14,Yes
56,Male,Masters,Chittagong,12,52208,6534.48,95.37,7,2,0,5,24,2,9,8,13,No
30,Female,Bachelors,Sylhet,7,92383,17008.9,83.31,20,16,2,3,44,0,8,2,0,No
41,Male,Masters,Khulna,11,72991,8847.39,88.64,9,4,2,5,10,2,3,5,44,Yes
49,Male,Bachelors,Chittagong,8,143482,22802.94,82.49,24,7,3,5,96,2,9,3,42,Yes
53,Female,Bachelors,Chittagong,5,120379,16319.67,87.56,22,11,2,1,96,3,1,5,43,Yes
38,Male,Masters,Rajshahi,3,112870,15404.52,78.81,22,25,4,4,34,1,5,10,35,No
59,Female,Masters,Khulna,6,55021,10301.83,96.61,12,5,1,4,33,0,2,10,0,No
49,Male,Bachelors,Sylhet,1,109149,13338.77,79.39,15,8,2,1,80,1,3,10,44,Yes
48,Other,Bachelors,Chittagong,10,37424,5857.16,95.36,17,17,2,4,37,0,8,7,24,No
55,Female,Bachelors,Sylhet,7,107826,6700.54,79.59,16,5,4,5,84,1,4,7,20,No
31,Female,Bachelors,Rajshahi,13,119968,14794.85,76.94,10,5,3,3,14,2,4,8,0,No
28,Female,Bachelors,Rajshahi,6,129966,8872.63,87.48,24,1,0,5,36,2,5,5,42,Yes
37,Male,Bachelors,Khulna,6,94203,16081.98,76.01,21,1,4,5,10,0,4,7,6,No
28,Female,Masters,Rajshahi,6,31222,3803.55,86.24,12,3,0,2,91,2,2,5,15,Yes
39,Male,Bachelors,Khulna,8,114033,15292.52,85.98,15,1,2,2,23,1,9,2,36,No
46,Female,Bachelors,Dhaka,5,79618,9116.25,81.58,19,24,1,5,86,0,2,1,30,No
41,Male,High School,Sylhet,8,48432,9508.44,90.55,19,27,3,5,14,1,9,9,36,No
23,Female,Bachelors,Barisal,11,133004,19029.88,82.46,15,24,2,3,83,1,2,4,45,Yes
45,Male,Bachelors,Barisal,9,103052,20269.37,84.61,12,28,4,3,76,0,3,9,23,No
57,Female,Masters,Sylhet,10,26041,3519.98,81.26,14,17,2,5,96,1,3,6,36,No
47,Male,High School,Sylhet,5,141772,16430.94,78.93,14,2,0,3,76,1,4,2,3,No
33,Female,Bachelors,Sylhet,10,101924,5445.7,79.79,13,15,2,5,44,2,1,4,39,No
25,Male,Masters,Khulna,11,119370,12325.06,95.56,11,8,2,1,82,0,7,2,41,Yes
49,Male,Bachelors,Dhaka,1,129973,13088.87,98.03,22,1,0,1,90,3,5,10,1,No
30,Male,High School,Khulna,2,98323,19371.49,84.26,24,20,3,2,99,2,1,7,14,Yes
44,Female,Masters,Dhaka,4,70064,13233.95,89.15,20,20,4,1,40,2,2,10,13,Yes
54,Female,Bachelors,Dhaka,8,136536,18641.8,96.84,14,9,0,3,26,3,1,5,48,Yes
34,Female,Bachelors,Khulna,8,43734,8694.26,97.17,15,22,1,3,82,1,1,6,5,No
27,Male,Bachelors,Khulna,2,43529,6683.17,79.34,9,25,1,1,78,3,10,1,6,No
44,Male,Bachelors,Sylhet,5,48804,4728.51,78.8,14,21,3,1,97,2,1,9,45,Yes
27,Female,Bachelors,Rajshahi,14,41767,6899.77,84.39,10,22,0,5,44,1,2,3,34,No
29,Male,Masters,Barisal,5,87127,10903.45,82.61,6,25,0,5,92,2,3,8,23,No
55,Female,Bachelors,Barisal,6,113868,11078.98,79.05,18,3,4,4,33,2,2,9,47,Yes
47,Male,High School,Khulna,5,67426,9240.1,80.82,9,14,4,4,24,0,7,8,24,No
28,Female,Masters,Barisal,9,45421,4131.25,92.04,10,26,0,3,45,3,3,8,42,Yes
26,Male,Bachelors,Chittagong,8,26469,3010.5,76.92,16,1,4,3,11,0,8,10,46,Yes
25,Other,Bachelors,Sylhet,1,51881,2767.12,86.28,20,21,0,5,10,1,6,9,16,No
23,Male,Bachelors,Rajshahi,6,133130,24623.52,92.67,9,7,4,3,21,3,1,7,40,No
38,Female,Masters,Rajshahi,8,42060,2998.45,82.76,12,19,4,5,72,1,3,1,32,No
58,Male,Bachelors,Dhaka,10,59577,8643.37,83.49,13,17,0,5,69,1,4,8,44,Yes
37,Female,Bachelors,Dhaka,2,106614,7732.59,80.56,12,2,3,3,65,3,1,10,25,No
39,Female,High School,Chittagong,10,96897,13217.38,77.51,19,9,1,5,67,0,9,1,21,No
24,Male,High School,Khulna,1,60034,11444.75,91.23,10,25,3,3,85,3,4,7,33,No
36,Female,High School,Dhaka,8,145015,24338.03,88.94,22,10,3,4,29,0,9,10,18,No
49,Female,High School,Sylhet,5,17102,2820.21,78.03,16,28,2,2,52,3,6,3,37,Yes
35,Male,High School,Rajshahi,9,25425,4270.68,86.31,23,19,0,1,80,0,6,5,44,Yes
48,Male,Bachelors,Chittagong,9,119624,17997.49,98.2,5,18,0,1,64,1,2,2,37,Yes
42,Male,Masters,Chittagong,13,77632,15488.17,83.5,21,1,0,3,88,3,9,9,3,No
45,Female,Bachelors,Rajshahi,12,82660,4961.19,93.32,9,27,1,1,63,0,3,9,45,Yes
45,Male,Bachelors,Khulna,5,102839,12208.45,91.15,6,13,0,4,12,3,10,4,29,No
39,Female,Bachelors,Chittagong,12,68364,6868.2,98.43,11,23,1,4,85,0,10,7,36,No
50,Female,High School,Rajshahi,4,20538,2676.04,88.16,7,12,0,2,42,1,7,9,36,Yes
35,Female,Bachelors,Sylhet,9,149704,21943.58,80.48,7,19,2,3,29,3,10,3,25,No
25,Female,Bachelors,Khulna,8,133709,16603.87,89.01,5,21,2,5,28,3,6,1,42,Yes
32,Female,Bachelors,Sylhet,4,132376,22588.88,99.29,23,10,4,1,48,2,8,1,28,No
34,Male,Bachelors,Khulna,10,77645,8323.02,89.36,8,22,2,4,76,2,7,1,46,Yes
39,Male,Bachelors,Sylhet,2,49128,9232.93,95.11,8,28,1,5,61,1,10,1,10,No
25,Male,Masters,Barisal,12,73003,6895.58,80.85,23,3,1,5,43,2,2,4,25,No
24,Female,Masters,Chittagong,3,18419,2972.27,99.05,15,22,4,5,33,1,4,6,13,No
53,Female,Bachelors,Chittagong,4,34455,5907.73,92.13,24,19,4,5,32,0,8,9,30,No
33,Male,Masters,Khulna,9,66760,7747.15,95.91,15,8,1,4,26,3,2,1,30,No
41,Female,Bachelors,Khulna,9,105567,15598.46,86.22,18,26,1,5,77,2,3,9,23,No
51,Male,High School,Sylhet,12,126521,18329.5,90.26,6,19,2,1,45,3,7,7,31,No
33,Female,Bachelors,Dhaka,11,65535,12387.56,90.94,13,21,4,4,32,1,6,9,46,Yes
28,Male,Bachelors,Chittagong,12,79286,8706.71,92.93,11,5,3,2,69,1,4,9,25,No
53,Female,Masters,Rajshahi,1,63635,8111.58,90.46,23,12,0,4,86,3,4,1,34,No
38,Male,Masters,Khulna,2,26166,3270.22,76.08,17,3,2,5,33,3,6,10,20,No
43,Female,Bachelors,Chittagong,14,72058,5379.7,82.32,7,21,3,4,57,2,8,9,39,No
38,Male,High School,Khulna,7,56982,7500.87,78.57,24,10,1,3,83,3,4,2,41,Yes
58,Male,Bachelors,Dhaka,4,148203,13710.49,91.93,12,20,2,3,75,1,7,9,14,No
55,Female,Bachelors,Rajshahi,2,70528,13867.33,79.58,9,19,2,3,34,1,1,4,35,No
35,Female,High School,Khulna,3,82650,6060.62,82.96,16,7,0,5,54,3,1,3,21,No
51,Male,High School,Dhaka,7,42872,2958.59,99.45,9,24,1,2,32,3,6,3,8,No
42,Male,Masters,Chittagong,8,115111,12919.23,82.33,20,11,3,2,85,2,10,8,8,No
53,Male,Bachelors,Khulna,8,39419,4315.3,92.72,20,19,1,2,15,2,9,9,45,Yes
30,Other,High School,Rajshahi,6,15537,2622.62,87.51,15,11,3,1,84,3,2,7,21,Yes
29,Female,Bachelors,Sylhet,14,120924,8919.48,93.94,9,28,0,3,94,1,4,5,25,No
56,Male,Bachelors,Khulna,7,148551,13725.37,85.43,8,20,4,5,11,2,5,4,19,No
55,Male,Masters,Dhaka,7,32086,2828.33,92.84,24,3,0,5,46,3,5,7,1,No
31,Male,Bachelors,Sylhet,7,81161,15706.26,92.85,20,22,1,2,37,0,9,3,14,No
35,Other,Bachelors,Dhaka,10,96955,13635.51,93.22,21,26,3,1,16,0,7,6,14,Yes
28,Male,High School,Khulna,2,126655,14497.18,79.78,8,14,4,2,40,2,2,10,38,Yes
24,Female,Bachelors,Barisal,12,140220,15600.97,85.69,15,3,1,2,14,0,6,1,11,No
53,Male,Masters,Chittagong,1,99547,18182.5,89.82,13,13,3,1,13,2,7,6,15,No
33,Female,PhD,Rajshahi,2,81754,9159.03,86.89,10,4,2,5,82,2,1,6,8,No
59,Female,Bachelors,Barisal,12,44105,2624.67,80.34,22,5,0,5,71,0,8,7,14,No
58,Female,Bachelors,Barisal,7,36885,5654.83,84.92,17,25,3,3,55,0,8,7,39,No
45,Male,Masters,Khulna,13,143046,24849.77,92.36,17,24,0,3,95,1,5,3,15,No
31,Female,Masters,Dhaka,4,133959,10173.61,96.72,5,19,0,5,52,3,3,6,22,No
52,Male,PhD,Barisal,2,99862,11178.13,83.1,21,17,1,5,71,2,6,3,9,No
29,Male,Bachelors,Dhaka,7,27996,1453.68,77.01,18,26,3,1,43,0,6,6,44,Yes
40,Female,Bachelors,Sylhet,3,30996,1623.44,96.87,20,5,4,2,11,0,1,8,2,Yes
40,Female,High School,Khulna,11,83274,15484.27,77.0,21,28,0,2,62,1,10,4,28,Yes
35,Male,Bachelors,Sylhet,14,119588,9537.09,94.56,6,24,4,1,44,1,8,8,30,No
50,Male,PhD,Sylhet,11,109135,6192.54,86.04,18,9,4,5,95,0,3,2,16,No
23,Male,Masters,Rajshahi,13,79330,7727.7,80.68,15,29,2,3,51,3,3,7,31,No
44,Male,Bachelors,Barisal,4,114297,10203.46,96.34,22,19,4,5,80,0,6,1,31,No
53,Female,High School,Chittagong,6,105761,10101.41,79.59,18,27,3,3,50,3,1,10,10,Yes
34,Female,Masters,Chittagong,10,30218,1588.88,77.83,9,21,1,5,64,1,10,5,2,No
42,Male,Bachelors,Dhaka,7,133541,15545.35,98.75,15,4,0,3,65,2,1,2,42,Yes
28,Male,Bachelors,Chittagong,9,50158,5517.18,98.44,16,20,1,5,96,0,7,6,19,No
31,Male,Bachelors,Chittagong,14,132301,11384.98,83.72,19,14,3,1,49,2,1,1,13,Yes
51,Male,Bachelors,Chittagong,7,111347,13849.44,78.55,18,5,1,1,33,0,2,9,12,Yes
53,Female,Masters,Sylhet,12,86355,4808.68,97.9,20,5,4,4,40,2,1,4,33,No
43,Female,High School,Barisal,13,44834,8719.17,97.05,20,7,3,1,82,3,3,4,39,No
30,Female,High School,Rajshahi,4,100371,13638.23,85.92,5,13,1,5,99,0,2,4,13,No
57,Male,Bachelors,Rajshahi,10,118304,19062.08,91.99,22,17,2,3,17,2,8,10,2,No
28,Male,Bachelors,Rajshahi,8,66606,12407.75,87.5,21,20,3,4,81,2,1,1,13,No
38,Female,High School,Rajshahi,8,143373,7428.22,78.08,17,2,0,2,57,2,2,5,10,Yes
33,Other,High School,Chittagong,14,114513,11795.14,99.72,16,3,3,4,84,1,8,5,24,No
49,Male,Masters,Dhaka,7,37011,1884.39,92.32,24,26,0,4,27,3,7,9,21,No
26,Male,High School,Chittagong,3,36848,5507.02,90.91,9,28,4,4,68,2,5,7,30,No
36,Female,Masters,Dhaka,8,59357,10173.03,90.3,12,5,3,5,99,2,4,4,42,Yes
51,Male,Masters,Chittagong,8,141716,9842.95,99.55,24,17,4,4,52,3,8,9,37,No
46,Female,Bachelors,Dhaka,4,111915,15329.13,91.18,18,10,2,5,56,1,10,10,24,No
50,Female,High School,Chittagong,7,136322,9830.01,78.06,5,5,4,2,29,0,10,10,48,Yes
53,Male,Bachelors,Rajshahi,9,57318,10145.21,98.23,9,24,2,4,34,1,3,3,17,No
48,Female,High School,Khulna,2,20278,2089.21,95.7,20,17,3,2,61,0,10,9,15,Yes
31,Male,High School,Barisal,2,117927,13135.44,77.88,7,11,3,5,25,0,5,9,26,No
58,Male,Bachelors,Dhaka,9,26487,2394.03,84.81,5,18,1,4,26,3,9,7,24,No
28,Female,Bachelors,Barisal,6,83787,13696.49,76.59,12,16,3,1,45,2,3,3,36,No
56,Male,High School,Rajshahi,4,95793,9288.24,95.53,11,27,4,2,55,2,5,3,37,Yes
51,Female,Bachelors,Sylhet,4,140528,15356.87,91.71,7,15,2,5,43,2,9,5,14,No
53,Male,Masters,Rajshahi,3,115937,14065.21,96.98,11,3,3,5,97,3,2,6,36,No
36,Male,Masters,Rajshahi,7,149070,8403.51,79.58,16,22,3,4,34,0,10,3,29,No
38,Female,Bachelors,Rajshahi,4,15766,2318.6,99.24,18,8,0,5,32,2,2,6,10,Yes
38,Male,Bachelors,Sylhet,7,96494,17806.05,88.16,14,19,4,4,66,1,1,10,23,No
30,Female,Bachelors,Dhaka,11,98876,6991.4,80.56,12,21,3,2,14,0,1,4,15,Yes
59,Male,Bachelors,Khulna,8,124805,17552.49,96.37,14,1,3,3,23,0,4,3,37,No
31,Other,Masters,Rajshahi,9,33291,5586.94,86.59,19,1,4,2,39,3,6,6,21,No
29,Male,Bachelors,Rajshahi,10,71759,7936.92,83.12,24,22,2,1,45,2,10,5,4,No
54,Female,Bachelors,Dhaka,13,88866,4584.7,91.15,6,4,2,1,25,2,4,7,29,No
33,Male,Masters,Khulna,11,122330,20426.16,80.06,11,28,3,3,43,3,10,3,16,No
35,Male,Bachelors,Dhaka,13,79952,15663.95,76.64,15,4,1,5,64,3,9,1,47,Yes
55,Male,Bachelors,Rajshahi,3,60315,6653.9,91.88,22,22,1,5,73,1,10,10,24,No
32,Male,High School,Khulna,6,60809,5888.61,79.36,9,6,3,5,97,0,1,10,7,No
43,Male,Bachelors,Khulna,12,16739,1130.76,77.93,18,28,3,4,18,2,8,7,25,Yes
35,Male,High School,Sylhet,2,90138,10391.67,78.09,17,21,2,5,69,2,6,8,35,No
41,Male,Bachelors,Khulna,13,50987,8518.3,86.79,17,8,4,4,35,2,5,5,15,No
30,Female,PhD,Sylhet,10,142275,19072.18,85.95,9,1,1,5,63,2,8,6,34,No
47,Female,Bachelors,Dhaka,1,113028,21980.3,82.45,16,4,1,2,96,1,3,2,24,No
29,Female,Bachelors,Khulna,1,43857,3027.8,95.97,17,13,2,5,20,2,6,9,33,No
53,Male,Bachelors,Khulna,2,119873,11950.64,80.18,22,25,2,2,66,0,10,7,29,No
50,Male,High School,Barisal,6,126962,22447.39,81.46,21,16,0,3,69,3,3,6,44,Yes
54,Male,Masters,Dhaka,2,18668,1374.88,97.52,10,8,4,2,86,0,6,4,38,Yes
47,Male,High School,Sylhet,7,81367,7163.36,99.27,19,7,1,5,17,0,9,2,25,No
34,Female,Bachelors,Khulna,14,110552,15286.1,80.29,21,29,2,4,41,0,2,3,35,Yes
57,Male,Bachelors,Khulna,10,97132,5629.2,93.62,16,29,3,2,77,3,9,10,38,Yes
28,Male,High School,Rajshahi,4,82954,6894.33,75.88,13,15,1,1,89,2,6,8,31,No
33,Female,High School,Rajshahi,13,100999,10064.44,95.12,6,13,4,2,73,2,3,5,3,No
45,Female,Bachelors,Dhaka,12,51914,3146.58,86.39,5,12,4,5,28,2,8,7,42,Yes
22,Female,Bachelors,Sylhet,12,40159,6857.78,85.09,5,19,3,5,79,2,4,4,16,No
23,Male,Bachelors,Barisal,12,127529,6430.02,77.42,17,10,4,5,80,2,5,8,42,Yes
34,Female,Bachelors,Barisal,13,129743,16169.62,77.21,9,10,3,4,93,3,7,5,8,No
43,Male,High School,Rajshahi,13,68472,10112.54,88.83,5,12,4,4,33,0,8,7,29,No
30,Female,Masters,Khulna,1,75089,9487.85,86.91,14,26,1,2,10,1,2,9,30,Yes
40,Male,Bachelors,Dhaka,4,145589,27642.47,87.57,13,10,1,2,94,3,1,7,10,Yes
35,Female,Bachelors,Dhaka,11,67086,9588.47,81.56,18,17,1,3,65,0,4,9,10,No
35,Female,Bachelors,Sylhet,12,44271,2666.37,93.26,12,18,4,5,37,0,6,8,17,No
58,Other,High School,Rajshahi,9,91197,17704.87,89.53,13,29,2,2,48,2,3,6,47,Yes
41,Female,Bachelors,Dhaka,5,117177,19357.52,82.45,7,8,2,3,43,3,8,4,27,No
55,Male,Masters,Rajshahi,2,17568,2903.66,86.04,12,16,4,5,73,2,8,1,25,No
27,Male,Bachelors,Chittagong,10,62428,4163.16,92.53,17,22,2,1,33,3,5,4,3,No
38,Male,Bachelors,Barisal,5,74341,11089.74,92.0,23,17,2,4,62,2,2,9,34,No
34,Female,Bachelors,Chittagong,7,148584,17775.7,87.08,15,16,0,2,93,1,6,3,17,No
47,Female,Masters,Khulna,12,132136,26363.02,85.87,7,23,4,5,26,3,10,6,34,No
28,Female,Masters,Sylhet,14,37876,3747.98,79.98,16,4,1,2,91,3,2,6,36,Yes
36,Male,Masters,Dhaka,6,120929,12972.78,84.37,16,4,4,1,36,0,6,10,34,No
58,Female,Masters,Chittagong,2,95681,8667.51,80.04,13,24,0,5,70,1,4,3,41,Yes
24,Male,Masters,Chittagong,12,41175,6521.09,85.88,10,11,2,2,81,3,1,3,24,Yes
55,Male,Bachelors,Khulna,12,43856,4700.82,88.84,16,25,1,2,10,2,4,2,17,No
45,Male,PhD,Sylhet,7,120435,22339.88,88.61,10,17,0,2,49,2,10,7,37,No
32,Male,High School,Barisal,6,124916,7167.94,85.62,11,17,0,5,85,0,1,7,6,No
36,Female,Bachelors,Barisal,6,88643,7593.77,91.8,20,29,2,4,23,0,2,8,30,Yes
58,Male,High School,Rajshahi,8,140344,23096.41,79.18,12,20,2,5,44,0,5,10,41,Yes
24,Female,Masters,Khulna,6,57369,4172.44,94.7,7,24,0,1,10,1,3,2,37,No
42,Female,Bachelors,Barisal,13,120217,18557.63,88.75,17,16,0,4,39,0,1,8,7,No
22,Female,Bachelors,Chittagong,3,21301,3926.24,84.31,14,1,4,2,14,0,1,4,8,Yes
32,Male,PhD,Barisal,9,140452,13002.55,99.79,15,24,3,3,67,2,3,9,44,Yes
58,Other,Bachelors,Dhaka,14,21367,2243.27,90.81,8,21,2,3,87,0,8,10,5,No
22,Female,Masters,Chittagong,10,60950,3051.04,99.4,6,20,2,5,35,2,5,8,18,No
43,Female,PhD,Sylhet,13,99786,18482.08,95.49,19,14,0,1,49,0,2,7,29,Yes
50,Male,PhD,Khulna,4,67022,9261.2,83.32,17,11,0,1,24,3,8,10,4,No
33,Male,Bachelors,Barisal,5,26520,2295.01,92.53,16,28,2,2,34,3,7,3,44,Yes
26,Female,Masters,Barisal,8,147273,26573.31,81.91,16,15,2,1,61,1,2,4,46,Yes
36,Male,High School,Chittagong,12,60960,11727.74,94.45,8,22,4,4,26,1,1,9,32,No
26,Female,Bachelors,Barisal,4,16949,2648.28,75.01,24,21,4,5,98,2,3,1,32,No
45,Male,High School,Barisal,1,107742,18899.3,100.0,24,24,1,1,41,2,8,5,41,Yes
39,Female,Masters,Sylhet,6,81972,6633.77,90.94,14,29,3,5,95,1,3,9,49,Yes
54,Female,High School,Khulna,5,99530,9265.9,91.04,10,6,1,1,47,1,3,8,40,No
39,Male,High School,Barisal,6,120809,8252.55,99.82,20,2,3,1,77,2,7,10,16,No
51,Female,High School,Barisal,14,138683,12713.13,87.04,13,7,2,5,40,1,4,7,3,No
34,Female,Masters,Dhaka,9,37188,4957.86,88.25,23,7,0,1,60,3,3,8,4,No
54,Female,Bachelors,Rajshahi,11,129321,20378.52,80.02,8,12,3,2,24,1,6,9,0,No
26,Male,Bachelors,Rajshahi,8,136433,19974.38,81.68,7,2,4,3,26,1,1,10,21,No
48,Male,High School,Rajshahi,9,120552,16201.29,87.56,8,3,2,4,69,1,10,9,24,No
30,Female,Masters,Sylhet,2,42753,6076.67,90.82,8,19,1,4,86,0,4,2,31,No
53,Female,High School,Barisal,5,56673,4735.61,97.31,10,3,0,2,87,3,9,7,45,Yes
55,Female,High School,Barisal,10,41894,4798.65,80.44,13,27,1,4,37,3,1,8,12,Yes
37,Male,High School,Khulna,13,125602,24354.84,75.88,23,7,0,4,82,3,6,7,19,No
36,Male,Masters,Sylhet,2,26443,3901.37,94.99,21,9,4,2,33,0,3,1,3,No
29,Male,High School,Dhaka,1,85020,6699.79,78.36,16,21,0,1,75,1,4,6,41,Yes
35,Male,Bachelors,Sylhet,7,109035,6218.8,76.96,20,4,0,5,94,0,8,10,8,No
27,Male,Bachelors,Rajshahi,7,114182,6250.02,87.32,21,25,3,2,54,0,10,5,3,No
26,Male,Masters,Sylhet,9,39890,7001.88,89.74,15,7,4,1,43,0,1,7,8,Yes
52,Female,Bachelors,Khulna,5,67473,7753.33,87.75,12,29,1,5,17,2,10,6,46,Yes
59,Male,Masters,Dhaka,5,88028,7039.86,75.68,17,9,2,3,37,1,6,5,30,No
22,Female,Bachelors,Sylhet,2,85206,5960.61,90.93,13,21,4,1,12,2,1,8,14,Yes
52,Female,Bachelors,Sylhet,7,61050,7721.64,82.17,22,18,2,1,40,0,8,5,35,No
59,Female,High School,Rajshahi,6,128035,11669.67,87.8,8,13,3,3,57,3,1,1,29,No
35,Female,Bachelors,Dhaka,13,134450,18931.85,75.34,8,28,3,3,78,1,3,9,40,No
31,Female,Bachelors,Barisal,9,141105,14964.12,88.1,6,4,1,1,95,0,8,9,48,Yes
48,Male,PhD,Sylhet,9,16188,1889.14,83.11,15,21,0,5,76,0,7,2,43,Yes
37,Male,Bachelors,Dhaka,3,99326,12381.04,98.5,5,24,4,5,51,0,7,9,4,No
43,Male,Masters,Sylhet,12,132041,20193.69,82.28,8,22,1,5,36,2,5,9,38,No
36,Male,Bachelors,Sylhet,11,141885,28199.54,90.74,5,5,4,5,83,1,6,9,17,No
24,Male,High School,Khulna,7,73704,13790.24,76.72,17,7,2,3,58,1,6,8,3,No
40,Female,Masters,Rajshahi,7,15267,1909.34,87.14,21,7,4,1,17,0,6,8,30,Yes
38,Male,Masters,Barisal,1,110794,14493.42,94.44,7,26,4,3,44,1,8,2,19,No
32,Male,Bachelors,Barisal,5,103949,18855.36,80.25,11,6,0,5,26,1,2,6,46,Yes
55,Female,Bachelors,Sylhet,4,26635,1466.76,79.48,9,2,0,2,45,1,5,1,12,No
42,Female,High School,Dhaka,14,88972,10166.15,97.16,14,14,1,1,39,3,2,7,15,Yes
36,Male,Bachelors,Barisal,1,67557,10328.42,82.09,14,4,4,2,93,1,8,10,19,No
43,Male,Bachelors,Chittagong,2,97466,19274.07,83.65,15,12,3,1,72,0,6,9,17,No
44,Male,Bachelors,Barisal,14,120487,16167.67,98.74,14,4,2,4,16,3,4,9,1,No
23,Female,Bachelors,Barisal,1,131430,16161.72,85.85,5,3,1,3,12,2,8,4,30,No
50,Male,Bachelors,Khulna,14,142549,19577.17,77.67,20,21,0,5,73,2,5,8,32,No
43,Female,Bachelors,Barisal,3,140432,9967.92,86.56,7,2,0,2,84,0,8,4,31,No
25,Other,Masters,Rajshahi,1,96138,12564.05,77.27,17,25,1,1,26,3,7,8,28,No
46,Female,Bachelors,Khulna,10,88309,6945.2,95.43,21,20,1,5,46,0,2,10,45,Yes
55,Male,Masters,Chittagong,7,43762,5468.31,83.08,9,17,1,1,67,3,2,7,18,Yes
44,Male,PhD,Khulna,10,89708,9573.96,78.0,17,10,4,3,48,2,7,1,14,No
44,Female,Masters,Barisal,1,132619,7649.41,95.53,20,29,1,2,61,1,7,4,18,Yes
41,Female,High School,Dhaka,1,115616,9609.72,78.37,5,7,1,3,48,1,4,2,28,No
57,Male,High School,Chittagong,12,23533,4202.24,89.71,14,9,3,4,55,1,1,5,46,Yes
27,Male,Bachelors,Chittagong,12,15571,1309.31,87.1,13,20,2,1,87,3,9,8,6,Yes
53,Other,Bachelors,Khulna,14,110833,9656.17,86.74,15,25,2,5,89,1,4,3,35,No
52,Female,Bachelors,Chittagong,12,138128,19330.16,87.14,9,22,3,1,19,3,6,9,20,No
42,Female,Masters,Sylhet,4,71549,6233.38,92.19,22,17,0,2,30,0,10,1,29,No
59,Female,High School,Khulna,14,99343,6590.33,92.06,6,22,0,3,20,3,4,4,20,No
44,Female,Bachelors,Sylhet,7,100511,10510.98,98.11,12,11,4,5,37,1,6,1,1,No
40,Male,Bachelors,Rajshahi,7,98642,14207.08,85.81,6,3,0,1,89,1,3,4,8,No
59,Female,Bachelors,Dhaka,9,45749,6311.25,98.25,9,4,2,4,19,3,1,1,7,No
30,Male,Bachelors,Khulna,8,103584,13853.35,75.83,8,26,1,4,55,0,6,7,13,No
49,Male,Bachelors,Chittagong,10,135657,12816.61,87.01,20,11,3,2,75,1,6,1,38,No
30,Female,Bachelors,Khulna,5,78957,9428.32,87.78,16,6,1,1,58,1,3,6,25,No
53,Female,Bachelors,Sylhet,13,141008,25304.63,79.55,16,23,3,3,84,3,2,10,33,No
42,Female,Bachelors,Barisal,5,32156,2562.46,78.41,12,10,2,3,26,2,9,9,4,No
46,Male,Masters,Khulna,3,76126,9524.21,85.69,10,8,2,3,77,3,3,10,30,No
24,Female,Masters,Khulna,10,97130,14785.64,80.07,6,23,0,4,68,3,4,9,5,No
42,Male,Masters,Khulna,2,131112,16123.03,91.32,10,4,4,4,50,2,3,4,9,No
45,Female,Bachelors,Barisal,3,147335,22319.64,77.8,9,26,4,5,80,2,9,7,34,No
24,Male,High School,Khulna,1,103259,14237.59,77.2,16,5,2,2,27,1,6,6,18,No
32,Male,PhD,Rajshahi,2,124969,9643.09,94.98,14,25,2,1,17,2,4,4,2,No
27,Male,Bachelors,Rajshahi,8,138391,21973.71,92.6,15,17,4,4,82,0,3,5,2,No
40,Male,Bachelors,Sylhet,2,31802,5202.15,81.77,6,11,1,4,66,0,9,10,9,No
47,Other,Bachelors,Sylhet,4,59270,4798.14,94.35,15,2,1,5,50,1,10,7,25,No
55,Male,High School,Chittagong,8,19359,1920.56,86.86,14,29,3,5,51,1,5,2,46,Yes
48,Female,Bachelors,Sylhet,1,130318,25713.71,82.88,10,27,2,3,48,3,4,3,12,No
32,Other,PhD,Khulna,2,107362,20844.56,85.18,14,1,0,2,77,3,6,6,49,Yes
40,Other,Bachelors,Dhaka,13,104944,20528.95,82.74,15,22,0,5,17,3,5,3,47,Yes
39,Female,Bachelors,Sylhet,12,116698,5852.35,86.46,7,26,4,1,63,3,2,9,14,Yes
42,Male,Bachelors,Barisal,2,62424,8423.36,79.06,6,20,2,1,36,3,10,8,13,No
59,Male,High School,Sylhet,12,120003,15602.34,87.65,12,8,0,4,19,3,10,8,35,No
22,Female,Masters,Rajshahi,3,149521,27701.22,92.2,23,26,4,4,47,0,5,2,26,No
46,Female,PhD,Rajshahi,5,147673,16009.91,86.03,10,24,1,5,63,3,5,4,26,No
27,Male,PhD,Sylhet,10,114263,18482.77,93.29,14,7,2,3,66,2,3,1,34,No
51,Female,Bachelors,Rajshahi,13,113168,7991.36,93.75,6,9,2,5,86,2,6,3,35,No
49,Male,Masters,Chittagong,13,65357,11540.05,86.0,12,28,0,5,80,0,9,7,46,Yes
34,Female,Bachelors,Dhaka,9,64034,12034.98,82.39,6,22,3,5,42,2,9,2,20,No
52,Male,Bachelors,Barisal,5,130303,13990.77,78.44,15,15,4,4,65,1,7,6,28,No
31,Male,High School,Sylhet,13,80782,11151.34,81.31,5,20,3,5,52,3,6,5,36,No
35,Female,Bachelors,Sylhet,13,98752,9211.69,76.94,11,27,2,4,27,1,9,3,31,No
44,Male,Masters,Khulna,9,16666,2656.6,84.03,23,6,4,5,73,1,10,7,37,No
37,Female,Bachelors,Rajshahi,10,93998,9110.87,78.17,20,25,3,5,98,1,6,2,20,No
59,Male,Masters,Barisal,13,118375,14582.43,78.14,18,4,2,3,77,3,8,9,17,No
43,Male,Bachelors,Barisal,2,24263,4075.9,90.76,9,6,3,3,24,3,2,1,2,No
27,Male,Bachelors,Sylhet,12,106828,16181.68,97.74,23,10,1,4,14,3,7,2,2,No
33,Male,Bachelors,Rajshahi,6,64793,4936.96,79.03,14,6,1,4,18,3,5,5,34,No
25,Other,Masters,Barisal,5,94030,14403.01,81.69,16,15,2,4,21,3,5,10,14,No
40,Male,Bachelors,Barisal,12,46661,5881.08,83.87,13,28,2,4,22,3,1,7,31,Yes
46,Male,Bachelors,Chittagong,4,15179,2813.15,90.17,13,27,0,1,85,3,8,7,29,Yes
34,Male,PhD,Khulna,13,141193,10523.06,76.3,23,20,4,4,41,0,9,4,31,No
54,Male,High School,Sylhet,12,113724,11811.49,77.75,9,27,0,4,98,3,1,5,46,Yes
42,Male,Bachelors,Chittagong,12,34200,2386.3,82.26,24,18,0,1,43,1,7,2,8,No
33,Female,Bachelors,Chittagong,14,45490,7250.08,76.71,18,20,2,2,67,1,5,9,0,No
30,Female,High School,Sylhet,9,70581,13689.64,79.06,8,5,3,5,33,1,9,10,47,Yes
47,Female,Bachelors,Khulna,2,52325,7758.9,75.41,13,25,1,3,48,1,8,1,7,No
51,Female,High School,Sylhet,12,128448,9396.79,89.61,18,23,2,2,45,3,9,4,39,No
30,Female,Masters,Dhaka,9,61638,7802.2,77.83,12,21,2,1,32,2,1,9,11,Yes
37,Female,Bachelors,Chittagong,13,60240,11445.13,83.0,24,12,4,5,64,0,1,7,38,No
51,Female,Bachelors,Barisal,8,138530,7682.28,81.53,24,23,1,4,49,1,4,6,49,Yes
52,Female,PhD,Dhaka,4,118327,21043.83,86.68,19,27,1,4,16,0,10,8,40,No
39,Female,Bachelors,Chittagong,3,141552,18456.66,87.14,16,5,1,4,98,3,1,9,45,Yes
48,Male,Bachelors,Rajshahi,1,129076,8897.58,84.31,13,1,4,4,47,0,6,1,9,No
47,Female,Bachelors,Rajshahi,10,59643,7592.5,99.6,12,15,4,2,14,1,7,10,36,No
56,Male,Bachelors,Rajshahi,7,19386,2501.65,96.63,23,7,1,4,96,0,5,9,36,No
40,Female,Bachelors,Rajshahi,9,135033,18517.17,83.88,14,25,0,5,56,1,7,4,21,No
40,Male,Bachelors,Khulna,6,129393,16209.3,78.38,21,13,1,4,35,3,5,3,48,Yes
51,Female,Bachelors,Khulna,6,81201,5017.86,90.22,23,4,4,5,50,1,5,3,1,No
28,Male,Masters,Rajshahi,1,56455,5284.01,92.36,24,4,2,3,11,1,10,9,31,No
43,Female,Masters,Chittagong,1,28423,1880.48,98.91,23,22,2,4,21,0,7,8,8,No
55,Male,Bachelors,Sylhet,1,78838,5363.95,86.73,7,16,2,1,90,3,8,1,40,No
48,Female,High School,Khulna,1,58702,6989.23,84.05,8,27,2,3,95,2,7,1,18,No
42,Male,Masters,Barisal,7,108860,16035.63,77.34,14,14,1,1,37,2,10,6,19,No
23,Male,Masters,Khulna,3,133885,24544.35,90.42,11,16,0,4,66,0,5,9,25,No
50,Male,Bachelors,Sylhet,8,39460,6438.18,83.23,6,10,2,5,82,3,1,6,32,No
23,Male,Masters,Barisal,5,121903,15784.7,90.07,24,18,4,3,17,2,10,7,19,No
46,Female,Bachelors,Barisal,12,98510,5887.75,78.38,14,2,4,2,99,3,10,10,44,Yes
52,Female,Masters,Sylhet,5,132246,23700.86,83.34,6,15,2,1,11,1,10,2,26,No
47,Male,Bachelors,Sylhet,2,108362,14770.66,88.15,10,24,1,2,31,2,5,5,4,No
36,Male,Masters,Dhaka,10,101306,18496.72,82.76,23,29,3,5,26,3,8,5,6,No
25,Male,PhD,Dhaka,10,107558,6355.34,75.79,18,12,2,3,73,1,1,4,35,No
48,Female,Masters,Rajshahi,7,123152,11225.45,82.54,17,17,2,3,20,1,3,3,4,No
36,Female,PhD,Barisal,12,116692,21833.55,77.63,9,1,3,3,76,1,5,3,24,No
37,Female,Bachelors,Chittagong,8,48882,3166.99,96.07,22,5,1,3,44,3,1,5,21,No
22,Male,Bachelors,Khulna,7,32002,5065.35,87.16,17,22,0,2,30,0,10,10,7,No
44,Female,Bachelors,Barisal,1,139150,17577.92,84.98,10,20,1,3,76,1,9,5,30,No
37,Male,Bachelors,Barisal,7,94788,9334.22,78.42,19,7,3,4,41,2,2,1,9,No
38,Male,Masters,Khulna,3,106604,9244.42,99.38,22,2,0,4,48,3,6,3,12,No
52,Female,Masters,Barisal,3,122439,11723.89,86.86,6,7,1,1,92,1,10,8,31,No
47,Male,Bachelors,Rajshahi,3,85324,8184.83,82.82,14,21,4,1,91,3,1,7,6,Yes
55,Male,Bachelors,Rajshahi,9,64441,11731.31,91.63,6,5,0,1,76,0,1,4,19,Yes
31,Male,Masters,Chittagong,9,113581,8221.98,80.6,18,20,1,4,83,0,10,10,26,No
34,Female,Masters,Dhaka,14,112244,16002.47,83.56,12,6,0,1,85,2,5,3,20,No
46,Other,Masters,Chittagong,11,123173,24013.81,76.17,18,20,3,3,11,3,10,6,16,No
42,Female,High School,Sylhet,14,133063,6688.37,88.03,10,18,0,5,66,2,9,8,36,No
39,Female,Masters,Rajshahi,3,96886,11275.07,96.82,14,16,1,3,81,2,10,6,8,No
52,Female,Masters,Barisal,3,40628,4916.68,85.95,7,17,1,3,62,1,10,6,29,No
23,Female,High School,Chittagong,2,18679,1210.49,89.88,12,9,4,4,56,0,4,10,41,Yes
52,Male,High School,Chittagong,2,98515,11211.72,92.11,17,22,4,1,58,2,9,9,17,No
34,Female,High School,Khulna,4,103453,9724.07,82.46,14,8,0,5,60,0,2,3,49,Yes
28,Female,High School,Dhaka,14,53948,8351.29,75.17,6,17,3,4,82,2,2,8,20,No
45,Male,PhD,Khulna,2,83344,7477.46,95.24,10,7,2,1,29,0,8,4,23,No
52,Female,Masters,Sylhet,2,24628,4915.87,77.5,13,11,4,2,19,1,6,5,25,No
54,Male,Bachelors,Chittagong,9,56742,6429.42,93.82,15,28,4,4,81,1,8,8,0,No
25,Female,PhD,Barisal,7,114435,11496.29,98.09,12,6,2,4,52,0,1,9,8,No
41,Female,High School,Chittagong,9,62435,4529.14,76.88,24,7,2,3,44,1,3,8,35,No
49,Female,Masters,Chittagong,3,86617,14883.17,95.57,7,1,1,3,24,1,5,7,44,Yes
26,Female,Masters,Sylhet,8,94097,16225.06,83.03,16,15,2,4,71,1,2,10,23,No
44,Male,Masters,Sylhet,11,69026,5976.02,86.52,12,13,0,3,80,2,5,5,28,No
30,Female,Bachelors,Dhaka,9,137376,13392.51,77.21,5,3,4,5,90,2,7,8,21,No
49,Female,Masters,Khulna,8,65486,7671.43,84.45,8,6,0,1,44,3,3,7,38,No
34,Male,Bachelors,Sylhet,9,50554,9734.71,85.39,20,11,0,5,99,2,5,5,13,No
49,Male,High School,Chittagong,8,125454,24561.74,89.37,19,9,0,2,52,3,8,3,49,Yes
38,Male,Bachelors,Dhaka,7,60676,7524.56,81.3,23,12,4,2,82,3,5,5,45,Yes
40,Female,Bachelors,Sylhet,7,25240,2666.54,94.72,14,3,0,4,50,0,8,5,29,No
50,Male,Masters,Rajshahi,1,137882,15487.51,97.28,7,25,3,3,55,3,1,9,38,No
22,Male,Bachelors,Sylhet,3,119996,15493.3,93.27,13,20,0,1,56,3,1,10,41,Yes
25,Male,Masters,Chittagong,2,144276,8003.8,88.8,9,8,3,3,90,0,5,10,49,Yes
30,Female,Masters,Dhaka,2,111560,7834.07,76.16,14,23,3,4,41,0,6,4,5,No
25,Male,Bachelors,Barisal,4,36040,4929.97,82.49,22,18,1,3,94,0,4,6,14,No
32,Female,Bachelors,Khulna,14,143990,9598.2,80.24,12,1,1,1,84,0,9,9,48,Yes
45,Male,High School,Rajshahi,13,63899,4940.09,84.28,13,22,2,5,40,2,3,5,0,No
24,Male,PhD,Dhaka,2,19357,3350.6,79.71,13,1,4,2,55,3,1,3,34,Yes
22,Male,Masters,Khulna,10,39357,5333.64,91.95,6,5,2,1,91,0,5,5,49,Yes
47,Male,Bachelors,Khulna,8,55895,4988.5,89.24,5,12,3,1,91,2,1,10,7,Yes
59,Male,Masters,Khulna,3,116049,10871.94,95.51,24,23,1,2,25,3,3,9,19,No
44,Male,Masters,Dhaka,5,137525,24574.38,85.59,7,22,2,3,57,3,1,1,16,No
31,Male,Bachelors,Dhaka,5,117810,8786.4,84.02,22,22,1,3,61,2,6,4,49,Yes
40,Male,Bachelors,Chittagong,10,45806,2828.66,78.45,19,21,0,1,83,2,7,6,45,Yes
32,Female,Bachelors,Sylhet,12,16813,3098.0,98.87,21,23,2,4,13,2,10,9,8,No
38,Male,Bachelors,Chittagong,1,116496,18832.92,92.77,11,12,2,3,38,1,8,10,22,No
40,Female,Masters,Chittagong,7,144295,26404.04,83.98,12,16,2,2,86,3,7,9,6,No
38,Female,High School,Rajshahi,9,24343,3215.87,96.02,9,27,1,4,18,1,4,9,23,No
47,Other,Masters,Sylhet,2,38928,6231.73,93.25,14,28,4,2,81,3,2,3,38,Yes
52,Female,Bachelors,Rajshahi,14,34267,6499.67,97.66,24,15,4,5,87,0,2,4,15,No
22,Female,Bachelors,Rajshahi,9,135787,23546.5,94.59,22,26,4,5,60,3,1,4,30,Yes
48,Female,Bachelors,Barisal,6,126888,23766.44,76.59,6,9,1,5,94,1,10,8,11,No
56,Female,Masters,Sylhet,4,26675,1675.31,93.09,11,19,0,5,25,3,2,7,29,No
37,Male,High School,Dhaka,8,68884,10865.31,91.52,15,24,4,4,20,2,9,7,3,No
38,Male,High School,Barisal,1,112973,21778.83,80.1,22,9,4,2,24,3,4,4,15,No
22,Male,Masters,Dhaka,8,80941,15114.14,95.25,15,8,3,4,31,0,8,7,41,Yes
30,Female,Bachelors,Khulna,12,79789,6576.43,90.58,23,15,0,4,11,2,10,2,2,No
42,Female,Masters,Barisal,13,65791,5484.32,89.75,15,24,0,3,97,2,3,4,36,No
32,Female,Bachelors,Sylhet,7,57919,7658.29,85.73,23,10,0,3,73,1,4,8,35,No
43,Male,Bachelors,Rajshahi,3,25972,1599.45,83.65,7,22,1,2,11,2,10,1,44,Yes
53,Female,Masters,Sylhet,12,134594,9812.86,85.31,13,26,0,1,10,1,1,8,2,Yes
27,Male,Masters,Rajshahi,14,106607,20419.81,75.31,23,17,2,2,11,2,4,1,39,No
54,Male,Masters,Rajshahi,7,28657,2239.9,86.33,9,16,3,3,52,2,9,3,31,No
29,Male,High School,Chittagong,10,46578,4142.99,87.94,17,4,4,2,43,2,10,9,21,No
49,Female,Masters,Barisal,8,136102,25635.51,91.0,21,27,1,5,57,1,6,9,32,No
24,Female,Bachelors,Chittagong,5,91043,11460.34,93.38,15,1,4,1,23,2,2,3,2,Yes
36,Male,Bachelors,Barisal,13,100078,10236.08,80.36,24,16,0,3,84,3,10,9,14,No
24,Male,High School,Barisal,4,48095,6716.17,99.68,24,14,0,3,68,1,2,8,6,No
58,Female,Masters,Dhaka,13,87491,5989.98,75.15,8,2,1,1,67,3,3,10,33,No
36,Male,High School,Barisal,9,84635,11387.05,77.57,7,20,3,2,31,2,5,1,10,No
56,Female,Bachelors,Sylhet,2,103432,7089.05,91.85,6,26,2,1,87,0,7,3,6,Yes
45,Male,Masters,Rajshahi,4,43754,7031.23,90.81,23,26,2,4,27,0,10,2,28,No
29,Male,Bachelors,Sylhet,10,120477,21899.47,85.19,10,2,0,3,69,3,3,6,40,No
45,Male,Masters,Chittagong,13,148404,17152.26,79.86,11,4,0,4,57,1,4,1,12,No
27,Other,Bachelors,Khulna,4,140896,8852.77,92.93,24,16,2,4,51,2,10,8,21,No
59,Female,Masters,Chittagong,7,76406,11254.93,80.77,9,20,4,1,45,3,2,8,19,Yes
38,Male,PhD,Rajshahi,10,145388,26527.88,86.3,13,14,2,4,92,1,6,10,32,No
27,Male,Bachelors,Khulna,12,55808,10670.93,90.53,13,29,0,3,58,2,3,6,0,No
32,Female,High School,Rajshahi,9,64583,6983.16,79.28,11,14,3,3,18,3,1,3,21,Yes
22,Male,Bachelors,Chittagong,9,30357,4075.94,85.91,21,16,3,2,28,0,3,2,39,No
35,Male,Bachelors,Khulna,8,60480,11123.96,99.08,20,13,1,3,17,0,4,2,26,No
47,Male,PhD,Barisal,4,92595,7021.59,83.0,17,23,0,4,33,0,3,6,26,No
49,Male,Masters,Dhaka,14,83459,4360.41,90.38,17,16,3,3,14,2,2,10,22,Yes
51,Female,Bachelors,Sylhet,9,105440,9312.58,98.61,11,25,1,1,13,2,6,4,48,Yes
34,Male,Masters,Sylhet,10,106240,7327.3,77.45,8,19,0,4,30,0,4,4,3,No
55,Female,Masters,Barisal,6,117429,16855.21,98.22,23,26,3,2,82,1,8,8,32,Yes
30,Female,PhD,Dhaka,11,87074,7828.46,75.34,23,4,3,4,67,3,9,5,28,No
27,Female,Bachelors,Rajshahi,1,144963,23301.16,91.16,16,24,0,4,24,1,6,7,37,No
35,Male,Bachelors,Sylhet,3,110749,6370.61,81.67,6,3,3,3,48,2,1,5,15,Yes
38,Female,High School,Barisal,12,47383,6511.83,95.44,10,24,4,5,80,1,10,8,13,No
50,Female,High School,Rajshahi,13,121137,11999.34,80.21,8,23,1,4,63,3,7,9,38,No
56,Male,PhD,Rajshahi,2,108189,9170.0,98.23,5,4,4,2,97,3,7,8,26,No
57,Female,PhD,Khulna,5,19796,2721.91,85.22,17,22,3,5,35,0,6,7,46,Yes
58,Male,High School,Chittagong,10,61723,8538.73,96.46,19,11,1,4,85,1,1,9,30,Yes
44,Female,Masters,Chittagong,4,71553,11088.45,95.94,10,5,3,3,94,2,6,6,12,No
47,Male,Masters,Barisal,9,68130,11001.0,92.89,20,5,4,3,61,0,10,9,35,No
33,Female,Bachelors,Barisal,8,48426,7891.21,89.3,7,28,0,2,41,1,5,1,17,Yes
53,Male,Bachelors,Khulna,5,110110,21115.56,87.33,24,29,2,3,22,1,4,9,28,No
25,Other,Bachelors,Sylhet,4,84224,8313.76,92.19,16,10,2,5,69,2,5,5,33,No
45,Male,PhD,Khulna,2,140466,12944.72,94.36,20,5,4,4,99,2,2,3,1,No
45,Male,Masters,Rajshahi,2,109966,9886.91,92.47,17,22,3,1,58,1,1,1,12,Yes
23,Male,Masters,Sylhet,14,54612,6465.49,92.69,11,18,3,5,13,1,7,2,4,No
39,Male,High School,Barisal,8,66172,11311.08,89.24,8,5,0,5,59,3,1,1,41,Yes
44,Male,Bachelors,Barisal,1,88241,17329.21,75.78,7,2,3,2,86,1,5,6,24,No
28,Male,Bachelors,Barisal,6,47941,3878.99,75.97,16,22,4,4,22,2,10,9,20,No
34,Male,Bachelors,Chittagong,2,68735,3656.26,94.72,8,11,4,5,12,3,4,10,19,No
32,Female,High School,Sylhet,10,87281,11213.39,83.15,12,10,3,4,55,2,6,7,13,No
37,Male,Bachelors,Sylhet,11,22909,2762.34,93.06,20,23,2,2,10,3,7,1,30,No
28,Male,Masters,Chittagong,5,77860,7987.08,94.75,9,4,1,1,50,0,3,5,31,No
40,Male,Bachelors,Chittagong,1,36259,2462.34,88.51,24,13,1,4,85,0,1,1,12,Yes
58,Male,Bachelors,Rajshahi,13,145907,12585.6,75.04,8,3,2,3,59,0,5,2,46,Yes
47,Male,High School,Dhaka,1,29497,2855.72,77.79,6,7,2,3,90,0,9,5,5,No
22,Female,Bachelors,Chittagong,5,67364,3777.35,75.67,6,7,0,4,66,1,5,3,20,No
28,Male,Bachelors,Dhaka,10,47965,4190.48,90.02,15,14,2,5,38,1,8,2,9,No
42,Female,High School,Sylhet,7,18382,2598.33,82.42,16,12,2,4,69,3,10,6,32,No
23,Male,Bachelors,Sylhet,8,63766,8569.46,87.14,17,27,2,4,26,0,7,8,45,Yes
59,Male,Masters,Sylhet,8,97675,11505.18,99.25,5,27,3,4,38,0,4,10,18,No
49,Female,Bachelors,Rajshahi,3,28056,5588.7,75.54,10,12,3,1,12,0,6,10,8,No
50,Male,Masters,Dhaka,5,85736,11317.55,97.63,20,9,3,1,87,3,1,5,36,Yes
39,Male,High School,Chittagong,9,66577,6182.7,93.34,6,6,1,5,80,3,8,6,37,No
28,Male,Bachelors,Barisal,11,15771,1162.12,82.36,13,6,4,3,48,2,6,6,5,No
41,Male,Bachelors,Khulna,6,57933,8223.4,95.87,19,23,2,4,68,2,5,2,0,No
26,Female,Masters,Khulna,13,40737,2300.84,77.26,14,3,2,4,46,2,9,9,38,No
24,Female,Bachelors,Chittagong,8,19737,1820.8,82.84,11,29,0,3,71,1,7,9,41,Yes
48,Female,Masters,Khulna,1,119357,15119.81,99.7,9,18,3,1,33,0,6,8,48,Yes
52,Female,Bachelors,Barisal,11,16379,3007.01,77.82,18,19,3,3,14,2,9,10,9,No
23,Male,Bachelors,Dhaka,3,131983,11222.32,82.24,14,28,4,2,79,3,4,2,48,Yes
43,Female,High School,Barisal,2,147944,21574.38,85.94,24,19,4,3,90,1,3,9,48,Yes
48,Male,Bachelors,Rajshahi,11,29694,3578.23,85.32,19,28,1,1,74,1,1,3,25,Yes
44,Female,Masters,Sylhet,13,96899,6889.08,91.17,22,24,3,1,51,3,1,5,36,Yes
39,Female,High School,Rajshahi,14,61938,6258.67,97.64,22,1,4,1,68,1,10,5,18,No
39,Male,Bachelors,Khulna,12,103905,8634.46,82.6,20,24,3,2,25,0,8,9,11,No
58,Female,Bachelors,Dhaka,14,93011,9295.77,81.88,20,26,2,5,51,3,10,2,11,No
46,Male,PhD,Khulna,11,128214,10901.4,89.88,10,15,3,2,66,0,2,10,0,Yes
46,Male,Bachelors,Dhaka,14,65334,7048.59,96.9,5,27,2,2,56,3,3,3,40,Yes
37,Male,Bachelors,Dhaka,2,55861,4209.56,87.4,15,15,1,1,60,3,1,9,32,Yes
52,Female,Bachelors,Barisal,11,101894,9575.19,88.5,17,13,2,3,74,2,3,1,39,No
39,Male,Masters,Khulna,9,69391,8393.78,88.84,21,16,3,1,58,0,7,5,28,No
57,Female,Masters,Rajshahi,3,41911,4481.34,77.61,11,20,3,4,20,2,2,2,5,Yes
38,Female,Bachelors,Chittagong,12,114134,8313.67,89.52,13,8,3,1,17,0,8,6,13,No
48,Female,Bachelors,Chittagong,5,82403,15162.56,97.73,14,20,1,5,43,2,9,9,8,No
55,Male,Bachelors,Khulna,4,103372,5576.52,87.92,6,6,3,1,81,0,4,6,13,No
51,Male,Bachelors,Khulna,1,149345,12428.2,79.17,21,10,2,3,44,2,9,1,22,No
53,Male,Bachelors,Chittagong,8,143439,7986.99,96.85,18,20,0,1,98,2,8,8,37,No
25,Male,Bachelors,Rajshahi,11,21580,1728.91,97.65,20,5,3,5,41,0,10,10,47,Yes
27,Female,Bachelors,Khulna,7,27073,2875.05,89.77,21,21,3,3,92,0,1,9,20,Yes
31,Male,Bachelors,Dhaka,7,108452,12659.44,86.42,10,28,3,4,85,2,10,6,12,No
30,Male,Bachelors,Sylhet,12,84681,12128.58,78.76,10,16,4,4,59,2,6,7,34,No
53,Male,Bachelors,Barisal,13,30779,3043.58,82.87,8,4,1,2,63,1,1,4,18,Yes
49,Female,Bachelors,Chittagong,8,148073,25629.46,82.37,18,21,1,3,61,2,5,10,12,No
54,Female,Bachelors,Chittagong,11,104354,7250.53,76.81,10,5,3,4,61,3,1,3,18,Yes
35,Male,High School,Sylhet,1,124027,9288.6,82.46,20,17,3,4,52,1,6,9,8,No
34,Male,Bachelors,Sylhet,14,120100,15916.1,85.95,13,14,4,5,83,2,3,2,11,No
43,Other,Masters,Chittagong,3,52452,9566.44,80.18,22,18,4,1,59,2,4,1,49,Yes
52,Male,Bachelors,Rajshahi,8,117244,23196.42,94.69,13,23,1,4,46,1,5,1,39,No
49,Female,Masters,Barisal,12,34699,3062.24,93.33,20,4,2,5,40,3,8,7,40,No
28,Male,Bachelors,Dhaka,3,129150,19425.05,78.66,13,1,4,2,47,2,9,6,15,No
24,Male,Bachelors,Rajshahi,9,28697,2174.46,91.13,23,12,4,5,66,3,1,7,21,Yes
25,Female,Bachelors,Barisal,10,87374,16980.05,78.5,13,20,3,4,22,3,6,1,7,No
28,Male,Bachelors,Rajshahi,9,56735,3633.84,79.69,13,23,2,4,98,3,6,4,33,No
43,Female,High School,Rajshahi,4,29064,2249.97,79.62,13,23,2,5,45,3,5,8,25,No
24,Male,Bachelors,Chittagong,13,105735,11345.92,81.97,17,11,0,3,95,1,5,6,3,No
39,Female,High School,Barisal,12,137651,22890.35,84.61,13,15,1,1,29,3,3,6,23,No
45,Male,High School,Dhaka,12,81798,5518.51,96.74,24,5,3,4,37,3,7,7,24,No
51,Male,Masters,Sylhet,2,112605,15867.62,89.36,20,12,0,4,71,0,6,9,13,No
43,Female,Bachelors,Chittagong,11,55674,8372.22,78.59,13,19,1,4,87,3,1,6,31,Yes
46,Male,PhD,Khulna,11,60518,4816.12,88.1,17,25,1,2,99,2,10,4,35,No
36,Male,Masters,Sylhet,10,43784,2818.4,84.01,16,20,2,1,17,2,1,8,32,Yes
59,Female,High School,Khulna,2,56821,5666.14,78.1,20,20,3,5,53,3,3,2,29,No
52,Male,Bachelors,Dhaka,10,102213,11828.81,76.19,21,10,4,1,12,2,8,10,23,No
33,Female,Masters,Rajshahi,7,97651,12390.35,75.74,22,27,1,4,32,0,9,2,44,Yes
34,Other,Bachelors,Rajshahi,6,57552,6051.07,87.45,8,19,1,5,19,3,1,9,49,Yes
37,Male,Masters,Chittagong,3,135581,20573.74,94.39,9,15,2,1,16,0,7,4,40,No
32,Female,Bachelors,Sylhet,14,93042,12336.7,76.24,13,17,2,3,89,0,2,6,41,Yes
48,Female,Bachelors,Khulna,3,139207,25314.07,98.42,9,1,2,3,36,3,10,3,20,No
38,Female,Masters,Rajshahi,14,71214,10180.42,79.52,22,2,3,5,69,0,6,9,0,No
22,Female,Bachelors,Sylhet,6,109835,10604.02,87.03,5,5,2,2,54,3,6,2,13,No
53,Male,High School,Chittagong,4,44454,7857.41,99.11,22,10,1,3,97,2,9,8,40,No
46,Female,Bachelors,Khulna,2,47504,5706.13,87.81,5,1,0,5,19,3,1,3,43,Yes
42,Other,PhD,Sylhet,10,99821,8212.18,99.11,18,16,1,5,69,0,7,9,1,No
41,Other,PhD,Khulna,9,135618,26200.39,88.41,9,11,3,1,78,2,3,2,11,No
35,Male,High School,Sylhet,4,82001,10727.24,84.72,19,15,4,3,17,2,1,5,18,Yes
49,Male,High School,Sylhet,14,110805,13304.76,96.73,8,4,0,1,88,0,8,1,33,No
58,Male,Bachelors,Sylhet,11,19788,2835.8,84.83,13,11,0,2,66,1,9,9,23,Yes
55,Male,Masters,Chittagong,1,117998,18844.85,88.23,9,17,4,4,96,1,8,2,25,No
37,Male,Bachelors,Chittagong,7,122835,17695.51,93.15,22,19,4,2,22,2,9,5,4,No
36,Female,Masters,Barisal,2,110764,11483.63,86.05,12,23,4,2,91,0,4,4,1,No
26,Female,Bachelors,Khulna,3,103909,20147.92,91.85,6,16,3,4,69,3,9,7,33,No
31,Female,Bachelors,Rajshahi,11,143072,27143.56,81.87,10,21,3,2,11,3,4,2,0,No
26,Male,Bachelors,Rajshahi,2,57333,11128.83,81.95,10,16,1,4,11,2,7,4,7,No
35,Female,Bachelors,Rajshahi,4,47983,4112.06,80.63,18,2,1,1,11,3,10,8,30,No
47,Male,Bachelors,Barisal,3,21644,4170.48,98.97,6,17,3,3,50,0,6,5,7,No
52,Male,Bachelors,Chittagong,6,97503,16903.51,95.18,18,22,0,1,92,3,9,9,4,No
41,Female,Masters,Chittagong,1,41621,6863.1,95.56,5,27,0,3,92,1,10,3,12,No
36,Female,Masters,Barisal,7,86495,8931.09,89.49,6,9,4,1,36,1,3,7,1,No
51,Female,Bachelors,Barisal,8,127785,18983.67,76.93,15,14,1,4,10,1,7,10,42,Yes
28,Other,High School,Chittagong,5,46353,7181.88,80.66,8,28,2,1,30,2,7,3,12,Yes
29,Other,Bachelors,Khulna,4,89865,7105.5,82.91,7,24,0,2,81,3,6,7,3,No
57,Male,Bachelors,Sylhet,7,94341,14187.41,94.56,12,22,3,2,57,2,10,5,2,No
42,Female,PhD,Rajshahi,12,128592,17675.82,90.33,18,11,0,2,36,0,1,7,31,Yes
36,Male,Bachelors,Barisal,3,77146,5807.4,80.67,8,25,2,1,73,0,1,3,29,Yes
34,Male,Bachelors,Khulna,4,62267,7777.92,75.43,12,5,0,1,44,1,9,2,35,No
45,Male,Bachelors,Barisal,11,129522,9543.81,86.07,12,7,4,2,32,3,3,6,24,No
51,Male,High School,Sylhet,2,89443,11949.68,83.82,8,23,1,2,37,2,3,6,9,No
29,Male,PhD,Sylhet,9,25271,1986.73,91.64,17,21,0,3,96,0,8,6,2,No
51,Female,Bachelors,Khulna,14,122985,7335.94,96.75,20,22,0,3,45,1,7,7,34,No
25,Female,Bachelors,Dhaka,3,102749,7707.75,81.69,22,11,2,5,74,1,6,7,25,No
26,Male,Bachelors,Dhaka,13,128394,9887.68,90.16,10,4,4,1,25,1,3,8,9,No
54,Male,Masters,Sylhet,4,83051,11843.78,94.88,22,29,0,2,82,0,6,2,14,Yes
35,Male,Masters,Chittagong,9,71923,7080.77,90.16,18,4,3,5,38,1,4,1,22,No
50,Female,Bachelors,Khulna,5,69316,3523.14,91.68,14,16,4,4,11,2,6,3,32,No
44,Female,Masters,Khulna,14,125154,20554.54,96.86,19,3,2,2,82,0,6,3,25,No
37,Male,Bachelors,Dhaka,5,140390,22008.42,90.41,21,14,0,2,28,1,1,9,23,Yes
48,Female,High School,Dhaka,6,47207,8195.22,96.48,17,5,3,1,53,1,6,6,38,No
40,Female,Bachelors,Chittagong,5,66876,9082.36,79.26,13,16,3,5,65,2,3,10,39,No
29,Male,Masters,Rajshahi,1,60792,6664.43,85.84,17,23,0,4,85,0,10,2,34,No
27,Male,Bachelors,Chittagong,7,93535,8378.72,91.56,7,1,1,2,85,2,10,2,14,No
46,Female,Bachelors,Sylhet,7,60110,8180.27,97.05,24,2,0,1,38,2,6,8,7,No
57,Male,High School,Rajshahi,12,102869,9998.26,83.19,12,18,1,2,12,3,8,2,41,Yes
40,Male,High School,Khulna,13,130577,25245.62,81.44,9,18,0,1,45,0,8,8,17,No
59,Male,Masters,Chittagong,6,48188,8411.51,94.75,8,24,2,2,21,3,1,1,41,Yes
43,Female,Bachelors,Chittagong,6,127767,8346.29,93.56,24,5,4,3,75,0,9,1,18,No
28,Male,Masters,Sylhet,13,144826,24931.4,96.06,6,2,4,1,53,2,1,2,12,Yes
24,Female,Bachelors,Sylhet,11,65531,6287.9,82.44,10,23,3,4,34,0,9,1,40,No
36,Female,High School,Rajshahi,13,129570,12253.76,90.26,17,1,0,1,31,0,5,3,36,No
40,Female,Bachelors,Khulna,14,39825,4273.75,94.43,24,24,2,2,54,2,7,4,48,Yes
53,Male,Masters,Dhaka,5,119821,19570.68,80.64,21,8,4,2,22,2,7,8,35,No
42,Female,High School,Khulna,7,81462,10126.37,90.7,10,12,0,5,70,2,6,9,26,No
29,Female,Bachelors,Chittagong,11,63063,10576.9,75.5,6,2,2,1,33,1,4,10,19,No
38,Female,PhD,Sylhet,4,138858,10309.69,78.16,11,23,3,5,45,2,9,5,24,No
34,Female,Masters,Khulna,13,147368,18145.19,87.77,18,14,3,1,58,3,9,3,10,No
38,Female,Bachelors,Chittagong,6,41796,8285.72,82.87,6,3,3,2,42,1,10,1,33,No
57,Female,Bachelors,Chittagong,7,20464,1191.63,78.81,10,10,1,4,30,1,4,1,33,No
53,Male,PhD,Sylhet,14,130106,8859.55,87.92,24,11,1,4,50,0,3,6,19,No
23,Male,Bachelors,Sylhet,10,113330,14296.49,81.34,18,13,3,1,69,0,5,2,1,No
25,Other,Masters,Khulna,3,47119,8827.12,86.77,10,11,1,2,14,2,2,9,25,Yes
36,Other,Bachelors,Barisal,10,32440,5618.61,94.3,12,11,0,3,37,3,1,8,17,Yes
45,Female,Masters,Dhaka,14,55760,4406.17,75.35,23,2,3,3,60,0,1,9,25,Yes
24,Female,Bachelors,Rajshahi,14,118839,10746.96,79.05,7,25,2,1,52,2,4,6,2,No
54,Male,Masters,Barisal,14,18362,3161.33,80.39,17,11,4,1,63,0,5,6,36,Yes
38,Female,Masters,Dhaka,4,20901,2003.05,89.43,23,26,4,1,52,3,7,4,0,Yes
41,Female,Bachelors,Rajshahi,14,44805,7144.14,82.3,13,26,0,3,66,0,1,10,10,Yes
50,Male,Bachelors,Sylhet,9,147918,9884.43,80.9,22,20,2,3,86,2,4,5,13,No
53,Female,Masters,Dhaka,13,79451,11500.95,87.49,8,6,0,2,56,3,3,8,30,No
45,Male,Bachelors,Barisal,5,49655,3398.48,99.67,15,15,4,3,81,3,9,2,1,No
34,Male,Masters,Chittagong,10,140266,13456.71,93.87,8,26,3,1,53,1,2,5,29,Yes
48,Male,Bachelors,Dhaka,6,47676,5773.03,99.6,8,27,3,4,81,1,6,5,4,No
40,Male,Bachelors,Rajshahi,12,20552,1213.27,88.8,20,22,0,5,52,0,9,3,43,Yes
51,Male,Bachelors,Rajshahi,14,62628,10274.26,82.16,6,25,0,4,56,0,7,10,15,No
36,Male,High School,Barisal,12,69848,8702.57,87.49,6,1,1,5,99,2,4,6,31,No
44,Female,High School,Khulna,4,121916,16337.46,86.68,22,20,1,5,87,3,2,9,46,Yes
56,Male,Masters,Barisal,9,73142,14504.72,88.82,24,26,3,2,83,3,7,2,10,Yes
35,Male,High School,Chittagong,2,59656,10006.16,75.07,17,11,2,1,91,3,7,1,32,No
23,Female,Masters,Sylhet,9,34884,4138.34,94.53,20,7,1,5,75,0,6,6,1,No
